theta,E_vac
0.0,3.967422438472583e-07
0.0030679615757712823,3.967422438472583e-07
0.006135923151542565,3.967422438472583e-07
0.009203884727313847,3.967422438472583e-07
0.01227184630308513,3.967422438472583e-07
0.015339807878856412,3.967422438472583e-07
0.018407769454627694,3.967422438472583e-07
0.021475731030398976,3.967422438472583e-07
0.02454369260617026,3.967422438472583e-07
0.02761165418194154,3.967422438472583e-07
0.030679615757712823,3.967422438472583e-07
0.0337475773334841,3.967422438472583e-07
0.03681553890925539,3.967422438472583e-07
0.039883500485026674,3.967422438472583e-07
0.04295146206079795,3.967422438472583e-07
0.04601942363656923,3.967422438472583e-07
0.04908738521234052,3.967422438472583e-07
0.0521553467881118,3.967422438472583e-07
0.05522330836388308,3.967422438472583e-07
0.05829126993965436,3.967422438472583e-07
0.06135923151542565,3.967422438472583e-07
0.06442719309119693,3.967422438472583e-07
0.0674951546669682,3.967422438472583e-07
0.07056311624273949,3.967422438472583e-07
0.07363107781851078,3.967422438472583e-07
0.07669903939428206,3.967422438472583e-07
0.07976700097005335,3.967422438472583e-07
0.08283496254582462,3.967422438472583e-07
0.0859029241215959,3.967422438472583e-07
0.08897088569736719,3.967422438472583e-07
0.09203884727313846,3.967422438472583e-07
0.09510680884890975,3.967422438472583e-07
0.09817477042468103,3.967422438472583e-07
0.10124273200045232,3.967422438472583e-07
0.1043106935762236,3.967422438472583e-07
0.10737865515199488,3.967422438472583e-07
0.11044661672776616,3.967422438472583e-07
0.11351457830353745,3.967422438472583e-07
0.11658253987930872,3.967422438472583e-07
0.11965050145508001,3.967422438472583e-07
0.1227184630308513,3.967422438472583e-07
0.12578642460662257,3.967422438472583e-07
0.12885438618239387,3.967422438472583e-07
0.13192234775816514,3.967422438472583e-07
0.1349903093339364,3.967422438472583e-07
0.1380582709097077,3.967422438472583e-07
0.14112623248547898,3.967422438472583e-07
0.14419419406125028,3.967422438472583e-07
0.14726215563702155,3.967422438472583e-07
0.15033011721279282,3.967422438472583e-07
0.15339807878856412,3.967422438472583e-07
0.1564660403643354,3.967422438472583e-07
0.1595340019401067,3.967422438472583e-07
0.16260196351587797,3.967422438472583e-07
0.16566992509164924,3.967422438472583e-07
0.16873788666742054,3.967422438472583e-07
0.1718058482431918,3.967422438472583e-07
0.17487380981896308,4.0192701751658727e-07
0.17794177139473438,4.1216181834551245e-07
0.18100973297050565,4.2258579414308855e-07
0.18407769454627693,4.3320069722254613e-07
0.18714565612204823,4.440082641431273e-07
0.1902136176978195,4.5501021515947744e-07
0.1932815792735908,4.6620825367328934e-07
0.19634954084936207,4.776040656873052e-07
0.19941750242513334,4.891993192618842e-07
0.20248546400090464,5.009956639742774e-07
0.2055534255766759,5.1299473038075e-07
0.2086213871524472,5.251981294817196e-07
0.21168934872821848,5.376074521901066e-07
0.21475731030398976,5.502242688029418e-07
0.21782527187976106,5.630501284765437e-07
0.22089323345553233,5.760865587052597e-07
0.2239611950313036,5.893350648040315e-07
0.2270291566070749,6.027971293949117e-07
0.23009711818284617,6.164742118976299e-07
0.23316507975861744,6.303677480244296e-07
0.23623304133438874,6.444791492792982e-07
0.23930100291016002,6.588098024617088e-07
0.24236896448593132,6.733610691750469e-07
0.2454369260617026,6.881342853398995e-07
0.24850488763747386,7.031307607122302e-07
0.25157284921324513,7.183517784067663e-07
0.25464081078901646,7.337985944255637e-07
0.25770877236478773,7.494724371919619e-07
0.260776733940559,7.653745070901315e-07
0.2638446955163303,7.815059760102103e-07
0.26691265709210155,7.978679868992606e-07
0.2699806186678728,8.144616533181875e-07
0.27304858024364415,8.312880590046734e-07
0.2761165418194154,8.483482574423252e-07
0.2791845033951867,8.65643271436162e-07
0.28225246497095796,8.831740926944794e-07
0.28532042654672923,9.009416814173804e-07
0.28838838812250056,9.18946965891914e-07
0.29145634969827183,9.371908420940455e-07
0.2945243112740431,9.55674173297621e-07
0.2975922728498144,9.74397789690293e-07
0.30066023442558565,9.933624879966379e-07
0.303728196001357,1.0125690311085897e-06
0.30679615757712825,1.032018147723215e-06
0.3098641191528995,1.0517105319879703e-06
0.3129320807286708,1.0716468431536582e-06
0.31600004230444206,1.0918277052349308e-06
0.3190680038802134,1.1122537066787782e-06
0.32213596545598466,1.1329254000407863e-06
0.32520392703175593,1.1538433016694755e-06
0.3282718886075272,1.1750078913987354e-06
0.3313398501832985,1.1964196122484446e-06
0.33440781175906975,1.2180788701333611e-06
0.3374757733348411,1.239986033580431e-06
0.34054373491061235,1.262141433454563e-06
0.3436116964863836,1.2845453626928604e-06
0.3466796580621549,1.3071980760476496e-06
0.34974761963792617,1.3300997898380222e-06
0.3528155812136975,1.3532506817103542e-06
0.35588354278946877,1.3766508904075355e-06
0.35895150436524004,1.400300515547213e-06
0.3620194659410113,1.424199617409041e-06
0.3650874275167826,1.448348216730932e-06
0.36815538909255385,1.472746294514528e-06
0.3712233506683252,1.4973937918398068e-06
0.37429131224409645,1.5222906096889969e-06
0.3773592738198677,1.5474366087797127e-06
0.380427235395639,1.5728316094076206e-06
0.38349519697141027,1.598475391298292e-06
0.3865631585471816,1.6243676934687841e-06
0.38963112012295287,1.6505082140985161e-06
0.39269908169872414,1.6768966104098248e-06
0.3957670432744954,1.7035324985580912e-06
0.3988350048502667,1.7304154535314791e-06
0.401902966426038,1.7575450090603873e-06
0.4049709280018093,1.784920657536542e-06
0.40803888957758055,1.8125418499419516e-06
0.4111068511533518,1.8404079957874102e-06
0.4141748127291231,1.8685184630610856e-06
0.4172427743048944,1.8968725781865646e-06
0.4203107358806657,1.9254696259910792e-06
0.42337869745643697,1.9543088496833204e-06
0.42644665903220824,1.9833894508411994e-06
0.4295146206079795,2.012710589409531e-06
0.4325825821837508,2.0422713837075067e-06
0.4356505437595221,2.0720709104461244e-06
0.4387185053352934,2.1021082047554342e-06
0.44178646691106466,2.132382260221763e-06
0.44485442848683593,2.1628920289346843e-06
0.4479223900626072,2.193636421544095e-06
0.45099035163837853,2.2246143073268363e-06
0.4540583132141498,2.2558245142635508e-06
0.45712627478992107,2.2872658291250646e-06
0.46019423636569234,2.3189369975687807e-06
0.4632621979414636,2.350836724244826e-06
0.4663301595172349,2.3829636729119993e-06
0.4693981210930062,2.415316466563506e-06
0.4724660826687775,2.4478936875623227e-06
0.47553404424454876,2.4806938777864984e-06
0.47860200582032003,2.5137155387837837e-06
0.4816699673960913,2.5469571319363546e-06
0.48473792897186263,2.5804170786346223e-06
0.4878058905476339,2.6140937604611166e-06
0.4908738521234052,2.64798551938348e-06
0.49394181369917645,2.68209065795715e-06
0.4970097752749477,2.7164074395374504e-06
0.500077736850719,2.7509340885009783e-06
0.5031456984264903,2.785668790476385e-06
0.5062136600022615,2.820609692584388e-06
0.5092816215780329,2.855754903687016e-06
0.5123495831538042,2.891102494645982e-06
0.5154175447295755,2.926650498590115e-06
0.5184855063053467,2.962396911191873e-06
0.521553467881118,2.99833969095278e-06
0.5246214294568893,3.0344767594976865e-06
0.5276893910326605,3.0708060018779344e-06
0.5307573526084318,3.1073252668831676e-06
0.5338253141842031,3.144032367361848e-06
0.5368932757599744,3.1809250805503332e-06
0.5399612373357456,3.2180011484103848e-06
0.543029198911517,3.2552582779752176e-06
0.5460971604872883,3.2926941417037477e-06
0.5491651220630596,3.330306377843082e-06
0.5522330836388308,3.3680925907992192e-06
0.5553010452146021,3.4060503515157485e-06
0.5583690067903734,3.444177197860469e-06
0.5614369683661447,3.4824706350199468e-06
0.5645049299419159,3.520928135901729e-06
0.5675728915176872,3.559547141544288e-06
0.5706408530934585,3.598325061534488e-06
0.5737088146692298,3.6372592744324207e-06
0.5767767762450011,3.6763471282037293e-06
0.5798447378207724,3.7155859406590283e-06
0.5829126993965437,3.754972999900485e-06
0.5859806609723149,3.7945055647753648e-06
0.5890486225480862,3.834180865336602e-06
0.5921165841238575,3.873996103309893e-06
0.5951845456996288,3.913948452567683e-06
0.5982525072754,3.954035059609541e-06
0.6013204688511713,3.994253044049014e-06
0.6043884304269426,4.034599499106696e-06
0.607456392002714,4.075071492109502e-06
0.6105243535784852,4.115666064996041e-06
0.6135923151542565,4.156380234827757e-06
0.6166602767300278,4.197210994305951e-06
0.619728238305799,4.2381553122943965e-06
0.6227961998815703,4.279210134347526e-06
0.6258641614573416,4.320372383243923e-06
0.6289321230331129,4.36163895952513e-06
0.6320000846088841,4.4030067420395e-06
0.6350680461846554,4.444472588491113e-06
0.6381360077604268,4.486033335993427e-06
0.641203969336198,4.527685801627586e-06
0.6442719309119693,4.569426783005549e-06
0.6473398924877406,4.61125305883727e-06
0.6504078540635119,4.653161389502387e-06
0.6534758156392831,4.695148517625938e-06
0.6565437772150544,4.737211168658167e-06
0.6596117387908257,4.779346051457917e-06
0.662679700366597,4.821549858880057e-06
0.6657476619423682,4.863819268366173e-06
0.6688156235181395,4.9061509425387424e-06
0.6718835850939109,4.948541529798611e-06
0.6749515466696822,4.9909876649254355e-06
0.6780195082454534,5.0334859696812555e-06
0.6810874698212247,5.076033053416654e-06
0.684155431396996,5.118625513679704e-06
0.6872233929727672,5.161259936827374e-06
0.6902913545485385,5.203932898639225e-06
0.6933593161243098,5.246640964933403e-06
0.6964272777000811,5.289380692184483e-06
0.6994952392758523,5.332148628143471e-06
0.7025632008516236,5.3749413124591875e-06
0.705631162427395,5.417755277301584e-06
0.7086991240031663,5.460587047986177e-06
0.7117670855789375,5.5034331435999926e-06
0.7148350471547088,5.546290077628415e-06
0.7179030087304801,5.589154358583172e-06
0.7209709703062513,5.632022490630997e-06
0.7240389318820226,5.674890974223063e-06
0.7271068934577939,5.717756306724775e-06
0.7301748550335652,5.760614983046029e-06
0.7332428166093364,5.803463496271613e-06
0.7363107781851077,5.846298338291657e-06
0.7393787397608791,5.8891160004319255e-06
0.7424467013366504,5.931912974083893e-06
0.7455146629124216,5.974685751334442e-06
0.7485826244881929,6.017430825594871e-06
0.7516505860639642,6.060144692229265e-06
0.7547185476397354,6.102823849181959e-06
0.7577865092155067,6.145464797604064e-06
0.760854470791278,6.188064042478638e-06
0.7639224323670493,6.230618093244704e-06
0.7669903939428205,6.273123464419797e-06
0.7700583555185919,6.315576676220698e-06
0.7731263170943632,6.35797425518261e-06
0.7761942786701345,6.400312734776387e-06
0.7792622402459057,6.442588656023627e-06
0.782330201821677,6.48479856810957e-06
0.7853981633974483,6.526939028993756e-06
0.7884661249732196,6.569006606017999e-06
0.7915340865489908,6.610997876512044e-06
0.7946020481247621,6.652909428396055e-06
0.7976700097005334,6.694737860780556e-06
0.8007379712763046,6.7364797845630365e-06
0.803805932852076,6.778131823021623e-06
0.8068738944278473,6.819690612405164e-06
0.8099418560036186,6.861152802520095e-06
0.8130098175793898,6.902515057313597e-06
0.8160777791551611,6.94377405545296e-06
0.8191457407309324,6.984926490901253e-06
0.8222137023067037,7.025969073488874e-06
0.8252816638824749,7.066898529481082e-06
0.8283496254582462,7.107711602141134e-06
0.8314175870340175,7.148405052289285e-06
0.8344855486097889,7.1889756588571115e-06
0.8375535101855601,7.22942021943721e-06
0.8406214717613314,7.2697355508283224e-06
0.8436894333371027,7.309918489575435e-06
0.8467573949128739,7.3499658925050056e-06
0.8498253564886452,7.389874637255073e-06
0.8528933180644165,7.429641622800117e-06
0.8559612796401878,7.469263769970587e-06
0.859029241215959,7.508738021967249e-06
0.8620972027917303,7.548061344869524e-06
0.8651651643675016,7.587230728138632e-06
0.868233125943273,7.626243185114745e-06
0.8713010875190442,7.665095753508267e-06
0.8743690490948155,7.70378549588536e-06
0.8774370106705868,7.74230950014706e-06
0.880504972246358,7.78066488000267e-06
0.8835729338221293,7.818848775436476e-06
0.8866408953979006,7.856858353168408e-06
0.8897088569736719,7.894690807108077e-06
0.8927768185494431,7.932343358802456e-06
0.8958447801252144,7.969813257876682e-06
0.8989127417009857,8.007097782468417e-06
0.9019807032767571,8.044194239655242e-06
0.9050486648525283,8.081099965875251e-06
0.9081166264282996,8.11781232734058e-06
0.9111845880040709,8.154328720444037e-06
0.9142525495798421,8.190646572158592e-06
0.9173205111556134,8.22676334042963e-06
0.9203884727313847,8.262676514559817e-06
0.923456434307156,8.298383615586963e-06
0.9265243958829272,8.333882196654278e-06
0.9295923574586985,8.369169843372997e-06
0.9326603190344698,8.404244174177935e-06
0.9357282806102412,8.43910284067505e-06
0.9387962421860124,8.473743527981448e-06
0.9418642037617837,8.508163955057866e-06
0.944932165337555,8.54236187503312e-06
0.9480001269133262,8.576335075521041e-06
0.9510680884890975,8.610081378929281e-06
0.9541360500648688,8.643598642760345e-06
0.9572040116406401,8.676884759904632e-06
0.9602719732164113,8.709937658925667e-06
0.9633399347921826,8.742755304336804e-06
0.966407896367954,8.775335696870489e-06
0.9694758579437253,8.807676873738928e-06
0.9725438195194965,8.839776908886789e-06
0.9756117810952678,8.87163391323578e-06
0.9786797426710391,8.903246034920813e-06
0.9817477042468103,8.934611459518263e-06
0.9848156658225816,8.965728410265618e-06
0.9878836273983529,8.996595148273027e-06
0.9909515889741242,9.027209972726577e-06
0.9940195505498954,9.057571221083146e-06
0.9970875121256667,9.08767726925694e-06
1.000155473701438,9.117526531797804e-06
1.0032234352772094,9.147117462060951e-06
1.0062913968529805,9.176448552368464e-06
1.009359358428752,9.205518334162563e-06
1.012427320004523,9.234325378149956e-06
1.0154952815802945,9.262868294438595e-06
1.0185632431560658,9.291145732665357e-06
1.021631204731837,9.319156382115687e-06
1.0246991663076084,9.3468989718347e-06
1.0277671278833795,9.374372270730312e-06
1.030835089459151,9.401575087667263e-06
1.033903051034922,9.42850627155355e-06
1.0369710126106935,9.455164711418102e-06
1.0400389741864646,9.481549336480172e-06
1.043106935762236,9.507659116210605e-06
1.0461748973380072,9.53349306038455e-06
1.0492428589137786,9.559050219126234e-06
1.05231082048955,9.584329682945208e-06
1.055378782065321,9.609330582764556e-06
1.0584467436410925,9.634052089940779e-06
1.0615147052168636,9.658493416275834e-06
1.064582666792635,9.682653814020454e-06
1.0676506283684062,9.706532575870154e-06
1.0707185899441776,9.730129034952555e-06
1.0737865515199487,9.75344256480692e-06
1.0768545130957201,9.776472579356016e-06
1.0799224746714913,9.799218532869196e-06
1.0829904362472627,9.821679919918857e-06
1.086058397823034,9.84385627532782e-06
1.0891263593988052,9.865747174109662e-06
1.0921943209745766,9.887352231401102e-06
1.0952622825503477,9.908671102386811e-06
1.0983302441261191,9.92970348221619e-06
1.1013982057018903,9.950449105913101e-06
1.1044661672776617,9.970907748277768e-06
1.1075341288534328,9.991079223781167e-06
1.1106020904292042,1.0010963386452362e-05
1.1136700520049756,1.0030560129757866e-05
1.1167380135807468,1.004986938647446e-05
1.1198059751565181,1.0068891128554316e-05
1.1228739367322893,1.0087625366983118e-05
1.1259418983080607,1.0106072151630966e-05
1.1290098598838318,1.012423157109669e-05
1.1320778214596032,1.0142103752544568e-05
1.1351457830353744,1.0159688861534942e-05
1.1382137446111458,1.0176987101847349e-05
1.141281706186917,1.0193998715297312e-05
1.1443496677626883,1.0210723981546656e-05
1.1474176293384597,1.0227163217906696e-05
1.1504855909142309,1.0243316779135524e-05
1.1535535524900022,1.0259185057228701e-05
1.1566215140657734,1.027476848120351e-05
1.1596894756415448,1.0290067516877009e-05
1.162757437217316,1.0305082666638387e-05
1.1658253987930873,1.0319814469214342e-05
1.1688933603688585,1.0334263499429607e-05
1.1719613219446299,1.0348430367960687e-05
1.175029283520401,1.0362315721084246e-05
1.1780972450961724,1.0375920240419893e-05
1.1811652066719438,1.0389244642666817e-05
1.184233168247715,1.040228967933558e-05
1.1873011298234863,1.0415056136474136e-05
1.1903690913992575,1.042754483438852e-05
1.193437052975029,1.0439756627358269e-05
1.1965050145508,1.0451692403347086e-05
1.1995729761265714,1.0463353083707825e-05
1.2026409377023426,1.0474739622883279e-05
1.205708899278114,1.0485853008101554e-05
1.2087768608538851,1.0496694259066757e-05
1.2118448224296565,1.050726442764562e-05
1.214912784005428,1.051756459754877e-05
1.217980745581199,1.052759588400806e-05
1.2210487071569704,1.0537359433449717e-05
1.2241166687327416,1.0546856423162633e-05
1.227184630308513,1.0556088060963146e-05
1.2302525918842842,1.0565055584855496e-05
1.2333205534600555,1.0573760262688316e-05
1.2363885150358267,1.0582203391807638e-05
1.239456476611598,1.0590386298705797e-05
1.2425244381873692,1.0598310338666817e-05
1.2455923997631406,1.0605976895408756e-05
1.248660361338912,1.0613387380721645e-05
1.2517283229146832,1.0620543234103453e-05
1.2547962844904545,1.0627445922391796e-05
1.2578642460662257,1.063409693939292e-05
1.260932207641997,1.064049780550802e-05
1.2640001692177683,1.0646650067356227e-05
1.2670681307935396,1.0652555297395035e-05
1.2701360923693108,1.0658215093538323e-05
1.2732040539450822,1.0663631078771281e-05
1.2762720155208536,1.0668804900763421e-05
1.2793399770966247,1.0673738231478986e-05
1.282407938672396,1.067843276678517e-05
1.2854759002481673,1.0682890226058362e-05
1.2885438618239387,1.0687112351788139e-05
1.2916118233997098,1.0691100909179545e-05
1.2946797849754812,1.0694857685753423e-05
1.2977477465512524,1.0698384490945345e-05
1.3008157081270237,1.0701683155702326e-05
1.303883669702795,1.0704755532078955e-05
1.3069516312785663,1.0707603492831283e-05
1.3100195928543377,1.0710228931009936e-05
1.3130875544301088,1.0712633759551947e-05
1.3161555160058802,1.0714819910871315e-05
1.3192234775816514,1.0716789336449005e-05
1.3222914391574228,1.071854400642166e-05
1.325359400733194,1.0720085909169773e-05
1.3284273623089653,1.0721417050905105e-05
1.3314953238847365,1.0722539455257672e-05
1.3345632854605078,1.0723455162861896e-05
1.337631247036279,1.0724166230943157e-05
1.3406992086120504,1.0724674732902986e-05
1.3437671701878218,1.0724982757905005e-05
1.346835131763593,1.0725092410460474e-05
1.3499030933393643,1.0725005810013659e-05
1.3529710549151355,1.0724725090527575e-05
1.3560390164909069,1.0724252400069921e-05
1.359106978066678,1.0723589900399121e-05
1.3621749396424494,1.0722739766550931e-05
1.3652429012182206,1.0721704186425587e-05
1.368310862793992,1.0720485360375074e-05
1.371378824369763,1.071908550079193e-05
1.3744467859455345,1.0717506831697838e-05
1.3775147475213059,1.0715751588333662e-05
1.380582709097077,1.0713822016750306e-05
1.3836506706728484,1.071172037340038e-05
1.3867186322486196,1.0709448924731207e-05
1.389786593824391,1.0707009946778897e-05
1.3928545554001621,1.070440572476365e-05
1.3959225169759335,1.070163855268646e-05
1.3989904785517047,1.069871073292727e-05
1.402058440127476,1.069562457584442e-05
1.4051264017032472,1.069238239937613e-05
1.4081943632790186,1.0688986528643019e-05
1.41126232485479,1.068543929555283e-05
1.4143302864305611,1.068174303840687e-05
1.4173982480063325,1.0677900101508105e-05
1.4204662095821037,1.0673912834771385e-05
1.423534171157875,1.0669783593335808e-05
1.4266021327336462,1.0665514737178808e-05
1.4296700943094176,1.0661108630732685e-05
1.4327380558851888,1.0656567642503375e-05
1.4358060174609601,1.065189414469107e-05
1.4388739790367313,1.0647090512814002e-05
1.4419419406125027,1.0642159125333699e-05
1.445009902188274,1.0637102363283396e-05
1.4480778637640452,1.0631922609898612e-05
1.4511458253398166,1.0626622250250554e-05
1.4542137869155878,1.0621203670881798e-05
1.4572817484913592,1.061566925944534e-05
1.4603497100671303,1.0610021404345471e-05
1.4634176716429017,1.0604262494382205e-05
1.4664856332186729,1.0598394918398357e-05
1.4695535947944443,1.0592421064929158e-05
1.4726215563702154,1.0586343321855576e-05
1.4756895179459868,1.058016407605979e-05
1.4787574795217582,1.057388571308418e-05
1.4818254410975293,1.0567510616793526e-05
1.4848934026733007,1.0561041169039807e-05
1.4879613642490719,1.0554479749330632e-05
1.4910293258248433,1.0547828734500836e-05
1.4940972874006144,1.0541090498386953e-05
1.4971652489763858,1.0534267411505265e-05
1.500233210552157,1.0527361840733418e-05
1.5033011721279284,1.0520376148994387e-05
1.5063691337036997,1.051331269494538e-05
1.509437095279471,1.0506173832668524e-05
1.5125050568552423,1.0498961911366081e-05
1.5155730184310134,1.0491679275058741e-05
1.5186409800067848,1.0484328262287327e-05
1.521708941582556,1.0476911205818128e-05
1.5247769031583274,1.0469430432351988e-05
1.5278448647340985,1.046188826223625e-05
1.53091282630987,1.0454287009181141e-05
1.533980787885641,1.0446628979979131e-05
1.5370487494614125,1.0438916474228112e-05
1.5401167110371838,1.0431151784058298e-05
1.543184672612955,1.0423337193862518e-05
1.5462526341887264,1.0415474980030364e-05
1.5493205957644975,1.040756741068601e-05
1.552388557340269,1.0399616745429407e-05
1.55545651891604,1.0391625235081503e-05
1.5585244804918115,1.0383595121433182e-05
1.5615924420675826,1.0375528636997275e-05
1.564660403643354,1.0367428004765102e-05
1.5677283652191252,1.035929543796624e-05
1.5707963267948966,1.0351133139831831e-05
1.573864288370668,1.0342943303362244e-05
1.576932249946439,1.033472811109758e-05
1.5800002115222105,1.0326489734892551e-05
1.5830681730979816,1.031823033569479e-05
1.586136134673753,1.0309952063326689e-05
1.5892040962495242,1.0301657056271266e-05
1.5922720578252956,1.0293347441461443e-05
1.5953400194010667,1.0285025334073041e-05
1.5984079809768381,1.0276692837321375e-05
1.6014759425526093,1.0268352042261716e-05
1.6045439041283807,1.0260005027593012e-05
1.607611865704152,1.0251653859465661e-05
1.6106798272799232,1.0243300591292408e-05
1.6137477888556946,1.023494726356316e-05
1.6168157504314657,1.0226595903663335e-05
1.6198837120072371,1.0218248525695538e-05
1.6229516735830083,1.0209907130304997e-05
1.6260196351587797,1.020157370450847e-05
1.6290875967345508,1.0193250221526467e-05
1.6321555583103222,1.0184938640619057e-05
1.6352235198860934,1.0176640906925313e-05
1.6382914814618648,1.0168358951305494e-05
1.6413594430376361,1.0160094690187717e-05
1.6444274046134073,1.0151850025416869e-05
1.6474953661891787,1.0143626844107451e-05
1.6505633277649499,1.0135427018499842e-05
1.6536312893407212,1.0127252405819298e-05
1.6566992509164924,1.0119104848138666e-05
1.6597672124922638,1.0110986172244277e-05
1.662835174068035,1.010289818950469e-05
1.6659031356438063,1.0094842695743014e-05
1.6689710972195777,1.0086821471111982e-05
1.6720390587953489,1.0078836279972318e-05
1.6751070203711202,1.0070888870774206e-05
1.6781749819468914,1.0062980975941611e-05
1.6812429435226628,1.0055114311759517e-05
1.684310905098434,1.0047290578264508e-05
1.6873788666742053,1.0039511459137827e-05
1.6904468282499765,1.003177862160137e-05
1.6935147898257479,1.0024093716316767e-05
1.696582751401519,1.0016458377287082e-05
1.6996507129772904,1.0008874221761115e-05
1.7027186745530618,1.0001342850140835e-05
1.705786636128833,9.993865845890757e-06
1.7088545977046044,9.986444775450986e-06
1.7119225592803755,9.979081188151952e-06
1.714990520856147,9.971776616131958e-06
1.718058482431918,9.964532574257501e-06
1.7211264440076894,9.957350560045644e-06
1.7241944055834606,9.950232053589253e-06
1.727262367159232,9.943178517484193e-06
1.7303303287350031,9.936191396759016e-06
1.7333982903107745,9.929272118807064e-06
1.736466251886546,9.922422093320773e-06
1.739534213462317,9.915642712227845e-06
1.7426021750380885,9.9089353496303e-06
1.7456701366138596,9.902301361744766e-06
1.748738098189631,9.895742086845518e-06
1.7518060597654022,9.889258845209352e-06
1.7548740213411735,9.882852939062242e-06
1.7579419829169447,9.8765256525281e-06
1.761009944492716,9.870278251579637e-06
1.7640779060684872,9.864111983990595e-06
1.7671458676442586,9.858028079290152e-06
1.77021382922003,9.852027748719153e-06
1.7732817907958012,9.84611218518747e-06
1.7763497523715726,9.840282563233966e-06
1.7794177139473437,9.834540038987275e-06
1.782485675523115,9.828885750128413e-06
1.7855536370988863,9.823320815855327e-06
1.7886215986746576,9.817846336848225e-06
1.7916895602504288,9.812463395236978e-06
1.7947575218262002,9.807173054569734e-06
1.7978254834019713,9.80197635978268e-06
1.8008934449777427,9.796874337171436e-06
1.8039614065535141,9.791867994363695e-06
1.8070293681292853,9.786958320292902e-06
1.8100973297050567,9.78214628517339e-06
1.8131652912808278,9.77743284047646e-06
1.8162332528565992,9.772818918907711e-06
1.8193012144323704,9.768305434385593e-06
1.8223691760081417,9.763893282020539e-06
1.825437137583913,9.759583338095644e-06
1.8285050991596843,9.755376460048004e-06
1.8315730607354554,9.75127348645103e-06
1.8346410223112268,9.747275236997642e-06
1.8377089838869982,9.743382512484447e-06
1.8407769454627694,9.739596094796448e-06
1.8438449070385408,9.735916746893017e-06
1.846912868614312,9.732345212794036e-06
1.8499808301900833,9.72888221756713e-06
1.8530487917658545,9.72552846731562e-06
1.8561167533416258,9.722284649166742e-06
1.859184714917397,9.71915143126091e-06
1.8622526764931684,9.71612946274134e-06
1.8653206380689396,9.713219373744202e-06
1.868388599644711,9.710421775389418e-06
1.8714565612204823,9.707737259771882e-06
1.8745245227962535,9.705166399952996e-06
1.8775924843720249,9.702709749953131e-06
1.880660445947796,9.700367844743748e-06
1.8837284075235674,9.698141200240644e-06
1.8867963690993386,9.696030313297088e-06
1.88986433067511,9.6940356616973e-06
1.892932292250881,9.692157704150579e-06
1.8960002538266525,9.690396880285398e-06
1.8990682154024239,9.688753610643872e-06
1.902136176978195,9.687228296676421e-06
1.9052041385539664,9.685821320736739e-06
1.9082721001297376,9.684533046076867e-06
1.911340061705509,9.683363816842648e-06
1.9144080232812801,9.682313958068966e-06
1.9174759848570515,9.681383775675568e-06
1.9205439464328227,9.680573556462792e-06
1.923611908008594,9.67988356810735e-06
1.9266798695843652,9.679314059158422e-06
1.9297478311601366,9.67886525903371e-06
1.932815792735908,9.678537378015619e-06
1.9358837543116791,9.678330607247434e-06
1.9389517158874505,9.67824511872969e-06
1.9420196774632217,9.678281065316449e-06
1.945087639038993,9.678438580711875e-06
1.9481556006147642,9.678717779466422e-06
1.9512235621905356,9.679118756973444e-06
1.9542915237663068,9.679641589465783e-06
1.9573594853420782,9.680286334012072e-06
1.9604274469178493,9.681053028513464e-06
1.9634954084936207,9.681941691700122e-06
1.966563370069392,9.682952323127886e-06
1.9696313316451632,9.684084903174744e-06
1.9726992932209346,9.68533939303754e-06
1.9757672547967058,9.686715734728658e-06
1.9788352163724772,9.688213851072692e-06
1.9819031779482483,9.689833645703092e-06
1.9849711395240197,9.691575003058926e-06
1.9880391010997909,9.693437788381878e-06
1.9911070626755623,9.69542184771272e-06
1.9941750242513334,9.697527007888505e-06
1.9972429858271048,9.699753076539432e-06
2.000310947402876,9.702099842085989e-06
2.0033789089786476,9.704567073735995e-06
2.0064468705544187,9.707154521481834e-06
2.00951483213019,9.709861916097864e-06
2.012582793705961,9.712688969138057e-06
2.0156507552817327,9.715635372933299e-06
2.018718716857504,9.718700800589515e-06
2.021786678433275,9.721884905985465e-06
2.024854640009046,9.725187323770969e-06
2.0279226015848177,9.728607669365465e-06
2.030990563160589,9.732145538956291e-06
2.03405852473636,9.735800509497895e-06
2.0371264863121317,9.739572138710838e-06
2.040194447887903,9.743459965081388e-06
2.043262409463674,9.74746350786115e-06
2.046330371039445,9.751582267067388e-06
2.0493983326152168,9.75581572348344e-06
2.052466294190988,9.760163338659631e-06
2.055534255766759,9.764624554914733e-06
2.0586022173425302,9.769198795337557e-06
2.061670178918302,9.773885463789574e-06
2.064738140494073,9.778683944907428e-06
2.067806102069844,9.783593604106314e-06
2.0708740636456158,9.788613787584103e-06
2.073942025221387,9.793743822325623e-06
2.077009986797158,9.798983016107979e-06
2.0800779483729293,9.804330657506394e-06
2.083145909948701,9.809786015900578e-06
2.086213871524472,9.815348341482199e-06
2.089281833100243,9.821016865262848e-06
2.0923497946760143,9.82679079908285e-06
2.095417756251786,9.832669335621183e-06
2.098485717827557,9.838651648405782e-06
2.1015536794033283,9.844736891825202e-06
2.1046216409791,9.850924201141036e-06
2.107689602554871,9.85721269250149e-06
2.110757564130642,9.863601462955664e-06
2.1138255257064134,9.870089590469368e-06
2.116893487282185,9.876676133941592e-06
2.119961448857956,9.883360133222455e-06
2.1230294104337273,9.890140609132219e-06
2.1260973720094984,9.897016563481544e-06
2.12916533358527,9.903986979093046e-06
2.132233295161041,9.911050819824249e-06
2.1353012567368124,9.918207030591559e-06
2.138369218312584,9.925454537396222e-06
2.141437179888355,9.932792247351133e-06
2.1445051414641263,9.940219048709597e-06
2.1475731030398975,9.947733810895391e-06
2.150641064615669,9.955335384534383e-06
2.1537090261914402,9.963022601487835e-06
2.1567769877672114,9.970794274887522e-06
2.1598449493429825,9.97864919917221e-06
2.162912910918754,9.986586150126334e-06
2.1659808724945253,9.994603884919986e-06
2.1690488340702965,1.0002701142151162e-05
2.172116795646068,1.0010876641889621e-05
2.1751847572218392,1.0019129085722978e-05
2.1782527187976104,1.0027457156804261e-05
2.1813206803733816,1.0035859519902224e-05
2.184388641949153,1.0044334821452909e-05
2.1874566035249243,1.0052881689614003e-05
2.1905245651006955,1.0061498734320968e-05
2.193592526676467,1.0070184547345447e-05
2.1966604882522383,1.0078937702356009e-05
2.1997284498280094,1.0087756754981166e-05
2.2027964114037806,1.0096640242874487e-05
2.205864372979552,1.0105586685782413e-05
2.2089323345553233,1.011459458561435e-05
2.2120002961310945,1.0123662426515113e-05
2.2150682577068657,1.0132788674940221e-05
2.2181362192826373,1.0141971779733196e-05
2.2212041808584084,1.0151210172205975e-05
2.2242721424341796,1.016050226622165e-05
2.227340104009951,1.0169846458280034e-05
2.2304080655857224,1.0179241127605738e-05
2.2334760271614935,1.0188684636239406e-05
2.2365439887372647,1.0198175329131079e-05
2.2396119503130363,1.0207711534237162e-05
2.2426799118888074,1.0217291562619683e-05
2.2457478734645786,1.0226913708548672e-05
2.2488158350403498,1.023657624960768e-05
2.2518837966161214,1.024627744680175e-05
2.2549517581918925,1.0256015544669069e-05
2.2580197197676637,1.0265788771395215e-05
2.2610876813434353,1.0275595338930588e-05
2.2641556429192065,1.0285433443111156e-05
2.2672236044949776,1.0295301263782198e-05
2.270291566070749,1.0305196964925156e-05
2.2733595276465204,1.0315118694787933e-05
2.2764274892222915,1.0325064586018413e-05
2.2794954507980627,1.0335032755801001e-05
2.282563412373834,1.0345021305996996e-05
2.2856313739496055,1.0355028323287663e-05
2.2886993355253766,1.0365051879321272e-05
2.291767297101148,1.0375090030863254e-05
2.2948352586769194,1.0385140819949746e-05
2.2979032202526906,1.0395202274044734e-05
2.3009711818284617,1.0405272406200725e-05
2.304039143404233,1.0415349215222567e-05
2.3071071049800045,1.042543068583532e-05
2.3101750665557756,1.0435514788855252e-05
2.313243028131547,1.0445599481364536e-05
2.316310989707318,1.045568270688977e-05
2.3193789512830896,1.0465762395583589e-05
2.3224469128588607,1.0475836464410427e-05
2.325514874434632,1.0485902817335704e-05
2.3285828360104035,1.0495959345518385e-05
2.3316507975861747,1.0506003927507893e-05
2.334718759161946,1.0516034429444058e-05
2.337786720737717,1.0526048705260948e-05
2.3408546823134886,1.0536044596894596e-05
2.3439226438892597,1.0546019934494258e-05
2.346990605465031,1.0555972536637346e-05
2.350058567040802,1.0565900210548392e-05
2.3531265286165737,1.057580075232118e-05
2.356194490192345,1.0585671947145311e-05
2.359262451768116,1.0595511569535901e-05
2.3623304133438876,1.0605317383567442e-05
2.3653983749196588,1.061508714311107e-05
2.36846633649543,1.0624818592076001e-05
2.371534298071201,1.0634509464654093e-05
2.3746022596469727,1.0644157485568769e-05
2.377670221222744,1.0653760370327255e-05
2.380738182798515,1.0663315825476648e-05
2.383806144374286,1.0672821548863904e-05
2.386874105950058,1.0682275229899044e-05
2.389942067525829,1.0691674549822627e-05
2.3930100291016,1.0701017181976458e-05
2.3960779906773717,1.0710300792078193e-05
2.399145952253143,1.071952303849948e-05
2.402213913828914,1.0728681572547981e-05
2.405281875404685,1.0737774038752457e-05
2.408349836980457,1.0746798075152193e-05
2.411417798556228,1.0755751313589321e-05
2.414485760131999,1.0764631380005115e-05
2.4175537217077703,1.0773435894739805e-05
2.420621683283542,1.0782162472835507e-05
2.423689644859313,1.0790808724343093e-05
2.426757606435084,1.079937225463236e-05
2.429825568010856,1.0807850664705375e-05
2.432893529586627,1.0816241551513605e-05
2.435961491162398,1.0824542508278213e-05
2.4390294527381693,1.0832751124813447e-05
2.442097414313941,1.08408649878538e-05
2.445165375889712,1.0848881681384032e-05
2.448233337465483,1.0856798786972504e-05
2.4513012990412544,1.0864613884107852e-05
2.454369260617026,1.0872324550538434e-05
2.457437222192797,1.0879928362615225e-05
2.4605051837685683,1.0887422895637582e-05
2.46357314534434,1.089480572420193e-05
2.466641106920111,1.090207442255358e-05
2.4697090684958822,1.0909226564941394e-05
2.4727770300716534,1.091625972597509e-05
2.475844991647425,1.0923171480985641e-05
2.478912953223196,1.0929959406388297e-05
2.4819809147989673,1.0936621080048165e-05
2.4850488763747385,1.0943154081648772e-05
2.48811683795051,1.0949555993062718e-05
2.4911847995262812,1.0955824398725208e-05
2.4942527611020524,1.096195688601008e-05
2.497320722677824,1.0967951045607854e-05
2.500388684253595,1.0973804471906454e-05
2.5034566458293663,1.0979514763374238e-05
2.5065246074051375,1.0985079522944772e-05
2.509592568980909,1.09904963584043e-05
2.5126605305566803,1.0995762882780984e-05
2.5157284921324514,1.1000876714736092e-05
2.5187964537082226,1.1005835478957487e-05
2.521864415283994,1.101063680655429e-05
2.5249323768597653,1.101527833545413e-05
2.5280003384355365,1.1019757710801474e-05
2.531068300011308,1.1024072585357924e-05
2.5341362615870793,1.102822061990394e-05
2.5372042231628504,1.1032199483642184e-05
2.5402721847386216,1.1036006854601905e-05
2.543340146314393,1.103964042004516e-05
2.5464081078901644,1.1043097876873843e-05
2.5494760694659355,1.1046376932038066e-05
2.552544031041707,1.104947530294567e-05
2.5556119926174783,1.1052390717872456e-05
2.5586799541932495,1.105512091637361e-05
2.5617479157690206,1.105766364969575e-05
2.564815877344792,1.1060016681189817e-05
2.5678838389205634,1.106217778672451e-05
2.5709518004963345,1.106414475510044e-05
2.5740197620721057,1.1065915388464388e-05
2.5770877236478773,1.1067487502724334e-05
2.5801556852236485,1.1068858927964533e-05
2.5832236467994196,1.1070027508860725e-05
2.5862916083751912,1.1070991105095728e-05
2.5893595699509624,1.1071747591774622e-05
2.5924275315267336,1.1072294859840061e-05
2.5954954931025047,1.107263081648746e-05
2.5985634546782763,1.1072753385579577e-05
2.6016314162540475,1.1072660508061094e-05
2.6046993778298186,1.1072350142372409e-05
2.60776733940559,1.1071820264862823e-05
2.6108353009813614,1.1071068870203343e-05
2.6139032625571326,1.1070093971798403e-05
2.6169712241329037,1.1068893602196569e-05
2.6200391857086753,1.1067465813500849e-05
2.6231071472844465,1.106580867777724e-05
2.6261751088602177,1.1063920287462298e-05
2.629243070435989,1.1061798755769693e-05
2.6323110320117604,1.1059442217094864e-05
2.6353789935875316,1.1056848827418622e-05
2.6384469551633027,1.1054016764708838e-05
2.641514916739074,1.1050944229320457e-05
2.6445828783148455,1.1047629444393925e-05
2.6476508398906167,1.104407065625132e-05
2.650718801466388,1.1040266134790683e-05
2.6537867630421594,1.1036214173878325e-05
2.6568547246179306,1.1031913091738585e-05
2.6599226861937018,1.1027361231341337e-05
2.662990647769473,1.1022556960787417e-05
2.6660586093452445,1.1017498673690764e-05
2.6691265709210157,1.1012184789558627e-05
2.672194532496787,1.1006613754168647e-05
2.675262494072558,1.1000784039942876e-05
2.6783304556483296,1.0994694146319453e-05
2.6813984172241008,1.098834260012042e-05
2.684466378799872,1.0981727955916872e-05
2.6875343403756435,1.0974848796390814e-05
2.6906023019514147,1.0967703732693208e-05
2.693670263527186,1.0960291404798937e-05
2.696738225102957,1.0952610481858073e-05
2.6998061866787286,1.09446596625431e-05
2.7028741482545,1.0936437675392878e-05
2.705942109830271,1.0927943279152403e-05
2.709010071406042,1.091917526310828e-05
2.7120780329818137,1.0910132447420621e-05
2.715145994557585,1.090081368345038e-05
2.718213956133356,1.0891217854082242e-05
2.7212819177091276,1.0881343874043674e-05
2.724349879284899,1.0871190690218698e-05
2.72741784086067,1.0860757281957541e-05
2.730485802436441,1.0850042661381514e-05
2.7335537640122127,1.0839045873682795e-05
2.736621725587984,1.0827765997419628e-05
2.739689687163755,1.0816202144806444e-05
2.742757648739526,1.0804353461998501e-05
2.745825610315298,1.0792219129372045e-05
2.748893571891069,1.0779798361798408e-05
2.75196153346684,1.0767090408913134e-05
2.7550294950426117,1.0754094555379767e-05
2.758097456618383,1.0740810121147634e-05
2.761165418194154,1.0727236461704246e-05
2.7642333797699252,1.071337296832202e-05
2.767301341345697,1.0699219068298802e-05
2.770369302921468,1.0684774225192983e-05
2.773437264497239,1.0670037939052146e-05
2.7765052260730103,1.0655009746635841e-05
2.779573187648782,1.0639689221632231e-05
2.782641149224553,1.0624075974868356e-05
2.7857091108003242,1.0608169654513871e-05
2.788777072376096,1.059196994627907e-05
2.791845033951867,1.0575476573605555e-05
2.794912995527638,1.0558689297850809e-05
2.7979809571034093,1.0541607918466212e-05
2.801048918679181,1.0524232273167806e-05
2.804116880254952,1.050656223810094e-05
2.8071848418307233,1.048859772799767e-05
2.8102528034064944,1.0470338696327076e-05
2.813320764982266,1.0451785135439053e-05
2.816388726558037,1.0432937076700666e-05
2.8194566881338083,1.0413794590625243e-05
2.82252464970958,1.039435778699498e-05
2.825592611285351,1.0374626814975425e-05
2.8286605728611223,1.0354601863223164e-05
2.8317285344368934,1.0334283159986054e-05
2.834796496012665,1.0313670973195837e-05
2.837864457588436,1.0292765610553529e-05
2.8409324191642074,1.0271567419607155e-05
2.8440003807399785,1.0250076787821736e-05
2.84706834231575,1.0228294142642e-05
2.8501363038915213,1.0206219951547073e-05
2.8532042654672924,1.0183854722097424e-05
2.856272227043064,1.0161199001974546e-05
2.859340188618835,1.0138253379012077e-05
2.8624081501946064,1.011501848121962e-05
2.8654761117703775,1.00914949767985e-05
2.868544073346149,1.006768357414937e-05
2.8716120349219203,1.0043585021872341e-05
2.8746799964976915,1.0019200108758596e-05
2.8777479580734626,9.994529663774286e-06
2.8808159196492342,9.969574556036385e-06
2.8838838812250054,9.94433569478026e-06
2.8869518428007765,9.918814029319152e-06
2.890019804376548,9.893010548995913e-06
2.8930877659523193,9.86692628312608e-06
2.8961557275280905,9.840562300933011e-06
2.8992236891038616,9.813919711475107e-06
2.9022916506796332,9.786999663564168e-06
2.9053596122554044,9.759803345676276e-06
2.9084275738311756,9.732331985854086e-06
2.9114955354069467,9.704586851600806e-06
2.9145634969827183,9.676569249766304e-06
2.9176314585584895,9.648280526424703e-06
2.9206994201342606,9.619722066743618e-06
2.9237673817100323,9.590895294845806e-06
2.9268353432858034,9.561801673661812e-06
2.9299033048615746,9.532442704774814e-06
2.9329712664373457,9.502819928257454e-06
2.9360392280131173,9.472934922499756e-06
2.9391071895888885,9.442789304029734e-06
2.9421751511646597,9.412384727325233e-06
2.945243112740431,9.381722884617777e-06
2.9483110743162024,9.350805505688433e-06
2.9513790358919736,9.319634357655311e-06
2.9544469974677448,9.288211244753093e-06
2.9575149590435164,9.256538008104692e-06
2.9605829206192875,9.224616525484528e-06
2.9636508821950587,9.192448711074e-06
2.96671884377083,9.16003651520914e-06
2.9697868053466014,9.127381924119825e-06
2.9728547669223726,9.094486959661762e-06
2.9759227284981438,9.061353679040153e-06
2.9789906900739154,9.027984174525596e-06
2.9820586516496865,8.994380573162421e-06
2.9851266132254577,8.96054503646925e-06
2.988194574801229,8.926479760131445e-06
2.9912625363770005,8.8921869736868e-06
2.9943304979527716,8.8576689402028e-06
2.997398459528543,8.822927955946856e-06
3.000466421104314,8.78796635004905e-06
3.0035343826800855,8.752786484157059e-06
3.0066023442558567,8.717390752084477e-06
3.009670305831628,8.681781579451197e-06
3.0127382674073995,8.645961423316865e-06
3.0158062289831706,8.609932771807227e-06
3.018874190558942,8.573698143733416e-06
3.021942152134713,8.537260088203878e-06
3.0250101137104846,8.500621184230063e-06
3.0280780752862557,8.463784040324653e-06
3.031146036862027,8.426751294093185e-06
3.034213998437798,8.389525611819348e-06
3.0372819600135696,8.352109688042927e-06
3.040349921589341,8.314506245132093e-06
3.043417883165112,8.276718032848577e-06
3.0464858447408836,8.238747827906886e-06
3.0495538063166547,8.200598433527028e-06
3.052621767892426,8.162272678981343e-06
3.055689729468197,8.12377341913484e-06
3.0587576910439687,8.085103533980051e-06
3.06182565261974,8.046265928165709e-06
3.064893614195511,8.00726353051961e-06
3.067961575771282,7.96809929356616e-06
3.0710295373470538,7.92877619303768e-06
3.074097498922825,7.88929722738108e-06
3.077165460498596,7.849665417258489e-06
3.0802334220743677,7.809883805042954e-06
3.083301383650139,7.769955454308947e-06
3.08636934522591,7.729883449317889e-06
3.089437306801681,7.689670894498456e-06
3.0925052683774528,7.649320913922588e-06
3.095573229953224,7.608836650776397e-06
3.098641191528995,7.568221266826604e-06
3.1017091531047662,7.527477941882777e-06
3.104777114680538,7.486609873254651e-06
3.107845076256309,7.445620275206009e-06
3.11091303783208,7.4045123784038854e-06
3.113980999407852,7.363289429363957e-06
3.117048960983623,7.321954689892305e-06
3.120116922559394,7.2805114365232796e-06
3.1231848841351653,7.2389629599536766e-06
3.126252845710937,7.197312564473775e-06
3.129320807286708,7.155563567394889e-06
3.132388768862479,7.1137192984736385e-06
3.1354567304382504,7.071783099333456e-06
3.138524692014022,7.02975832288274e-06
3.141592653589793,6.987648332730745e-06
3.1446606151655643,6.945456502600375e-06
3.147728576741336,6.903186215738792e-06
3.150796538317107,6.860840864325433e-06
3.153864499892878,6.818423848878027e-06
3.1569324614686494,6.775938577656163e-06
3.160000423044421,6.733388466063349e-06
3.163068384620192,6.690776936046964e-06
3.1661363461959633,6.6481074154966165e-06
3.1692043077717345,6.605383337641134e-06
3.172272269347506,6.562608140443772e-06
3.175340230923277,6.519785265996755e-06
3.1784081924990484,6.476918159914275e-06
3.18147615407482,6.434010270724749e-06
3.184544115650591,6.391065049262242e-06
3.1876120772263623,6.348085948057336e-06
3.1906800388021335,6.305076420727204e-06
3.193748000377905,6.262039921365696e-06
3.1968159619536762,6.218979903933039e-06
3.1998839235294474,6.175899821645432e-06
3.2029518851052186,6.132803126364874e-06
3.20601984668099,6.089693267989023e-06
3.2090878082567613,6.046573693841724e-06
3.2121557698325325,6.003447848063768e-06
3.215223731408304,5.960319171004609e-06
3.2182916929840752,5.917191098614675e-06
3.2213596545598464,5.874067061838926e-06
3.2244276161356176,5.830950486011137e-06
3.227495577711389,5.787844790249935e-06
3.2305635392871603,5.744753386855987e-06
3.2336315008629315,5.701679680710706e-06
3.2366994624387027,5.658627068676997e-06
3.2397674240144743,5.615598939001349e-06
3.2428353855902454,5.572598670718636e-06
3.2459033471660166,5.529629633058359e-06
3.248971308741788,5.486695184853804e-06
3.2520392703175593,5.443798673953252e-06
3.2551072318933305,5.400943436634059e-06
3.2581751934691017,5.358132797019178e-06
3.2612431550448733,5.315370066496985e-06
3.2643111166206444,5.272658543143792e-06
3.2673790781964156,5.230001511149668e-06
3.2704470397721868,5.187402240247718e-06
3.2735150013479584,5.144863985146442e-06
3.2765829629237295,5.102389984966189e-06
3.2796509244995007,5.0599834626790335e-06
3.2827188860752723,5.017647624552539e-06
3.2857868476510435,4.975385659597784e-06
3.2888548092268146,4.933200739021346e-06
3.2919227708025858,4.8910960156814805e-06
3.2949907323783574,4.849074623549077e-06
3.2980586939541285,4.80713967717294e-06
3.3011266555298997,4.765294271149734e-06
3.304194617105671,4.723541479599021e-06
3.3072625786814425,4.681884355642801e-06
3.3103305402572136,4.640325930890752e-06
3.313398501832985,4.598869214930174e-06
3.3164664634087564,4.557517194821516e-06
3.3195344249845276,4.5162728345993866e-06
3.3226023865602987,4.475139074779079e-06
3.32567034813607,4.43411883186881e-06
3.3287383097118415,4.393214997887939e-06
3.3318062712876126,4.352430439890969e-06
3.334874232863384,4.3117679994977975e-06
3.3379421944391554,4.271230492430026e-06
3.3410101560149266,4.230820708053649e-06
3.3440781175906977,4.190541408928101e-06
3.347146079166469,4.150395330362016e-06
3.3502140407422405,4.11038517997542e-06
3.3532820023180117,4.070513637268828e-06
3.356349963893783,4.03078335319917e-06
3.359417925469554,3.9911969497624904e-06
3.3624858870453256,3.951757019584118e-06
3.3655538486210967,3.912466125515679e-06
3.368621810196868,3.873326800239438e-06
3.3716897717726395,3.834341545880159e-06
3.3747577333484107,3.795512833624232e-06
3.377825694924182,3.7568431033463657e-06
3.380893656499953,3.718334763244201e-06
3.3839616180757246,3.6799901894803077e-06
3.3870295796514958,3.6418117258321473e-06
3.390097541227267,3.6038016833501088e-06
3.393165502803038,3.56596234002309e-06
3.3962334643788097,3.5282959404527004e-06
3.399301425954581,3.4908046955352243e-06
3.402369387530352,3.4534907821518907e-06
3.4054373491061236,3.4163563428675814e-06
3.4085053106818948,3.379403485637725e-06
3.411573272257666,3.3426342835236416e-06
3.414641233833437,3.3060507744166017e-06
3.4177091954092087,3.269654960770248e-06
3.42077715698498,3.2334488093416365e-06
3.423845118560751,3.1974342509412218e-06
3.426913080136522,3.1616131801911765e-06
3.429981041712294,3.125987455292911e-06
3.433049003288065,3.090558897803274e-06
3.436116964863836,3.055329292419614e-06
3.4391849264396077,3.0203003867739146e-06
3.442252888015379,2.9854738912358312e-06
3.44532084959115,2.9508514787247844e-06
3.448388811166921,2.9164347845312456e-06
3.451456772742693,2.8822254061469633e-06
3.454524734318464,2.8482249031045043e-06
3.457592695894235,2.8144347968258924e-06
3.4606606574700063,2.7808565704804453e-06
3.463728619045778,2.7474916688519455e-06
3.466796580621549,2.7143414982150295e-06
3.46986454219732,2.681407426220833e-06
3.472932503773092,2.648690781792061e-06
3.476000465348863,2.6161928550272644e-06
3.479068426924634,2.5839148971144533e-06
3.4821363885004053,2.5518581202541994e-06
3.485204350076177,2.5200236975920196e-06
3.488272311651948,2.4884127631600604e-06
3.4913402732277192,2.4570264118283687e-06
3.4944082348034904,2.4258656992651854e-06
3.497476196379262,2.3949316419070055e-06
3.500544157955033,2.364225216937785e-06
3.5036121195308043,2.333747362277479e-06
3.506680081106576,2.3034989765801457e-06
3.509748042682347,2.2734809192411416e-06
3.5128160042581182,2.2436940104137806e-06
3.5158839658338894,2.214139031035343e-06
3.518951927409661,2.1848167228622636e-06
3.522019888985432,2.1557277885146534e-06
3.5250878505612033,2.126872891530114e-06
3.5281558121369745,2.098252656426582e-06
3.531223773712746,2.0698676687746217e-06
3.5342917352885173,2.041718475278656e-06
3.5373596968642884,2.0138055838674157e-06
3.54042765844006,1.9861294637934977e-06
3.543495620015831,1.958690545741837e-06
3.5465635815916023,1.931489221947284e-06
3.5496315431673735,1.904525846321131e-06
3.552699504743145,1.877800734586489e-06
3.5557674663189163,1.8513141644225584e-06
3.5588354278946874,1.8250663756177068e-06
3.5619033894704586,1.7990575702311814e-06
3.56497135104623,1.773287912763675e-06
3.5680393126220014,1.747757530336457e-06
3.5711072741977725,1.7224665128789442e-06
3.574175235773544,1.6974149133250112e-06
3.5772431973493153,1.6726027478174798e-06
3.5803111589250864,1.6480299959211233e-06
3.5833791205008576,1.62369660084394e-06
3.586447082076629,1.59960246966658e-06
3.5895150436524004,1.5757474735799742e-06
3.5925830052281715,1.5521314481310102e-06
3.5956509668039427,1.5287541934760696e-06
3.5987189283797143,1.5056154746426691e-06
3.6017868899554855,1.4827150217987086e-06
3.6048548515312566,1.4600525305295576e-06
3.6079228131070282,1.4376276621227126e-06
3.6109907746827994,1.4154400438600336e-06
3.6140587362585705,1.3934892693173147e-06
3.6171266978343417,1.3717748986713422e-06
3.6201946594101133,1.3502964590141137e-06
3.6232626209858845,1.3290534446742181e-06
3.6263305825616556,1.3080453175452582e-06
3.629398544137427,1.2872715074211368e-06
3.6324665057131984,1.2667314123383533e-06
3.6355344672889696,1.2464243989248266e-06
3.6386024288647407,1.2263498027554287e-06
3.6416703904405123,1.2065069287140438e-06
3.6447383520162835,1.186895051361897e-06
3.6478063135920547,1.1675134153122484e-06
3.650874275167826,1.1483612356112363e-06
3.6539422367435974,1.1294376981246912e-06
3.6570101983193686,1.1107419599309164e-06
3.6600781598951397,1.0922731497192635e-06
3.663146121470911,1.074030368194273e-06
3.6662140830466825,1.0560126884855036e-06
3.6692820446224537,1.0382191565626784e-06
3.672350006198225,1.0206487916561084e-06
3.6754179677739964,1.0033005866823354e-06
3.6784859293497676,9.861735086747443e-07
3.6815538909255388,9.692664992190454e-07
3.68462185250131,9.525784748935999e-07
3.6876898140770815,9.361083277142942e-07
3.6907577756528527,9.198549255838957e-07
3.693825737228624,9.03817112745832e-07
3.696893698804395,8.879937102420344e-07
3.6999616603801666,8.723835163750088e-07
3.7030296219559378,8.569853071737492e-07
3.706097583531709,8.417978368634094e-07
3.7091655451074805,8.268198383387128e-07
3.7122335066832517,8.120500236407604e-07
3.715301468259023,7.974870844372233e-07
3.718369429834794,7.831296925058028e-07
3.7214373914105656,7.689765002206622e-07
3.724505352986337,7.550261410418392e-07
3.727573314562108,7.41277230007379e-07
3.730641276137879,7.277283642281118e-07
3.7337092377136507,7.143781233848929e-07
3.736777199289422,7.012250702281493e-07
3.739845160865193,6.882677510796302e-07
3.7429131224409646,6.755046963361418e-07
3.745981084016736,6.629344209751689e-07
3.749049045592507,6.50555425062161e-07
3.752117007168278,6.383661942594818e-07
3.7551849687440497,6.263652003366807e-07
3.758252930319821,6.145509016820705e-07
3.761320891895592,6.029217438153903e-07
3.7643888534713636,5.914761599014202e-07
3.767456815047135,5.802125712644341e-07
3.770524776622906,5.691293879032507e-07
3.773592738198677,5.582250090068047e-07
3.7766606997744487,5.474978234701029e-07
3.77972866135022,5.369462104102566e-07
3.782796622925991,5.265685396826757e-07
3.785864584501762,5.163631723970787e-07
3.788932546077534,5.063284614332506e-07
3.792000507653305,4.964627519563872e-07
3.795068469229076,4.867643819318718e-07
3.7981364308048478,4.772316826392967e-07
3.801204392380619,4.6786297918568573e-07
3.80427235395639,4.5865659101759867e-07
3.8073403155321612,4.4961083243213574e-07
3.810408277107933,4.4072401308660265e-07
3.813476238683704,4.319944385066868e-07
3.816544200259475,4.234204105930098e-07
3.8196121618352463,4.150002281259612e-07
3.822680123411018,4.0673218726856777e-07
3.825748084986789,3.9861458206732175e-07
3.8288160465625602,3.967422438472583e-07
3.831884008138332,3.967422438472583e-07
3.834951969714103,3.967422438472583e-07
3.838019931289874,3.967422438472583e-07
3.8410878928656453,3.967422438472583e-07
3.844155854441417,3.967422438472583e-07
3.847223816017188,3.967422438472583e-07
3.8502917775929593,3.967422438472583e-07
3.8533597391687304,3.967422438472583e-07
3.856427700744502,3.967422438472583e-07
3.859495662320273,3.967422438472583e-07
3.8625636238960444,3.967422438472583e-07
3.865631585471816,3.967422438472583e-07
3.868699547047587,3.967422438472583e-07
3.8717675086233583,3.967422438472583e-07
3.8748354701991294,3.967422438472583e-07
3.877903431774901,3.967422438472583e-07
3.880971393350672,3.967422438472583e-07
3.8840393549264434,3.967422438472583e-07
3.8871073165022145,3.967422438472583e-07
3.890175278077986,3.967422438472583e-07
3.8932432396537573,3.967422438472583e-07
3.8963112012295285,3.967422438472583e-07
3.8993791628053,3.967422438472583e-07
3.902447124381071,3.967422438472583e-07
3.9055150859568424,3.967422438472583e-07
3.9085830475326135,3.967422438472583e-07
3.911651009108385,3.967422438472583e-07
3.9147189706841563,3.967422438472583e-07
3.9177869322599275,3.967422438472583e-07
3.9208548938356986,3.967422438472583e-07
3.9239228554114702,3.967422438472583e-07
3.9269908169872414,3.967422438472583e-07
3.9300587785630126,3.967422438472583e-07
3.933126740138784,3.967422438472583e-07
3.9361947017145553,3.967422438472583e-07
3.9392626632903265,3.967422438472583e-07
3.9423306248660976,3.967422438472583e-07
3.9453985864418692,3.967422438472583e-07
3.9484665480176404,3.967422438472583e-07
3.9515345095934116,3.967422438472583e-07
3.9546024711691827,3.967422438472583e-07
3.9576704327449543,3.967422438472583e-07
3.9607383943207255,3.967422438472583e-07
3.9638063558964967,3.967422438472583e-07
3.9668743174722683,3.967422438472583e-07
3.9699422790480394,3.967422438472583e-07
3.9730102406238106,3.967422438472583e-07
3.9760782021995817,3.967422438472583e-07
3.9791461637753534,3.967422438472583e-07
3.9822141253511245,3.967422438472583e-07
3.9852820869268957,3.967422438472583e-07
3.988350048502667,3.967422438472583e-07
3.9914180100784384,3.967422438472583e-07
3.9944859716542096,3.967422438472583e-07
3.9975539332299808,3.967422438472583e-07
4.000621894805752,3.967422438472583e-07
4.0036898563815235,3.967422438472583e-07
4.006757817957295,3.967422438472583e-07
4.009825779533066,3.967422438472583e-07
4.0128937411088375,3.967422438472583e-07
4.015961702684608,3.967422438472583e-07
4.01902966426038,3.967422438472583e-07
4.022097625836151,3.967422438472583e-07
4.025165587411922,3.967422438472583e-07
4.028233548987694,3.967422438472583e-07
4.031301510563465,3.967422438472583e-07
4.034369472139236,3.967422438472583e-07
4.037437433715008,3.967422438472583e-07
4.040505395290779,3.967422438472583e-07
4.04357335686655,3.967422438472583e-07
4.0466413184423216,3.967422438472583e-07
4.049709280018092,3.967422438472583e-07
4.052777241593864,3.967422438472583e-07
4.0558452031696355,3.967422438472583e-07
4.058913164745406,3.967422438472583e-07
4.061981126321178,3.967422438472583e-07
4.065049087896949,3.967422438472583e-07
4.06811704947272,3.967422438472583e-07
4.071185011048492,3.967422438472583e-07
4.074252972624263,3.967422438472583e-07
4.077320934200034,3.967422438472583e-07
4.080388895775806,3.967422438472583e-07
4.083456857351576,3.967422438472583e-07
4.086524818927348,3.967422438472583e-07
4.08959278050312,3.967422438472583e-07
4.09266074207889,3.967422438472583e-07
4.095728703654662,3.967422438472583e-07
4.0987966652304335,3.967422438472583e-07
4.101864626806204,3.967422438472583e-07
4.104932588381976,3.967422438472583e-07
4.108000549957747,3.967422438472583e-07
4.111068511533518,3.967422438472583e-07
4.11413647310929,3.967422438472583e-07
4.1172044346850605,3.967422438472583e-07
4.120272396260832,3.967422438472583e-07
4.123340357836604,3.967422438472583e-07
4.126408319412374,3.967422438472583e-07
4.129476280988146,3.967422438472583e-07
4.132544242563918,3.967422438472583e-07
4.135612204139688,3.967422438472583e-07
4.13868016571546,3.967422438472583e-07
4.1417481272912315,3.967422438472583e-07
4.144816088867002,3.967422438472583e-07
4.147884050442774,3.967422438472583e-07
4.150952012018545,3.967422438472583e-07
4.154019973594316,3.967422438472583e-07
4.157087935170088,3.967422438472583e-07
4.1601558967458585,3.967422438472583e-07
4.16322385832163,3.967422438472583e-07
4.166291819897402,3.967422438472583e-07
4.169359781473172,3.967422438472583e-07
4.172427743048944,3.967422438472583e-07
4.175495704624716,3.967422438472583e-07
4.178563666200486,3.967422438472583e-07
4.181631627776258,3.967422438472583e-07
4.184699589352029,3.967422438472583e-07
4.1877675509278,3.967422438472583e-07
4.190835512503572,3.967422438472583e-07
4.193903474079343,3.967422438472583e-07
4.196971435655114,3.967422438472583e-07
4.200039397230886,3.967422438472583e-07
4.2031073588066565,3.967422438472583e-07
4.206175320382428,3.967422438472583e-07
4.2092432819582,3.967422438472583e-07
4.2123112435339705,3.967422438472583e-07
4.215379205109742,3.967422438472583e-07
4.218447166685513,3.967422438472583e-07
4.221515128261284,3.967422438472583e-07
4.224583089837056,3.967422438472583e-07
4.227651051412827,3.967422438472583e-07
4.230719012988598,3.967422438472583e-07
4.23378697456437,3.967422438472583e-07
4.236854936140141,3.967422438472583e-07
4.239922897715912,3.967422438472583e-07
4.242990859291684,3.967422438472583e-07
4.246058820867455,3.967422438472583e-07
4.249126782443226,3.967422438472583e-07
4.252194744018997,3.967422438472583e-07
4.2552627055947685,3.967422438472583e-07
4.25833066717054,3.967422438472583e-07
4.261398628746311,3.967422438472583e-07
4.264466590322082,3.967422438472583e-07
4.267534551897854,3.967422438472583e-07
4.270602513473625,3.967422438472583e-07
4.273670475049396,3.967422438472583e-07
4.276738436625168,3.967422438472583e-07
4.279806398200939,3.967422438472583e-07
4.28287435977671,3.967422438472583e-07
4.285942321352481,3.967422438472583e-07
4.289010282928253,3.967422438472583e-07
4.292078244504024,3.967422438472583e-07
4.295146206079795,3.967422438472583e-07
4.2982141676555665,3.967422438472583e-07
4.301282129231338,3.967422438472583e-07
4.304350090807109,3.967422438472583e-07
4.3074180523828804,3.967422438472583e-07
4.310486013958652,3.967422438472583e-07
4.313553975534423,3.967422438472583e-07
4.316621937110194,3.967422438472583e-07
4.319689898685965,3.967422438472583e-07
4.322757860261737,3.967422438472583e-07
4.325825821837508,3.967422438472583e-07
4.328893783413279,3.967422438472583e-07
4.331961744989051,3.967422438472583e-07
4.335029706564822,3.967422438472583e-07
4.338097668140593,3.967422438472583e-07
4.3411656297163645,3.967422438472583e-07
4.344233591292136,3.967422438472583e-07
4.347301552867907,3.967422438472583e-07
4.3503695144436785,3.967422438472583e-07
4.35343747601945,3.967422438472583e-07
4.356505437595221,3.967422438472583e-07
4.359573399170992,3.967422438472583e-07
4.362641360746763,3.967422438472583e-07
4.365709322322535,3.967422438472583e-07
4.368777283898306,3.967422438472583e-07
4.371845245474077,3.967422438472583e-07
4.374913207049849,3.967422438472583e-07
4.37798116862562,3.967422438472583e-07
4.381049130201391,3.967422438472583e-07
4.384117091777163,3.967422438472583e-07
4.387185053352934,3.967422438472583e-07
4.390253014928705,3.967422438472583e-07
4.3933209765044765,3.967422438472583e-07
4.396388938080247,3.967422438472583e-07
4.399456899656019,3.967422438472583e-07
4.40252486123179,3.967422438472583e-07
4.405592822807561,3.967422438472583e-07
4.408660784383333,3.967422438472583e-07
4.411728745959104,3.967422438472583e-07
4.414796707534875,3.967422438472583e-07
4.417864669110647,3.967422438472583e-07
4.420932630686418,3.967422438472583e-07
4.424000592262189,3.967422438472583e-07
4.427068553837961,3.967422438472583e-07
4.430136515413731,3.967422438472583e-07
4.433204476989503,3.967422438472583e-07
4.4362724385652745,3.967422438472583e-07
4.439340400141045,3.967422438472583e-07
4.442408361716817,3.967422438472583e-07
4.4454763232925885,3.967422438472583e-07
4.448544284868359,3.967422438472583e-07
4.451612246444131,3.967422438472583e-07
4.454680208019902,3.967422438472583e-07
4.457748169595673,3.967422438472583e-07
4.460816131171445,3.967422438472583e-07
4.463884092747215,3.967422438472583e-07
4.466952054322987,3.967422438472583e-07
4.470020015898759,3.967422438472583e-07
4.473087977474529,3.967422438472583e-07
4.476155939050301,3.967422438472583e-07
4.479223900626073,3.967422438472583e-07
4.482291862201843,3.967422438472583e-07
4.485359823777615,3.967422438472583e-07
4.4884277853533865,3.967422438472583e-07
4.491495746929157,3.967422438472583e-07
4.494563708504929,3.967422438472583e-07
4.4976316700806995,3.967422438472583e-07
4.500699631656471,3.967422438472583e-07
4.503767593232243,3.967422438472583e-07
4.5068355548080135,3.967422438472583e-07
4.509903516383785,3.967422438472583e-07
4.512971477959557,3.967422438472583e-07
4.516039439535327,3.967422438472583e-07
4.519107401111099,3.967422438472583e-07
4.522175362686871,3.967422438472583e-07
4.525243324262641,3.9683412165469475e-07
4.528311285838413,4.0271395376205937e-07
4.531379247414184,4.086511921726783e-07
4.534447208989955,4.1464550033281365e-07
4.537515170565727,4.2069652315531343e-07
4.540583132141498,4.2680388695219357e-07
4.543651093717269,4.3296719937447776e-07
4.546719055293041,4.3918604935932585e-07
4.5497870168688115,4.454600070845541e-07
4.552854978444583,4.5178862393037853e-07
4.555922940020355,4.581714324486953e-07
4.558990901596125,4.6460794633955734e-07
4.562058863171897,4.710976604352059e-07
4.565126824747668,4.776400506913624e-07
4.568194786323439,4.842345741860026e-07
4.571262747899211,4.908806691255751e-07
4.574330709474982,4.975777548585227e-07
4.577398671050753,5.04325231896368e-07
4.580466632626525,5.111224819420684e-07
4.583534594202296,5.179688679258381e-07
4.586602555778067,5.248637340484078e-07
4.589670517353839,5.318064058315957e-07
4.5927384789296095,5.387961901763158e-07
4.595806440505381,5.45832375427908e-07
4.598874402081152,5.529142314488054e-07
4.601942363656923,5.600410096985409e-07
4.605010325232695,5.672119433210393e-07
4.608078286808466,5.744262472391899e-07
4.611146248384237,5.816831182566769e-07
4.614214209960009,5.88981735166919e-07
4.61728217153578,5.963212588693462e-07
4.620350133111551,6.037008324926734e-07
4.623418094687323,6.111195815254088e-07
4.626486056263094,6.185766139532695e-07
4.629554017838865,6.260710204037948e-07
4.632621979414636,6.336018742977888e-07
4.6356899409904075,6.411682320077087e-07
4.638757902566179,6.487691330230498e-07
4.64182586414195,6.564036001223849e-07
4.6448938257177215,6.640706395523241e-07
4.647961787293493,6.717692412130431e-07
4.651029748869264,6.794983788505745e-07
4.654097710445035,6.872570102556239e-07
4.657165672020807,6.950440774689391e-07
4.660233633596578,7.028585069931308e-07
4.663301595172349,7.106992100109114e-07
4.66636955674812,7.185650826095286e-07
4.669437518323892,7.264550060116263e-07
4.672505479899663,7.343678468121305e-07
4.675573441475434,7.423024572213118e-07
4.678641403051206,7.502576753138252e-07
4.681709364626977,7.582323252836399e-07
4.684777326202748,7.66225217704941e-07
4.6878452877785195,7.742351497985847e-07
4.690913249354291,7.822609057044966e-07
4.693981210930062,7.90301256759391e-07
4.697049172505833,7.983549617802007e-07
4.700117134081604,8.064207673527165e-07
4.703185095657376,8.14497408125649e-07
4.706253057233147,8.225836071098997e-07
4.709321018808918,8.306780759828387e-07
4.71238898038469,8.387795153977328e-07
4.715456941960461,8.468866152979425e-07
4.718524903536232,8.549980552359635e-07
4.721592865112004,8.631125046972121e-07
4.724660826687775,8.712286234283251e-07
4.727728788263546,8.793450617699916e-07
4.7307967498393175,8.874604609941213e-07
4.733864711415088,8.955734536452409e-07
4.73693267299086,9.036826638860837e-07
4.7400006345666315,9.117867078471624e-07
4.743068596142402,9.198841939802881e-07
4.746136557718174,9.279737234158825e-07
4.749204519293945,9.3605389032384e-07
4.752272480869716,9.44123282278132e-07
4.755340442445488,9.52180480624681e-07
4.758408404021259,9.6022406085267e-07
4.76147636559703,9.6825259296886e-07
4.764544327172802,9.762646418751956e-07
4.767612288748572,9.842587677491387e-07
4.770680250324344,9.92233526426812e-07
4.773748211900116,1.000187469789034e-06
4.776816173475886,1.0081191461496135e-06
4.779884135051658,1.0160271006462893e-06
4.7829520966274295,1.023909875633764e-06
4.7860200582032,1.0317660110790253e-06
4.789088019778972,1.039594044958628e-06
4.792155981354743,1.0473925136578534e-06
4.795223942930514,1.0551599523716508e-06
4.798291904506286,1.062894895507224e-06
4.8013598660820564,1.0705958770879118e-06
4.804427827657828,1.0782614311586853e-06
4.8074957892336,1.08589009219265e-06
4.81056375080937,1.0934803954987162e-06
4.813631712385142,1.1010308776301658e-06
4.816699673960914,1.108540076793988e-06
4.819767635536684,1.1160065332609845e-06
4.822835597112456,1.1234287897761664e-06
4.8259035586882275,1.130805391969856e-06
4.828971520263998,1.1381348887687037e-06
4.83203948183977,1.1454158328070758e-06
4.8351074434155406,1.1526467808381944e-06
4.838175404991312,1.1598262941452039e-06
4.841243366567084,1.1669529389519837e-06
4.8443113281428545,1.1740252868333302e-06
4.847379289718626,1.1810419151247628e-06
4.850447251294398,1.1880014073314302e-06
4.853515212870168,1.1949023535361587e-06
4.85658317444594,1.201743350806628e-06
4.859651136021712,1.2085230036012617e-06
4.862719097597482,1.2152399241739086e-06
4.865787059173254,1.2218927329770705e-06
4.868855020749025,1.2284800590635827e-06
4.871922982324796,1.235000540486584e-06
4.874990943900568,1.2414528246976827e-06
4.878058905476339,1.2478355689431646e-06
4.88112686705211,1.2541474406581085e-06
4.884194828627882,1.2603871178581378e-06
4.8872627902036525,1.266553289529019e-06
4.890330751779424,1.2726446560135905e-06
4.893398713355196,1.2786599293961748e-06
4.896466674930966,1.2845978338840938e-06
4.899534636506738,1.2904571061864735e-06
4.902602598082509,1.2962364958898743e-06
4.90567055965828,1.3019347658307394e-06
4.908738521234052,1.307550692464818e-06
4.911806482809823,1.313083066232873e-06
4.914874444385594,1.318530691923103e-06
4.917942405961366,1.323892389029729e-06
4.921010367537137,1.3291669921079457e-06
4.924078329112908,1.3343533511248882e-06
4.92714629068868,1.3394503318066131e-06
4.9302142522644505,1.344456815980967e-06
4.933282213840222,1.3493717019162085e-06
4.936350175415993,1.3541939046550997e-06
4.9394181369917645,1.3589223563447759e-06
4.942486098567536,1.3635560065618181e-06
4.945554060143307,1.368093822632711e-06
4.948622021719078,1.3725347899494452e-06
4.95168998329485,1.3768779122801604e-06
4.954757944870621,1.381122212074889e-06
4.957825906446392,1.3852667307658634e-06
4.960893868022164,1.389310529063008e-06
4.963961829597935,1.3932526872436637e-06
4.967029791173706,1.3970923054371741e-06
4.970097752749477,1.4008285039037072e-06
4.973165714325249,1.4044604233075564e-06
4.97623367590102,1.407987224984712e-06
4.979301637476791,1.4114080912044839e-06
4.9823695990525625,1.4147222254253688e-06
4.985437560628334,1.4179288525447865e-06
4.988505522204105,1.421027219142678e-06
4.991573483779876,1.4240165937190867e-06
4.994641445355648,1.4268962669253338e-06
4.997709406931419,1.4296655517889037e-06
5.00077736850719,1.4323237839318798e-06
5.003845330082961,1.4348703217828893e-06
5.006913291658733,1.4373045467824437e-06
5.009981253234504,1.439625863581663e-06
5.013049214810275,1.4418337002342886e-06
5.016117176386047,1.4439275083818961e-06
5.019185137961818,1.445906763432133e-06
5.022253099537589,1.44777096473027e-06
5.0253210611133605,1.4495196357235817e-06
5.028389022689132,1.4511523241187956e-06
5.031456984264903,1.4526686020323369e-06
5.0345249458406744,1.454068066133566e-06
5.037592907416445,1.455350337780737e-06
5.040660868992217,1.4565150631495685e-06
5.043728830567988,1.4575619133548516e-06
5.046796792143759,1.4584905845643739e-06
5.049864753719531,1.4593007981056918e-06
5.052932715295302,1.459992300565284e-06
5.056000676871073,1.460564863880452e-06
5.059068638446845,1.4610182854235286e-06
5.062136600022616,1.4613523880786758e-06
5.065204561598387,1.4615670203110997e-06
5.0682725231741586,1.4616620562286963e-06
5.071340484749929,1.4616373956359254e-06
5.074408446325701,1.4614929640803303e-06
5.0774764079014725,1.4612287128911621e-06
5.080544369477243,1.4608446192104674e-06
5.083612331053015,1.4603406860164263e-06
5.086680292628786,1.4597169421389892e-06
5.089748254204557,1.4589734422679137e-06
5.092816215780329,1.4581102669528253e-06
5.0958841773561,1.4571275225959335e-06
5.098952138931871,1.4560253414366783e-06
5.102020100507643,1.454803881528909e-06
5.105088062083414,1.4534633267101311e-06
5.108156023659185,1.452003886563258e-06
5.111223985234957,1.450425796370462e-06
5.114291946810727,1.448729317059474e-06
5.117359908386499,1.4469147351421517e-06
5.1204278699622705,1.4449823626454075e-06
5.123495831538041,1.4429325370343768e-06
5.126563793113813,1.4407656211281783e-06
5.129631754689584,1.438482003007888e-06
5.132699716265355,1.4360820959170538e-06
5.135767677841127,1.4335663381545877e-06
5.138835639416898,1.4309351929601945e-06
5.141903600992669,1.4281891483923789e-06
5.144971562568441,1.4253287171987726e-06
5.148039524144211,1.422354436679409e-06
5.151107485719983,1.4192668685424304e-06
5.154175447295755,1.4160665987523815e-06
5.157243408871525,1.4127542373714957e-06
5.160311370447297,1.4093304183935504e-06
5.1633793320230685,1.4057957995706675e-06
5.166447293598839,1.4021510622328966e-06
5.169515255174611,1.3983969111008456e-06
5.1725832167503825,1.3945340740912698e-06
5.175651178326153,1.3905633021155947e-06
5.178719139901925,1.3864853688718123e-06
5.1817871014776955,1.3823010706293344e-06
5.184855063053467,1.3780112260072343e-06
5.187923024629239,1.3736166757457512e-06
5.190990986205009,1.3691182824711995e-06
5.194058947780781,1.3645169304543885e-06
5.197126909356553,1.359813525362512e-06
5.200194870932323,1.3550089940047652e-06
5.203262832508095,1.350104284071628e-06
5.206330794083867,1.3451003638678208e-06
5.209398755659637,1.3399982220393777e-06
5.212466717235409,1.3347988672944557e-06
5.21553467881118,1.3295033281183647e-06
5.218602640386951,1.3241126524825897e-06
5.221670601962723,1.3186279075481858e-06
5.2247385635384935,1.3130501793634633e-06
5.227806525114265,1.3073805725559717e-06
5.230874486690037,1.3016202100192842e-06
5.2339424482658075,1.2957702325941427e-06
5.237010409841579,1.289831798744524e-06
5.240078371417351,1.2838060842283947e-06
5.243146332993121,1.277694281763564e-06
5.246214294568893,1.2714976006884474e-06
5.249282256144664,1.265217266618066e-06
5.252350217720435,1.2588545210953283e-06
5.255418179296207,1.2524106212376878e-06
5.258486140871978,1.2458868393792008e-06
5.261554102447749,1.2392844627083892e-06
5.264622064023521,1.2326047929016832e-06
5.267690025599292,1.225849145752806e-06
5.270757987175063,1.219018850798046e-06
5.273825948750835,1.2121152509377193e-06
5.2768939103266055,1.2051397020538435e-06
5.279961871902377,1.1980935726239831e-06
5.283029833478148,1.190978243331849e-06
5.286097795053919,1.1837951066743175e-06
5.289165756629691,1.1765455665651018e-06
5.292233718205462,1.169231037935517e-06
5.295301679781233,1.1618529463319948e-06
5.298369641357005,1.1544127275108757e-06
5.301437602932776,1.1469118270303333e-06
5.304505564508547,1.1393516998397742e-06
5.307573526084319,1.131733809866716e-06
5.31064148766009,1.1240596296012557e-06
5.313709449235861,1.116330639678456e-06
5.316777410811632,1.1085483284585513e-06
5.3198453723874035,1.1007141916052739e-06
5.322913333963175,1.0928297316623212e-06
5.325981295538946,1.0848964576282515e-06
5.329049257114717,1.0769158845297556e-06
5.332117218690489,1.068889532993636e-06
5.33518518026626,1.060818928817504e-06
5.338253141842031,1.0527056025393903e-06
5.341321103417803,1.044551089006363e-06
5.344389064993574,1.03635692694243e-06
5.347457026569345,1.0281246585156074e-06
5.350524988145116,1.019855828904638e-06
5.353592949720888,1.0115519858651988e-06
5.356660911296659,1.0032146792958847e-06
5.35972887287243,9.948454608041559e-07
5.3627968344482015,9.864458832722143e-07
5.365864796023973,9.78017500423197e-07
5.368932757599744,9.695618663875861e-07
5.3720007191755155,9.610805352701478e-07
5.375068680751287,9.525750607174912e-07
5.378136642327058,9.440469954863342e-07
5.381204603902829,9.354978910127277e-07
5.3842725654786,9.26929296982293e-07
5.387340527054372,9.183427609016383e-07
5.390408488630143,9.097398276711399e-07
5.393476450205914,9.011220391591221e-07
5.396544411781686,8.924909337777265e-07
5.399612373357457,8.838480460604727e-07
5.402680334933228,8.751949062417487e-07
5.405748296509,8.665330398382887e-07
5.408816258084771,8.578639672328531e-07
5.411884219660542,8.491892032602221e-07
5.4149521812363135,8.40510256795569e-07
5.418020142812084,8.318286303455082e-07
5.421088104387856,8.231458196417921e-07
5.424156065963627,8.144633132378651e-07
5.427224027539398,8.057825921084519e-07
5.43029198911517,7.971051292521819e-07
5.433359950690941,7.884323892975612e-07
5.436427912266712,7.797658281122455e-07
5.439495873842484,7.711068924158645e-07
5.442563835418255,7.624570193964943e-07
5.445631796994026,7.538176363308696e-07
5.448699758569798,7.45190160208511e-07
5.451767720145568,7.365759973598775e-07
5.45483568172134,7.279765430886469e-07
5.4579036432971115,7.193931813082918e-07
5.460971604872882,7.10827284183001e-07
5.464039566448654,7.022802117731641e-07
5.4671075280244255,6.937533116854393e-07
5.470175489600196,6.852479187275911e-07
5.473243451175968,6.76765354568186e-07
5.476311412751739,6.683069274012413e-07
5.47937937432751,6.598739316160133e-07
5.482447335903282,6.514676474718941e-07
5.485515297479052,6.430893407787324e-07
5.488583259054824,6.34740262582452e-07
5.491651220630596,6.264216488562684e-07
5.494719182206366,6.181347201975108e-07
5.497787143782138,6.09880681530122e-07
5.50085510535791,6.016607218130786e-07
5.50392306693368,5.93476013754634e-07
5.506991028509452,5.853277135326428e-07
5.5100589900852235,5.77216960520994e-07
5.513126951660994,5.691448770222144e-07
5.516194913236766,5.611125680064112e-07
5.5192628748125365,5.53121120856571e-07
5.522330836388308,5.45171605120346e-07
5.52539879796408,5.372650722683895e-07
5.5284667595398505,5.294025554593163e-07
5.531534721115622,5.215850693114008e-07
5.534602682691394,5.13813609681048e-07
5.537670644267164,5.060891534481583e-07
5.540738605842936,4.984126583084016e-07
5.543806567418708,4.907850625725277e-07
5.546874528994478,4.832072849727648e-07
5.54994249057025,4.756802244763267e-07
5.553010452146021,4.682047601061815e-07
5.556078413721792,4.607817507690495e-07
5.559146375297564,4.534120350907533e-07
5.5622143368733346,4.460964312589682e-07
5.565282298449106,4.388357368733653e-07
5.568350260024878,4.316307288033182e-07
5.5714182216006485,4.2448216305308785e-07
5.57448618317642,4.173907746346358e-07
5.577554144752192,4.103572774480603e-07
5.580622106327962,4.033823641696998e-07
5.583690067903734,3.967422438472583e-07
5.586758029479505,3.967422438472583e-07
5.589825991055276,3.967422438472583e-07
5.592893952631048,3.967422438472583e-07
5.595961914206819,3.967422438472583e-07
5.59902987578259,3.967422438472583e-07
5.602097837358362,3.967422438472583e-07
5.605165798934133,3.967422438472583e-07
5.608233760509904,3.967422438472583e-07
5.611301722085676,3.967422438472583e-07
5.6143696836614465,3.967422438472583e-07
5.617437645237218,3.967422438472583e-07
5.620505606812989,3.967422438472583e-07
5.62357356838876,3.967422438472583e-07
5.626641529964532,3.967422438472583e-07
5.629709491540303,3.967422438472583e-07
5.632777453116074,3.967422438472583e-07
5.635845414691846,3.967422438472583e-07
5.638913376267617,3.967422438472583e-07
5.641981337843388,3.967422438472583e-07
5.64504929941916,3.967422438472583e-07
5.648117260994931,3.967422438472583e-07
5.651185222570702,3.967422438472583e-07
5.654253184146473,3.967422438472583e-07
5.6573211457222445,3.967422438472583e-07
5.660389107298016,3.967422438472583e-07
5.663457068873787,3.967422438472583e-07
5.6665250304495585,3.967422438472583e-07
5.66959299202533,3.967422438472583e-07
5.672660953601101,3.967422438472583e-07
5.675728915176872,3.967422438472583e-07
5.678796876752644,3.967422438472583e-07
5.681864838328415,3.967422438472583e-07
5.684932799904186,3.967422438472583e-07
5.688000761479957,3.967422438472583e-07
5.691068723055729,3.967422438472583e-07
5.6941366846315,3.967422438472583e-07
5.697204646207271,3.967422438472583e-07
5.700272607783043,3.967422438472583e-07
5.703340569358814,3.967422438472583e-07
5.706408530934585,3.967422438472583e-07
5.7094764925103565,3.967422438472583e-07
5.712544454086128,3.967422438472583e-07
5.715612415661899,3.967422438472583e-07
5.71868037723767,3.967422438472583e-07
5.721748338813441,3.967422438472583e-07
5.724816300389213,3.967422438472583e-07
5.727884261964984,3.967422438472583e-07
5.730952223540755,3.967422438472583e-07
5.734020185116527,3.967422438472583e-07
5.737088146692298,3.967422438472583e-07
5.740156108268069,3.967422438472583e-07
5.743224069843841,3.967422438472583e-07
5.746292031419612,3.967422438472583e-07
5.749359992995383,3.967422438472583e-07
5.7524279545711545,3.967422438472583e-07
5.755495916146925,3.967422438472583e-07
5.758563877722697,3.967422438472583e-07
5.7616318392984684,3.967422438472583e-07
5.764699800874239,3.967422438472583e-07
5.767767762450011,3.967422438472583e-07
5.770835724025782,3.967422438472583e-07
5.773903685601553,3.967422438472583e-07
5.776971647177325,3.967422438472583e-07
5.780039608753096,3.967422438472583e-07
5.783107570328867,3.967422438472583e-07
5.786175531904639,3.967422438472583e-07
5.789243493480409,3.967422438472583e-07
5.792311455056181,3.967422438472583e-07
5.7953794166319526,3.967422438472583e-07
5.798447378207723,3.967422438472583e-07
5.801515339783495,3.967422438472583e-07
5.8045833013592665,3.967422438472583e-07
5.807651262935037,3.967422438472583e-07
5.810719224510809,3.967422438472583e-07
5.81378718608658,3.967422438472583e-07
5.816855147662351,3.967422438472583e-07
5.819923109238123,3.967422438472583e-07
5.822991070813893,3.967422438472583e-07
5.826059032389665,3.967422438472583e-07
5.829126993965437,3.967422438472583e-07
5.832194955541207,3.967422438472583e-07
5.835262917116979,3.967422438472583e-07
5.838330878692751,3.967422438472583e-07
5.841398840268521,3.967422438472583e-07
5.844466801844293,3.967422438472583e-07
5.8475347634200645,3.967422438472583e-07
5.850602724995835,3.967422438472583e-07
5.853670686571607,3.967422438472583e-07
5.8567386481473775,3.967422438472583e-07
5.859806609723149,3.967422438472583e-07
5.862874571298921,3.967422438472583e-07
5.8659425328746915,3.967422438472583e-07
5.869010494450463,3.967422438472583e-07
5.872078456026235,3.967422438472583e-07
5.875146417602005,3.967422438472583e-07
5.878214379177777,3.967422438472583e-07
5.881282340753549,3.967422438472583e-07
5.884350302329319,3.967422438472583e-07
5.887418263905091,3.967422438472583e-07
5.890486225480862,3.967422438472583e-07
5.893554187056633,3.967422438472583e-07
5.896622148632405,3.967422438472583e-07
5.899690110208176,3.967422438472583e-07
5.902758071783947,3.967422438472583e-07
5.905826033359719,3.967422438472583e-07
5.9088939949354895,3.967422438472583e-07
5.911961956511261,3.967422438472583e-07
5.915029918087033,3.967422438472583e-07
5.918097879662803,3.967422438472583e-07
5.921165841238575,3.967422438472583e-07
5.924233802814347,3.967422438472583e-07
5.927301764390117,3.967422438472583e-07
5.930369725965889,3.967422438472583e-07
5.93343768754166,3.967422438472583e-07
5.936505649117431,3.967422438472583e-07
5.939573610693203,3.967422438472583e-07
5.942641572268974,3.967422438472583e-07
5.945709533844745,3.967422438472583e-07
5.948777495420517,3.967422438472583e-07
5.9518454569962875,3.967422438472583e-07
5.954913418572059,3.967422438472583e-07
5.957981380147831,3.967422438472583e-07
5.9610493417236015,3.967422438472583e-07
5.964117303299373,3.967422438472583e-07
5.967185264875144,3.967422438472583e-07
5.970253226450915,3.967422438472583e-07
5.973321188026687,3.967422438472583e-07
5.976389149602458,3.967422438472583e-07
5.979457111178229,3.967422438472583e-07
5.982525072754001,3.967422438472583e-07
5.985593034329772,3.967422438472583e-07
5.988660995905543,3.967422438472583e-07
5.991728957481315,3.967422438472583e-07
5.994796919057086,3.967422438472583e-07
5.997864880632857,3.967422438472583e-07
6.000932842208628,3.967422438472583e-07
6.0040008037843995,3.967422438472583e-07
6.007068765360171,3.967422438472583e-07
6.010136726935942,3.967422438472583e-07
6.013204688511713,3.967422438472583e-07
6.016272650087485,3.967422438472583e-07
6.019340611663256,3.967422438472583e-07
6.022408573239027,3.967422438472583e-07
6.025476534814799,3.967422438472583e-07
6.02854449639057,3.967422438472583e-07
6.031612457966341,3.967422438472583e-07
6.034680419542112,3.967422438472583e-07
6.037748381117884,3.967422438472583e-07
6.040816342693655,3.967422438472583e-07
6.043884304269426,3.967422438472583e-07
6.0469522658451975,3.967422438472583e-07
6.050020227420969,3.967422438472583e-07
6.05308818899674,3.967422438472583e-07
6.056156150572511,3.967422438472583e-07
6.059224112148283,3.967422438472583e-07
6.062292073724054,3.967422438472583e-07
6.065360035299825,3.967422438472583e-07
6.068427996875596,3.967422438472583e-07
6.071495958451368,3.967422438472583e-07
6.074563920027139,3.967422438472583e-07
6.07763188160291,3.967422438472583e-07
6.080699843178682,3.967422438472583e-07
6.083767804754453,3.967422438472583e-07
6.086835766330224,3.967422438472583e-07
6.0899037279059955,3.967422438472583e-07
6.092971689481767,3.967422438472583e-07
6.096039651057538,3.967422438472583e-07
6.0991076126333095,3.967422438472583e-07
6.10217557420908,3.967422438472583e-07
6.105243535784852,3.967422438472583e-07
6.108311497360623,3.967422438472583e-07
6.111379458936394,3.967422438472583e-07
6.114447420512166,3.967422438472583e-07
6.117515382087937,3.967422438472583e-07
6.120583343663708,3.967422438472583e-07
6.12365130523948,3.967422438472583e-07
6.126719266815251,3.967422438472583e-07
6.129787228391022,3.967422438472583e-07
6.132855189966794,3.967422438472583e-07
6.135923151542564,3.967422438472583e-07
6.138991113118336,3.967422438472583e-07
6.1420590746941075,3.967422438472583e-07
6.145127036269878,3.967422438472583e-07
6.14819499784565,3.967422438472583e-07
6.151262959421421,3.967422438472583e-07
6.154330920997192,3.967422438472583e-07
6.157398882572964,3.967422438472583e-07
6.160466844148735,3.967422438472583e-07
6.163534805724506,3.967422438472583e-07
6.166602767300278,3.967422438472583e-07
6.169670728876048,3.967422438472583e-07
6.17273869045182,3.967422438472583e-07
6.175806652027592,3.967422438472583e-07
6.178874613603362,3.967422438472583e-07
6.181942575179134,3.967422438472583e-07
6.1850105367549055,3.967422438472583e-07
6.188078498330676,3.967422438472583e-07
6.191146459906448,3.967422438472583e-07
6.1942144214822195,3.967422438472583e-07
6.19728238305799,3.967422438472583e-07
6.200350344633762,3.967422438472583e-07
6.2034183062095325,3.967422438472583e-07
6.206486267785304,3.967422438472583e-07
6.209554229361076,3.967422438472583e-07
6.212622190936846,3.967422438472583e-07
6.215690152512618,3.967422438472583e-07
6.21875811408839,3.967422438472583e-07
6.22182607566416,3.967422438472583e-07
6.224894037239932,3.967422438472583e-07
6.227961998815704,3.967422438472583e-07
6.231029960391474,3.967422438472583e-07
6.234097921967246,3.967422438472583e-07
6.237165883543017,3.967422438472583e-07
6.240233845118788,3.967422438472583e-07
6.24330180669456,3.967422438472583e-07
6.2463697682703305,3.967422438472583e-07
6.249437729846102,3.967422438472583e-07
6.252505691421874,3.967422438472583e-07
6.2555736529976445,3.967422438472583e-07
6.258641614573416,3.967422438472583e-07
6.261709576149188,3.967422438472583e-07
6.264777537724958,3.967422438472583e-07
6.26784549930073,3.967422438472583e-07
6.270913460876501,3.967422438472583e-07
6.273981422452272,3.967422438472583e-07
6.277049384028044,3.967422438472583e-07
6.280117345603815,3.967422438472583e-07
