theta,omega_lambda,frw_sane
0.0,0.060547190529246495,0
0.0030679615757712823,0.060547190529246495,0
0.006135923151542565,0.060547190529246495,0
0.009203884727313847,0.060547190529246495,0
0.01227184630308513,0.060547190529246495,0
0.015339807878856412,0.060547190529246495,0
0.018407769454627694,0.060547190529246495,0
0.021475731030398976,0.060547190529246495,0
0.02454369260617026,0.060547190529246495,0
0.02761165418194154,0.060547190529246495,0
0.030679615757712823,0.060547190529246495,0
0.0337475773334841,0.060547190529246495,0
0.03681553890925539,0.060547190529246495,0
0.039883500485026674,0.060547190529246495,0
0.04295146206079795,0.060547190529246495,0
0.04601942363656923,0.060547190529246495,0
0.04908738521234052,0.060547190529246495,0
0.0521553467881118,0.060547190529246495,0
0.05522330836388308,0.060547190529246495,0
0.05829126993965436,0.060547190529246495,0
0.06135923151542565,0.060547190529246495,0
0.06442719309119693,0.060547190529246495,0
0.0674951546669682,0.060547190529246495,0
0.07056311624273949,0.060547190529246495,0
0.07363107781851078,0.060547190529246495,0
0.07669903939428206,0.060547190529246495,0
0.07976700097005335,0.060547190529246495,0
0.08283496254582462,0.060547190529246495,0
0.0859029241215959,0.060547190529246495,0
0.08897088569736719,0.060547190529246495,0
0.09203884727313846,0.060547190529246495,0
0.09510680884890975,0.060547190529246495,0
0.09817477042468103,0.060547190529246495,0
0.10124273200045232,0.060547190529246495,0
0.1043106935762236,0.060547190529246495,0
0.10737865515199488,0.060547190529246495,0
0.11044661672776616,0.060547190529246495,0
0.11351457830353745,0.060547190529246495,0
0.11658253987930872,0.060547190529246495,0
0.11965050145508001,0.060547190529246495,0
0.1227184630308513,0.060547190529246495,0
0.12578642460662257,0.060547190529246495,0
0.12885438618239387,0.060547190529246495,0
0.13192234775816514,0.060547190529246495,0
0.1349903093339364,0.060547190529246495,0
0.1380582709097077,0.060547190529246495,0
0.14112623248547898,0.060547190529246495,0
0.14419419406125028,0.060547190529246495,0
0.14726215563702155,0.060547190529246495,0
0.15033011721279282,0.060547190529246495,0
0.15339807878856412,0.060547190529246495,0
0.1564660403643354,0.060547190529246495,0
0.1595340019401067,0.060547190529246495,0
0.16260196351587797,0.060547190529246495,0
0.16566992509164924,0.060547190529246495,0
0.16873788666742054,0.060547190529246495,0
0.1718058482431918,0.060547190529246495,0
0.17487380981896308,0.0613384435003537,0
0.17794177139473438,0.06290038565657238,0
0.18100973297050565,0.06449119797483682,0
0.18407769454627693,0.06611114787724458,0
0.18714565612204823,0.06776050038166288,0
0.1902136176978195,0.06943951801769976,0
0.1932815792735908,0.07114846074301902,0
0.19634954084936207,0.07288758586001495,0
0.19941750242513334,0.07465714793287868,0
0.20248546400090464,0.07645739870507756,0
0.2055534255766759,0.07828858701726918,0
0.2086213871524472,0.08015095872567567,0
0.21168934872821848,0.08204475662094812,0
0.21475731030398976,0.08397022034752823,0
0.21782527187976106,0.08592758632355453,0
0.22089323345553233,0.0879170876613127,0
0.2239611950313036,0.08993895408826935,0
0.2270291566070749,0.0919934118687089,0
0.23009711818284617,0.0940806837259884,0
0.23316507975861744,0.09620098876544413,0
0.23623304133438874,0.09835454239796862,0
0.23930100291016002,0.10054155626427627,0
0.24236896448593132,0.10276223815988392,0
0.2454369260617026,0.10501679196083342,0
0.24850488763747386,0.10730541755015996,0
0.25157284921324513,0.10962831074515562,0
0.25464081078901646,0.11198566322542342,0
0.25770877236478773,0.1143776624617536,0
0.260776733940559,0.11680449164585366,0
0.2638446955163303,0.11926632962093114,0
0.26691265709210155,0.12176335081316479,0
0.2699806186678728,0.1242957251640855,0
0.27304858024364415,0.12686361806387533,0
0.2761165418194154,0.12946719028561465,0
0.2791845033951867,0.13210659792049706,0
0.28225246497095796,0.13478199231401705,0
0.28532042654672923,0.13749352000317572,0
0.28838838812250056,0.14024132265469416,0
0.29145634969827183,0.14302553700426995,0
0.2945243112740431,0.14584629479690095,0
0.2975922728498144,0.14870372272827112,0
0.30066023442558565,0.15159794238723442,0
0.303728196001357,0.15452907019941475,0
0.30679615757712825,0.15749721737192662,0
0.3098641191528995,0.16050248983923743,0
0.3129320807286708,0.16354498821020486,0
0.31600004230444206,0.16662480771626603,0
0.3190680038802134,0.16974203816084513,0
0.32213596545598466,0.17289676386994687,0
0.32520392703175593,0.17608906364398322,0
0.3282718886075272,0.17931901071083547,0
0.3313398501832985,0.1825866726801656,0
0.33440781175906975,0.18589211149898974,0
0.3374757733348411,0.1892353834085365,0
0.34054373491061235,0.19261653890239702,0
0.3436116964863836,0.19603562268596608,0
0.3466796580621549,0.19949267363722514,0
0.34974761963792617,0.20298772476882534,0
0.3528155812136975,0.20652080319153981,0
0.35588354278946877,0.21009193007904572,0
0.35895150436524004,0.2137011206340817,0
0.3620194659410113,0.21734838405598,0
0.3650874275167826,0.22103372350957212,0
0.36815538909255385,0.22475713609550155,0
0.3712233506683252,0.22851861282193076,0
0.37429131224409645,0.23231813857766853,0
0.3773592738198677,0.23615569210670484,0
0.380427235395639,0.24003124598419978,0
0.38349519697141027,0.24394476659387468,0
0.3865631585471816,0.2478962141068881,0
0.38963112012295287,0.2518855424621298,0
0.39269908169872414,0.25591269934799243,0
0.3957670432744954,0.25997762618560355,0
0.3988350048502667,0.26408025811352476,0
0.401902966426038,0.26822052397393303,0
0.4049709280018093,0.2723983463002733,0
0.40803888957758055,0.2766136413064163,0
0.4111068511533518,0.2808663188772734,0
0.4141748127291231,0.28515628256095066,0
0.4172427743048944,0.28948342956234613,0
0.4203107358806657,0.29384765073830066,0
0.42337869745643697,0.29824883059421214,0
0.42644665903220824,0.3026868472821679,0
0.4295146206079795,0.30716157260059074,0
0.4325825821837508,0.3116728719953798,0
0.4356505437595221,0.31622060456257045,0
0.4387185053352934,0.3208046230524921,0
0.44178646691106466,0.32542477387544927,0
0.44485442848683593,0.3300808971088896,0
0.4479223900626072,0.33477282650611456,0
0.45099035163837853,0.3395003895064463,0
0.4540583132141498,0.34426340724695687,0
0.45712627478992107,0.34906169457565134,0
0.46019423636569234,0.3538950600661782,0
0.4632621979414636,0.35876330603402873,0
0.4663301595172349,0.363666228554232,0
0.4693981210930062,0.3686036174805427,0
0.4724660826687775,0.3735752564661006,0
0.47553404424454876,0.3785809229856036,0
0.47860200582032003,0.3836203883589066,0
0.4816699673960913,0.3886934177761604,0
0.48473792897186263,0.3937997703243363,0
0.4878058905476339,0.39893919901528896,0
0.4908738521234052,0.4041114508152099,0
0.49394181369917645,0.4093162666755581,0
0.4970097752749477,0.41455338156542826,0
0.500077736850719,0.41982252450533647,0
0.5031456984264903,0.42512341860244,0
0.5062136600022615,0.4304557810871657,0
0.5092816215780329,0.43581932335124746,0
0.5123495831538042,0.441213750987157,0
0.5154175447295755,0.4466387638289164,0
0.5184855063053467,0.4520940559942976,0
0.521553467881118,0.45757931592838264,0
0.5246214294568893,0.46309422644847154,0
0.5276893910326605,0.46863846479034793,0
0.5307573526084318,0.4742117026558654,0
0.5338253141842031,0.4798136062618612,0
0.5368932757599744,0.48544383639037775,0
0.5399612373357456,0.491102048440169,0
0.543029198911517,0.4967878924795127,0
0.5460971604872883,0.5025010133002712,0
0.5491651220630596,0.5082410504732122,0
0.5522330836388308,0.5140076384045813,0
0.5553010452146021,0.5198004063938959,0
0.5583690067903734,0.5256189786929473,0
0.5614369683661447,0.531462974566014,0
0.5645049299419159,0.5373320083512451,0
0.5675728915176872,0.543225689523221,0
0.5706408530934585,0.5491436227566642,0
0.5737088146692298,0.5550854079912735,0
0.5767767762450011,0.5610506404977011,0
0.5798447378207724,0.5670389109446139,0
0.5829126993965437,0.573049805466845,0
0.5859806609723149,0.5790829057346115,0
0.5890486225480862,0.585137789023801,0
0.5921165841238575,0.5912140282872566,0
0.5951845456996288,0.5973111922271109,0
0.5982525072754,0.6034288453680979,0
0.6013204688511713,0.6095665481318513,0
0.6043884304269426,0.6157238569121526,0
0.607456392002714,0.6219003241511256,0
0.6105243535784852,0.628095498416362,0
0.6135923151542565,0.6343089244789267,0
0.6166602767300278,0.6405401433922618,0
0.619728238305799,0.6467886925719426,0
0.6227961998815703,0.6530541058762847,0
0.6258641614573416,0.6593359136877611,0
0.6289321230331129,0.6656336429952303,0
0.6320000846088841,0.671946817476933,0
0.6350680461846554,0.6782749575842638,0
0.6381360077604268,0.6846175806262641,0
0.641203969336198,0.6909742008548255,0
0.6442719309119693,0.69734432955063,0
0.6473398924877406,0.7037274751097073,0
0.6504078540635119,0.7101231431306816,0
0.6534758156392831,0.7165308365026314,0
0.6565437772150544,0.7229500554935742,0
0.6596117387908257,0.7293802978394991,0
0.662679700366597,0.7358210588340146,0
0.6657476619423682,0.7422718314184936,0
0.6688156235181395,0.7487321062727521,0
0.6718835850939109,0.7552013719062298,0
0.6749515466696822,0.7616791147496247,0
0.6780195082454534,0.7681648192470042,0
0.6810874698212247,0.7746579679483127,0
0.684155431396996,0.7811580416023022,0
0.6872233929727672,0.7876645192498407,0
0.6902913545485385,0.7941768783175686,0
0.6933593161243098,0.8006945947119054,0
0.6964272777000811,0.8072171429133403,0
0.6994952392758523,0.8137439960710505,0
0.7025632008516236,0.8202746260977312,0
0.705631162427395,0.826808503764721,0
0.7086991240031663,0.8333450987972969,0
0.7117670855789375,0.8398838799702006,0
0.7148350471547088,0.8464243152033019,0
0.7179030087304801,0.8529658716574362,0
0.7209709703062513,0.8595080158303462,0
0.7240389318820226,0.8660502136527388,0
0.7271068934577939,0.8725919305843997,0
0.7301748550335652,0.8791326317103763,0
0.7332428166093364,0.8856717818371854,0
0.7363107781851077,0.8922088455890259,0
0.7393787397608791,0.8987432875039681,0
0.7424467013366504,0.9052745721301105,0
0.7455146629124216,0.9118021641216782,0
0.7485826244881929,0.9183255283350172,0
0.7516505860639642,0.9248441299244895,0
0.7547185476397354,0.931357434438231,0
0.7577865092155067,0.9378649079137679,0
0.760854470791278,0.9443660169734217,0
0.7639224323670493,0.9508602289195441,0
0.7669903939428205,0.9573470118295221,0
0.7700583555185919,0.96382583465051,0
0.7731263170943632,0.9702961672939227,0
0.7761942786701345,0.9767574807296302,0
0.7792622402459057,0.9832092470798287,0
0.782330201821677,0.9896509397125757,0
0.7853981633974483,0.9960820333349815,0
0.7884661249732196,1.0025020040859944,0
0.7915340865489908,1.0089103296288293,0
0.7946020481247621,1.0153064892429151,0
0.7976700097005334,1.0216899639154513,0
0.8007379712763046,1.0280602364324563,0
0.803805932852076,1.0344167914693696,0
0.8068738944278473,1.0407591156811034,0
0.8099418560036186,1.047086697791606,0
0.8130098175793898,1.0533990286828572,0
0.8160777791551611,1.0596956014832863,0
0.8191457407309324,1.0659759116556247,0
0.8222137023067037,1.0722394570841314,0
0.8252816638824749,1.0784857381612045,0
0.8283496254582462,1.0847142578733215,0
0.8314175870340175,1.0909245218863493,0
0.8344855486097889,1.0971160386301397,0
0.8375535101855601,1.10328831938242,0
0.8406214717613314,1.1094408783519838,0
0.8436894333371027,1.1155732327611179,0
0.8467573949128739,1.1216849029272817,0
0.8498253564886452,1.1277754123440096,0
0.8528933180644165,1.1338442877610082,0
0.8559612796401878,1.1398910592634448,0
0.859029241215959,1.1459152603504394,0
0.8620972027917303,1.1519164280126453,0
0.8651651643675016,1.1578941028090322,0
0.868233125943273,1.1638478289427587,0
0.8713010875190442,1.1697771543361464,0
0.8743690490948155,1.1756816307047764,0
0.8774370106705868,1.1815608136306073,0
0.880504972246358,1.187414262634221,0
0.8835729338221293,1.1932415412460482,0
0.8866408953979006,1.1990422170766701,0
0.8897088569736719,1.2048158618861096,0
0.8927768185494431,1.2105620516521522,0
0.8958447801252144,1.2162803666376172,0
0.8989127417009857,1.221970391456646,0
0.9019807032767571,1.2276317151399276,0
0.9050486648525283,1.2332639311988844,0
0.9081166264282996,1.238866637688783,0
0.9111845880040709,1.244439437270788,0
0.9142525495798421,1.2499819372729324,0
0.9173205111556134,1.255493749749975,0
0.9203884727313847,1.2609744915421386,0
0.923456434307156,1.2664237843327746,0
0.9265243958829272,1.2718412547048685,0
0.9295923574586985,1.2772265341963804,0
0.9326603190344698,1.282579259354506,0
0.9357282806102412,1.287899071788719,0
0.9387962421860124,1.2931856182226602,0
0.9418642037617837,1.2984385505448766,0
0.944932165337555,1.3036575258583367,0
0.9480001269133262,1.3088422065287983,0
0.9510680884890975,1.3139922602319356,0
0.9541360500648688,1.3191073599992789,0
0.9572040116406401,1.3241871842629382,0
0.9602719732164113,1.3292314168991308,0
0.9633399347921826,1.3342397472704093,0
0.966407896367954,1.3392118702667546,0
0.9694758579437253,1.3441474863453573,0
0.9725438195194965,1.3490463015691814,0
0.9756117810952678,1.3539080276442903,0
0.9786797426710391,1.3587323819558876,0
0.9817477042468103,1.3635190876031533,0
0.9848156658225816,1.368267873432763,0
0.9878836273983529,1.3729784740711724,0
0.9909515889741242,1.3776506299556415,0
0.9940195505498954,1.3822840873639701,0
0.9970875121256667,1.3868785984429648,0
1.000155473701438,1.3914339212356517,0
1.0032234352772094,1.3959498197071796,0
1.0062913968529805,1.400426063769466,0
1.009359358428752,1.4048624293045882,0
1.012427320004523,1.4092586981868112,0
1.0154952815802945,1.4136146583034603,0
1.0185632431560658,1.4179301035744054,0
1.021631204731837,1.4222048339703197,0
1.0246991663076084,1.4264386555296351,0
1.0277671278833795,1.4306313803742827,0
1.030835089459151,1.4347828267240388,0
1.033903051034922,1.438892818909718,0
1.0369710126106935,1.4429611873850272,0
1.0400389741864646,1.4469877687371528,0
1.043106935762236,1.4509724056961146,0
1.0461748973380072,1.4549149471428076,0
1.0492428589137786,1.4588152481158358,0
1.05231082048955,1.4626731698170448,0
1.055378782065321,1.4664885796158245,0
1.0584467436410925,1.4702613510521456,0
1.0615147052168636,1.4739913638383964,0
1.064582666792635,1.4776785038598885,0
1.0676506283684062,1.481322663174249,0
1.0707185899441776,1.4849237400094846,0
1.0737865515199487,1.4884816387608586,0
1.0768545130957201,1.4919962699865978,0
1.0799224746714913,1.4954675504022579,0
1.0829904362472627,1.498895402874077,0
1.086058397823034,1.5022797564109482,0
1.0891263593988052,1.5056205461553118,0
1.0921943209745766,1.5089177133728358,0
1.0952622825503477,1.512171205440943,0
1.0983302441261191,1.5153809758361096,0
1.1013982057018903,1.518546984120089,0
1.1044661672776617,1.5216691959249407,0
1.1075341288534328,1.5247475829369135,0
1.1106020904292042,1.5277821228792514,0
1.1136700520049756,1.5307727994937836,0
1.1167380135807468,1.5337196025215145,0
1.1198059751565181,1.5366225276820389,0
1.1228739367322893,1.5394815766518928,0
1.1259418983080607,1.5422967570417967,0
1.1290098598838318,1.5450680823728975,0
1.1320778214596032,1.5477955720518504,0
1.1351457830353744,1.5504792513449674,0
1.1382137446111458,1.5531191513512275,0
1.141281706186917,1.5557153089743148,0
1.1443496677626883,1.558267766893672,0
1.1474176293384597,1.5607765735344639,0
1.1504855909142309,1.5632417830366419,0
1.1535535524900022,1.565663455223001,0
1.1566215140657734,1.5680416555662544,0
1.1596894756415448,1.5703764551551627,0
1.162757437217316,1.572667930659791,0
1.1658253987930873,1.5749161642957057,0
1.1688933603688585,1.5771212437874256,0
1.1719613219446299,1.5792832623308413,0
1.175029283520401,1.5814023185548152,0
1.1780972450961724,1.5834785164819296,0
1.1811652066719438,1.5855119654882908,0
1.184233168247715,1.5875027802626025,0
1.1873011298234863,1.5894510807643485,0
1.1903690913992575,1.5913569921811714,0
1.193437052975029,1.5932206448854391,0
1.1965050145508,1.5950421743900904,0
1.1995729761265714,1.5968217213036124,0
1.2026409377023426,1.5985594312843787,0
1.205708899278114,1.6002554549941577,0
1.2087768608538851,1.6019099480509096,0
1.2118448224296565,1.6035230709809627,0
1.214912784005428,1.6050949891703694,0
1.217980745581199,1.6066258728156662,0
1.2210487071569704,1.60811589687399,0
1.2241166687327416,1.6095652410124568,0
1.227184630308513,1.610974089557004,0
1.2302525918842842,1.6123426314405722,0
1.2333205534600555,1.6136710601506803,0
1.2363885150358267,1.6149595736764732,0
1.239456476611598,1.6162083744551388,0
1.2425244381873692,1.6174176693177897,0
1.2455923997631406,1.618587669434884,0
1.248660361338912,1.6197185902609668,0
1.2517283229146832,1.6208106514791174,0
1.2547962844904545,1.6218640769447434,0
1.2578642460662257,1.622879094628959,0
1.260932207641997,1.6238559365615572,0
1.2640001692177683,1.6247948387734743,0
1.2670681307935396,1.6256960412388626,0
1.2701360923693108,1.626559787816795,0
1.2732040539450822,1.6273863261925015,0
1.2762720155208536,1.6281759078183065,0
1.2793399770966247,1.628928787854177,0
1.282407938672396,1.62964522510793,0
1.2854759002481673,1.6303254819751423,0
1.2885438618239387,1.6309698243787147,0
1.2916118233997098,1.631578521708176,0
1.2946797849754812,1.632151846758689,0
1.2977477465512524,1.6326900756698435,0
1.3008157081270237,1.6331934878641092,0
1.303883669702795,1.6336623659852023,0
1.3069516312785663,1.634096995836107,0
1.3100195928543377,1.6344976663169821,0
1.3130875544301088,1.6348646693628672,0
1.3161555160058802,1.6351982998812007,0
1.3192234775816514,1.6354988556892467,0
1.3222914391574228,1.6357666374513302,0
1.325359400733194,1.6360019486159851,0
1.3284273623089653,1.6362050953529925,0
1.3314953238847365,1.6363763864903484,0
1.3345632854605078,1.6365161334511067,0
1.337631247036279,1.636624650190282,0
1.3406992086120504,1.6367022531315458,0
1.3437671701878218,1.6367492611040377,0
1.346835131763593,1.636765995279112,0
1.3499030933393643,1.6367527791070646,0
1.3529710549151355,1.6367099382539094,0
1.3560390164909069,1.6366378005381887,0
1.359106978066678,1.6365366958678003,0
1.3621749396424494,1.636406956176905,0
1.3652429012182206,1.6362489153629258,0
1.368310862793992,1.6360629092235572,0
1.371378824369763,1.635849275394014,0
1.3744467859455345,1.6356083532842436,0
1.3775147475213059,1.6353404840163648,0
1.380582709097077,1.635046010362225,0
1.3836506706728484,1.6347252766810862,0
1.3867186322486196,1.6343786288575115,0
1.389786593824391,1.634006414239418,0
1.3928545554001621,1.633608981576315,0
1.3959225169759335,1.633186680957757,0
1.3989904785517047,1.632739863752017,0
1.402058440127476,1.6322688825449576,0
1.4051264017032472,1.6317740910792153,0
1.4081943632790186,1.6312558441935383,0
1.41126232485479,1.6307144977624637,0
1.4143302864305611,1.630150408636256,0
1.4173982480063325,1.6295639345810984,0
1.4204662095821037,1.628955434219609,0
1.423534171157875,1.6283252669716832,0
1.4266021327336462,1.627673792995599,0
1.4296700943094176,1.6270013731294948,0
1.4327380558851888,1.6263083688331919,0
1.4358060174609601,1.6255951421302934,0
1.4388739790367313,1.6248620555507731,0
1.4419419406125027,1.624109472073783,0
1.445009902188274,1.6233377550709456,0
1.4480778637640452,1.6225472682499764,0
1.4511458253398166,1.6217383755987365,0
1.4542137869155878,1.620911441329634,0
1.4572817484913592,1.6200668298245395,0
1.4603497100671303,1.6192049055799786,0
1.4634176716429017,1.61832603315287,0
1.4664856332186729,1.6174305771066624,0
1.4695535947944443,1.6165189019578659,0
1.4726215563702154,1.6155913721231412,0
1.4756895179459868,1.6146483518667236,0
1.4787574795217582,1.6136902052483806,0
1.4818254410975293,1.6127172960718597,0
1.4848934026733007,1.6117299878337326,0
1.4879613642490719,1.610728643672795,0
1.4910293258248433,1.6097136263199479,0
1.4940972874006144,1.6086852980485187,0
1.4971652489763858,1.6076440206251288,0
1.500233210552157,1.6065901552611037,0
1.5033011721279284,1.6055240625642433,0
1.5063691337036997,1.604446102491344,0
1.509437095279471,1.603356634300996,0
1.5125050568552423,1.6022560165070687,0
1.5155730184310134,1.601144606832667,0
1.5186409800067848,1.600022762164608,0
1.521708941582556,1.5988908385084528,0
1.5247769031583274,1.5977491909441093,0
1.5278448647340985,1.5965981735818708,0
1.53091282630987,1.595438139519136,0
1.533980787885641,1.594269440797577,0
1.5370487494614125,1.5930924283608963,0
1.5401167110371838,1.5919074520131462,0
1.543184672612955,1.5907148603775703,0
1.5462526341887264,1.5895150008560306,0
1.5493205957644975,1.5883082195889968,0
1.552388557340269,1.587094861416049,0
1.55545651891604,1.5858752698369953,0
1.5585244804918115,1.5846497869735583,0
1.5615924420675826,1.5834187535315278,0
1.564660403643354,1.5821825087636086,0
1.5677283652191252,1.5809413904327558,0
1.5707963267948966,1.579695734776055,0
1.573864288370668,1.578445876469264,0
1.576932249946439,1.5771921485917892,0
1.5800002115222105,1.5759348825923323,0
1.5830681730979816,1.5746744082550532,0
1.586136134673753,1.5734110536662804,0
1.5892040962495242,1.5721451451818302,0
1.5922720578252956,1.5708770073948475,0
1.5953400194010667,1.5696069631042162,0
1.5984079809768381,1.5683353332835168,0
1.6014759425526093,1.5670624370505737,0
1.6045439041283807,1.5657885916375023,0
1.607611865704152,1.5645141123613728,0
1.6106798272799232,1.56323931259535,0
1.6137477888556946,1.561964503740433,0
1.6168157504314657,1.560689995197734,0
1.6198837120072371,1.5594160943412614,0
1.6229516735830083,1.5581431064912827,0
1.6260196351587797,1.5568713348882115,0
1.6290875967345508,1.5556010806670042,0
1.6321555583103222,1.5543326428321012,0
1.6352235198860934,1.5530663182329252,0
1.6382914814618648,1.5518024015397962,0
1.6413594430376361,1.5505411852205326,0
1.6444274046134073,1.5492829595173916,0
1.6474953661891787,1.5480280124246153,0
1.6505633277649499,1.5467766296664895,0
1.6536312893407212,1.5455290946758313,0
1.6566992509164924,1.5442856885730338,0
1.6597672124922638,1.5430466901456013,0
1.662835174068035,1.5418123758281184,0
1.6659031356438063,1.5405830196827637,0
1.6689710972195777,1.5393588933802471,0
1.6720390587953489,1.538140266181244,0
1.6751070203711202,1.5369274049183097,0
1.6781749819468914,1.5357205739782231,0
1.6812429435226628,1.534520035284778,0
1.684310905098434,1.533326048282086,0
1.6873788666742053,1.532138869918256,0
1.6904468282499765,1.53095875462952,0
1.6935147898257479,1.5297859543248336,0
1.696582751401519,1.5286207183708733,0
1.6996507129772904,1.5274632935774326,0
1.7027186745530618,1.5263139241832944,0
1.705786636128833,1.5251728518424028,0
1.7088545977046044,1.5240403156105897,0
1.7119225592803755,1.5229165519325658,0
1.714990520856147,1.521801794629334,0
1.718058482431918,1.5206962748860333,0
1.7211264440076894,1.5196002212400888,0
1.7241944055834606,1.5185138595698031,0
1.727262367159232,1.5174374130832464,0
1.7303303287350031,1.5163711023075253,0
1.7333982903107745,1.5153151450784206,0
1.736466251886546,1.5142697565303629,0
1.739534213462317,1.51323514908669,0
1.7426021750380885,1.5122115324503465,0
1.7456701366138596,1.5111991135947713,0
1.748738098189631,1.510198096755205,0
1.7518060597654022,1.509208683420276,0
1.7548740213411735,1.5082310723238614,0
1.7579419829169447,1.5072654594372656,0
1.761009944492716,1.5063120379617225,0
1.7640779060684872,1.5053709983211045,0
1.7671458676442586,1.5044425281549647,0
1.77021382922003,1.5035268123118577,0
1.7732817907958012,1.5026240328428315,0
1.7763497523715726,1.5017343689953182,0
1.7794177139473437,1.5008579972071474,0
1.782485675523115,1.4999950911008426,0
1.7855536370988863,1.4991458214782083,0
1.7886215986746576,1.4983103563150408,0
1.7916895602504288,1.497488860756152,0
1.7947575218262002,1.4966814971105817,0
1.7978254834019713,1.4958884248469808,0
1.8008934449777427,1.4951098005892463,0
1.8039614065535141,1.4943457781123461,0
1.8070293681292853,1.4935965083383032,0
1.8100973297050567,1.4928621393323984,0
1.8131652912808278,1.4921428162995227,0
1.8162332528565992,1.4914386815807166,0
1.8193012144323704,1.4907498746498953,0
1.8223691760081417,1.4900765321106675,0
1.825437137583913,1.4894187876933844,0
1.8285050991596843,1.4887767722522913,0
1.8315730607354554,1.4881506137628315,0
1.8346410223112268,1.4875404373190773,0
1.8377089838869982,1.4869463651313195,0
1.8407769454627694,1.486368516523731,0
1.8438449070385408,1.485807007932228,0
1.846912868614312,1.4852619529023536,0
1.8499808301900833,1.4847334620873294,0
1.8530487917658545,1.484221643246218,0
1.8561167533416258,1.4837266012421255,0
1.859184714917397,1.4832484380405608,0
1.8622526764931684,1.4827872527078534,0
1.8653206380689396,1.4823431414096508,0
1.868388599644711,1.481916197409514,0
1.8714565612204823,1.4815065110675771,0
1.8745245227962535,1.4811141698392554,0
1.8775924843720249,1.4807392582740961,0
1.880660445947796,1.4803818580145753,0
1.8837284075235674,1.480042047795066,0
1.8867963690993386,1.4797199034407924,0
1.88986433067511,1.4794154978668341,0
1.892932292250881,1.4791289010772295,0
1.8960002538266525,1.478860180164075,0
1.8990682154024239,1.4786093993066813,0
1.902136176978195,1.4783766197707575,0
1.9052041385539664,1.4781618999076445,0
1.9082721001297376,1.4779652951535631,0
1.911340061705509,1.47778685802892,0
1.9144080232812801,1.4776266381375807,0
1.9174759848570515,1.4774846821662329,0
1.9205439464328227,1.4773610338837342,0
1.923611908008594,1.477255734140468,0
1.9266798695843652,1.4771688208677487,0
1.9297478311601366,1.4771003290772171,0
1.932815792735908,1.4770502908602614,0
1.9358837543116791,1.477018735387429,0
1.9389517158874505,1.4770056889078764,0
1.9420196774632217,1.4770111747488,0
1.945087639038993,1.4770352133149118,0
1.9481556006147642,1.4770778220878604,0
1.9512235621905356,1.4771390156257105,0
1.9542915237663068,1.477218805562425,0
1.9573594853420782,1.4773172006072992,0
1.9604274469178493,1.4774342065444621,0
1.9634954084936207,1.4775698262323411,0
1.966563370069392,1.4777240596031518,0
1.9696313316451632,1.477896903662362,0
1.9726992932209346,1.478088352488187,0
1.9757672547967058,1.4782983972310844,0
1.9788352163724772,1.4785270261132464,0
1.9819031779482483,1.4787742244280868,0
1.9849711395240197,1.4790399745397482,0
1.9880391010997909,1.4793242558826425,0
1.9911070626755623,1.479627044960914,0
1.9941750242513334,1.479948315348009,0
1.9972429858271048,1.4802880376862002,0
2.000310947402876,1.4806461796861472,0
2.0033789089786476,1.4810227061264478,0
2.0064468705544187,1.4814175788532151,0
2.00951483213019,1.481830756779682,0
2.012582793705961,1.4822621958858406,0
2.0156507552817327,1.482711849218031,0
2.018718716857504,1.4831796668886545,0
2.021786678433275,1.4836655960758374,0
2.024854640009046,1.48416958102316,0
2.0279226015848177,1.4846915630394373,0
2.030990563160589,1.485231480498456,0
2.03405852473636,1.4857892688388539,0
2.0371264863121317,1.4863648605639683,0
2.040194447887903,1.4869581852417733,0
2.043262409463674,1.487569169504824,0
2.046330371039445,1.4881977370503063,0
2.0493983326152168,1.4888438086400981,0
2.052466294190988,1.4895073021009104,0
2.055534255766759,1.49018813232451,0
2.0586022173425302,1.490886211267961,0
2.061670178918302,1.491601447954027,0
2.064738140494073,1.4923337484715526,0
2.067806102069844,1.4930830159759807,0
2.0708740636456158,1.4938491506899803,0
2.073942025221387,1.494632049904101,0
2.077009986797158,1.4954316079775842,0
2.0800779483729293,1.4962477163392556,0
2.083145909948701,1.497080263488495,0
2.086213871524472,1.4979291349963797,0
2.089281833100243,1.4987942135068966,0
2.0923497946760143,1.4996753787382895,0
2.095417756251786,1.5005725074845706,0
2.098485717827557,1.501485473617096,0
2.1015536794033283,1.5024141480863424,0
2.1046216409791,1.5033583989238042,0
2.107689602554871,1.5043180912440641,0
2.110757564130642,1.5052930872469736,0
2.1138255257064134,1.5062832462200666,0
2.116893487282185,1.5072884245410707,0
2.119961448857956,1.5083084756806504,0
2.1230294104337273,1.509343250205305,0
2.1260973720094984,1.5103925957804618,0
2.12916533358527,1.5114563571737663,0
2.132233295161041,1.5125343762585832,0
2.1353012567368124,1.5136264920176565,0
2.138369218312584,1.5147325405470715,0
2.141437179888355,1.5158523550603435,0
2.1445051414641263,1.5169857658928108,0
2.1475731030398975,1.5181326005062188,0
2.150641064615669,1.5192926834935483,0
2.1537090261914402,1.520465836584096,0
2.1567769877672114,1.5216518786488356,0
2.1598449493429825,1.5228506257059826,0
2.162912910918754,1.5240618909268993,0
2.1659808724945253,1.525285484642196,0
2.1690488340702965,1.5265212143481788,0
2.172116795646068,1.5277688847135429,0
2.1751847572218392,1.5290282975864067,0
2.1782527187976104,1.5302992520015706,0
2.1813206803733816,1.5315815441881926,0
2.184388641949153,1.5328749675776607,0
2.1874566035249243,1.5341793128118861,0
2.1905245651006955,1.5354943677518702,0
2.193592526676467,1.5368199174866166,0
2.1966604882522383,1.538155744342404,0
2.1997284498280094,1.539501627892401,0
2.2027964114037806,1.5408573449666036,0
2.205864372979552,1.5422226696621852,0
2.2089323345553233,1.5435973733541941,0
2.2120002961310945,1.544981224706607,0
2.2150682577068657,1.5463739896838222,0
2.2181362192826373,1.547775431562455,0
2.2212041808584084,1.54918531094361,0
2.2242721424341796,1.550603385765507,0
2.227340104009951,1.552029411316541,0
2.2304080655857224,1.5534631402487233,0
2.2334760271614935,1.5549043225916033,0
2.2365439887372647,1.5563527057665192,0
2.2396119503130363,1.5578080346013943,0
2.2426799118888074,1.5592700513458864,0
2.2457478734645786,1.5607384956870114,0
2.2488158350403498,1.5622131047652463,0
2.2518837966161214,1.563693613191007,0
2.2549517581918925,1.5651797530616884,0
2.2580197197676637,1.5666712539790986,0
2.2610876813434353,1.5681678430673802,0
2.2641556429192065,1.5696692449914385,0
2.2672236044949776,1.5711751819758244,0
2.270291566070749,1.5726853738240962,0
2.2733595276465204,1.574199537938701,0
2.2764274892222915,1.5757173893413536,0
2.2794954507980627,1.577238640693873,0
2.282563412373834,1.5787630023196055,0
2.2856313739496055,1.5802901822252593,0
2.2886993355253766,1.5818198861233428,0
2.291767297101148,1.583351817455081,0
2.2948352586769194,1.5848856774138493,0
2.2979032202526906,1.5864211649691522,0
2.3009711818284617,1.5879579768911471,0
2.304039143404233,1.5894958077756425,0
2.3071071049800045,1.591034350069718,0
2.3101750665557756,1.5925732940978194,0
2.313243028131547,1.5941123280884208,0
2.316310989707318,1.595651138201268,0
2.3193789512830896,1.5971894085550926,0
2.3224469128588607,1.598726821255965,0
2.325514874434632,1.6002630564261628,0
2.3285828360104035,1.60179779223356,0
2.3316507975861747,1.603330704921677,0
2.334718759161946,1.604861468840194,0
2.337786720737717,1.6063897564760605,0
2.3408546823134886,1.6079152384851938,0
2.3439226438892597,1.6094375837247212,0
2.346990605465031,1.6109564592857804,0
2.350058567040802,1.6124715305269355,0
2.3531265286165737,1.6139824611080775,0
2.356194490192345,1.6154889130250003,0
2.359262451768116,1.616990546644455,0
2.3623304133438876,1.6184870207398392,0
2.3653983749196588,1.619977992527408,0
2.36846633649543,1.6214631177031182,0
2.371534298071201,1.6229420504799523,0
2.3746022596469727,1.624414443625906,0
2.377670221222744,1.6258799485024835,0
2.380738182798515,1.6273382151037752,0
2.383806144374286,1.6287888920961353,0
2.386874105950058,1.6302316268583494,0
2.389942067525829,1.631666065522455,0
2.3930100291016,1.633091853015053,0
2.3960779906773717,1.6345086330992162,0
2.399145952253143,1.6359160484169362,0
2.402213913828914,1.6373137405321645,0
2.405281875404685,1.6387013499743168,0
2.408349836980457,1.6400785162824452,0
2.411417798556228,1.641444878049848,0
2.414485760131999,1.6428000729692889,0
2.4175537217077703,1.6441437378787511,0
2.420621683283542,1.6454755088076674,0
2.423689644859313,1.646795021023753,0
2.426757606435084,1.648101909080339,0
2.429825568010856,1.649395806864195,0
2.432893529586627,1.650676347643923,0
2.435961491162398,1.6519431641188411,0
2.4390294527381693,1.6531958884683353,0
2.442097414313941,1.6544341524017863,0
2.445165375889712,1.655657587208936,0
2.448233337465483,1.6568658238107585,0
2.4513012990412544,1.6580584928108377,0
2.454369260617026,1.6592352245471729,0
2.457437222192797,1.6603956491445075,0
2.4605051837685683,1.6615393965670964,0
2.46357314534434,1.6626660966719191,0
2.466641106920111,1.6637753792623717,0
2.4697090684958822,1.6648668741423929,0
2.4727770300716534,1.6659402111709902,0
2.475844991647425,1.666995020317244,0
2.478912953223196,1.668030931715706,0
2.4819809147989673,1.6690475757221939,0
2.4850488763747385,1.6700445829700332,0
2.48811683795051,1.6710215844266283,0
2.4911847995262812,1.6719782114504638,0
2.4942527611020524,1.672914095848492,0
2.497320722677824,1.6738288699338268,0
2.500388684253595,1.6747221665838468,0
2.5034566458293663,1.6755936192986491,0
2.5065246074051375,1.67644286225977,0
2.509592568980909,1.6772695303893177,0
2.5126605305566803,1.678073259409373,0
2.5157284921324514,1.678853685901692,0
2.5187964537082226,1.6796104473677533,0
2.521864415283994,1.6803431822889912,0
2.5249323768597653,1.681051530187416,0
2.5280003384355365,1.6817351316864084,0
2.531068300011308,1.6823936285718064,0
2.5341362615870793,1.6830266638532123,0
2.5372042231628504,1.6836338818255492,0
2.5402721847386216,1.6842149281307734,0
2.543340146314393,1.6847694498198678,0
2.5464081078901644,1.6852970954149598,0
2.5494760694659355,1.6857975149716444,0
2.552544031041707,1.6862703601414801,0
2.5556119926174783,1.6867152842345947,0
2.5586799541932495,1.6871319422824724,0
2.5617479157690206,1.6875199911008376,0
2.564815877344792,1.6878790893526678,0
2.5678838389205634,1.6882088976112843,0
2.5709518004963345,1.6885090784235606,0
2.5740197620721057,1.6887792963731414,0
2.5770877236478773,1.6890192181437793,0
2.5801556852236485,1.6892285125826818,0
2.5832236467994196,1.6894068507638758,0
2.5862916083751912,1.689553906051632,0
2.5893595699509624,1.689669354163826,0
2.5924275315267336,1.6897528732353204,0
2.5954954931025047,1.6898041438813258,0
2.5985634546782763,1.6898228492606708,0
2.6016314162540475,1.6898086751390726,0
2.6046993778298186,1.6897613099522846,0
2.60776733940559,1.689680444869154,0
2.6108353009813614,1.6895657738546206,0
2.6139032625571326,1.6894169937325492,0
2.6169712241329037,1.6892338042484067,0
2.6200391857086753,1.6890159081318832,0
2.6231071472844465,1.6887630111592362,0
2.6261751088602177,1.6884748222154937,0
2.629243070435989,1.6881510533564976,0
2.6323110320117604,1.6877914198706583,0
2.6353789935875316,1.6873956403405501,0
2.6384469551633027,1.6869634367042112,0
2.641514916739074,1.6864945343161917,0
2.6445828783148455,1.685988662008358,0
2.6476508398906167,1.6854455521503449,0
2.650718801466388,1.684864940709738,0
2.6537867630421594,1.6842465673119404,0
2.6568547246179306,1.6835901752996572,0
2.6599226861937018,1.6828955117920306,0
2.662990647769473,1.6821623277434614,0
2.6660586093452445,1.6813903780019295,0
2.6691265709210157,1.6805794213670149,0
2.672194532496787,1.6797292206474461,0
2.675262494072558,1.678839542718179,0
2.6783304556483296,1.6779101585771188,0
2.6813984172241008,1.6769408434012532,0
2.684466378799872,1.675931376602377,0
2.6875343403756435,1.674881541882317,0
2.6906023019514147,1.673791127287573,0
2.693670263527186,1.672659925263489,0
2.696738225102957,1.6714877327078608,0
2.6998061866787286,1.6702743510239264,0
2.7028741482545,1.669019586172858,0
2.705942109830271,1.6677232487256142,0
2.709010071406042,1.6663851539141337,0
2.7120780329818137,1.6650051216819919,0
2.715145994557585,1.6635829767343504,0
2.718213956133356,1.6621185485872372,0
2.7212819177091276,1.6606116716162351,0
2.724349879284899,1.6590621851043679,0
2.72741784086067,1.6574699332893559,0
2.730485802436441,1.6558347654101444,0
2.7335537640122127,1.6541565357526535,0
2.736621725587984,1.6524351036948277,0
2.739689687163755,1.650670333750914,0
2.742757648739526,1.6488620956148983,0
2.745825610315298,1.647010264203262,0
2.748893571891069,1.6451147196968146,0
2.75196153346684,1.6431753475817603,0
2.7550294950426117,1.6411920386899603,0
2.758097456618383,1.6391646892382696,0
2.761165418194154,1.6370932008670585,0
2.7642333797699252,1.6349774806778623,0
2.767301341345697,1.6328174412700909,0
2.770369302921468,1.6306130007769082,0
2.773437264497239,1.628364082900126,0
2.7765052260730103,1.6260706169442032,0
2.779573187648782,1.6237325378493064,0
2.782641149224553,1.621349786223401,0
2.7857091108003242,1.618922308373341,0
2.788777072376096,1.6164500563350925,0
2.791845033951867,1.6139329879028292,0
2.794912995527638,1.6113710666571026,0
2.7979809571034093,1.6087642619920068,0
2.801048918679181,1.6061125491412416,0
2.804116880254952,1.6034159092032372,0
2.8071848418307233,1.6006743291651762,0
2.8102528034064944,1.5978878019259324,0
2.813320764982266,1.5950563263180173,0
2.816388726558037,1.5921799071283862,0
2.8194566881338083,1.5892585551181415,0
2.82252464970958,1.5862922870412435,0
2.825592611285351,1.5832811256619799,0
2.8286605728611223,1.5802250997714022,0
2.8317285344368934,1.577124244202621,0
2.834796496012665,1.5739785998449403,0
2.837864457588436,1.570788213656889,0
2.8409324191642074,1.5675531386780834,0
2.8440003807399785,1.5642734340399087,0
2.84706834231575,1.5609491649750895,0
2.8501363038915213,1.5575804028260352,0
2.8532042654672924,1.554167225052005,0
2.856272227043064,1.5507097152351648,0
2.859340188618835,1.547207963085334,0
2.8624081501946064,1.5436620644436225,0
2.8654761117703775,1.540072121284836,0
2.868544073346149,1.5364382417186344,0
2.8716120349219203,1.5327605399895543,0
2.8746799964976915,1.5290391364757265,0
2.8777479580734626,1.5252741576864213,0
2.8808159196492342,1.521465736258361,0
2.8838838812250054,1.517614010950773,0
2.8869518428007765,1.5137191266392038,0
2.890019804376548,1.509781234308156,0
2.8930877659523193,1.505800491042399,0
2.8961557275280905,1.5017770600170708,0
2.8992236891038616,1.4977111104865708,0
2.9022916506796332,1.493602817772101,0
2.9053596122554044,1.489452363248065,0
2.9084275738311756,1.4852599343271558,0
2.9114955354069467,1.4810257244441782,0
2.9145634969827183,1.4767499330386646,0
2.9176314585584895,1.472432765536198,0
2.9206994201342606,1.4680744333284534,0
2.9237673817100323,1.4636751537520845,0
2.9268353432858034,1.4592351500662375,0
2.9299033048615746,1.4547546514288714,0
2.9329712664373457,1.4502338928718561,0
2.9360392280131173,1.4456731152747129,0
2.9391071895888885,1.4410725653372347,0
2.9421751511646597,1.4364324955507735,0
2.945243112740431,1.4317531641683032,0
2.9483110743162024,1.427034835173268,0
2.9513790358919736,1.422277778247151,0
2.9544469974677448,1.417482268735829,0
2.9575149590435164,1.412648587614726,0
2.9605829206192875,1.4077770214526835,0
2.9636508821950587,1.4028678623746462,0
2.96671884377083,1.3979214080231492,0
2.9697868053466014,1.39293796151852,0
2.9728547669223726,1.3879178314179756,0
2.9759227284981438,1.3828613316734517,0
2.9789906900739154,1.3777687815882451,0
2.9820586516496865,1.3726405057725033,0
2.9851266132254577,1.3674768340975267,0
2.988194574801229,1.3622781016488323,0
2.9912625363770005,1.3570446486781877,0
2.9943304979527716,1.3517768205543559,0
2.997398459528543,1.3464749677127716,0
3.000466421104314,1.3411394456040702,0
3.0035343826800855,1.3357706146414268,0
3.0066023442558567,1.3303688401468865,0
3.009670305831628,1.324934492296482,0
3.0127382674073995,1.3194679460642946,0
3.0158062289831706,1.313969581165432,0
3.018874190558942,1.3084397819979248,0
3.021942152134713,1.3028789375835055,0
3.0250101137104846,1.29728744150743,0
3.0280780752862557,1.2916656918571638,0
3.031146036862027,1.2860140911600595,0
3.034213998437798,1.280333046320068,0
3.0372819600135696,1.274622968553328,0
3.040349921589341,1.268884273322894,0
3.043417883165112,1.2631173802723759,0
3.0464858447408836,1.2573227131586713,0
3.0495538063166547,1.2515006997837057,0
3.052621767892426,1.2456517719252744,0
3.055689729468197,1.2397763652668934,0
3.0587576910439687,1.2338749193268124,0
3.06182565261974,1.2279478773860855,0
3.064893614195511,1.2219956864157566,0
3.067961575771282,1.2160187970032288,0
3.0710295373470538,1.210017663277688,0
3.074097498922825,1.203992742834812,0
3.077165460498596,1.197944496660565,0
3.0802334220743677,1.1918733890542321,0
3.083301383650139,1.1857798875506687,0
3.08636934522591,1.1796644628417823,0
3.089437306801681,1.1735275886972247,0
3.0925052683774528,1.1673697418844233,0
3.095573229953224,1.1611914020878369,0
3.098641191528995,1.1549930518275269,0
3.1017091531047662,1.1487751763770904,0
3.104777114680538,1.142538263680841,0
3.107845076256309,1.1362828042704642,0
3.11091303783208,1.1300092911809607,0
3.113980999407852,1.1237182198660067,0
3.117048960983623,1.1174100881127609,0
3.120116922559394,1.1110853959560762,0
3.1231848841351653,1.1047446455921492,0
3.126252845710937,1.0983883412916904,0
3.129320807286708,1.0920169893125613,0
3.132388768862479,1.0856310978119141,0
3.1354567304382504,1.0792311767579046,0
3.138524692014022,1.072817737840898,0
3.141592653589793,1.0663912943843268,0
3.1446606151655643,1.059952361255077,0
3.147728576741336,1.053501454773539,0
3.150796538317107,1.0470390926232669,0
3.153864499892878,1.0405657937603285,0
3.1569324614686494,1.034082078322284,0
3.160000423044421,1.0275884675369331,0
3.163068384620192,1.0210854836307424,0
3.1661363461959633,1.0145736497370266,0
3.1692043077717345,1.0080534898039235,0
3.172272269347506,1.001525528502097,0
3.175340230923277,0.9949902911323356,0
3.1784081924990484,0.9884483035329193,0
3.18147615407482,0.9819000919868703,0
3.184544115650591,0.9753461831290775,0
3.1876120772263623,0.9687871038533374,0
3.1906800388021335,0.9622233812192714,0
3.193748000377905,0.9556555423592478,0
3.1968159619536762,0.9490841143852418,0
3.1998839235294474,0.9425096242956825,0
3.2029518851052186,0.9359325988823328,0
3.20601984668099,0.9293535646371759,0
3.2090878082567613,0.9227730476594033,0
3.2121557698325325,0.9161915735624375,0
3.215223731408304,0.9096096673811018,0
3.2182916929840752,0.9030278534788803,0
3.2213596545598464,0.8964466554553677,0
3.2244276161356176,0.8898665960538311,0
3.227495577711389,0.8832881970690383,0
3.2305635392871603,0.8767119792552619,0
3.2336315008629315,0.8701384622345155,0
3.2366994624387027,0.8635681644051009,0
3.2397674240144743,0.8570016028503612,0
3.2428353855902454,0.8504392932478463,0
3.2459033471660166,0.8438817497786997,0
3.248971308741788,0.8373294850374888,0
3.2520392703175593,0.8307830099423499,0
3.2551072318933305,0.8242428336455696,0
3.2581751934691017,0.8177094634445405,0
3.2612431550448733,0.8111834046932198,0
3.2643111166206444,0.8046651607139984,0
3.2673790781964156,0.7981552327100758,0
3.2704470397721868,0.7916541196783606,0
3.2735150013479584,0.785162318322843,0
3.2765829629237295,0.7786803229685921,0
3.2796509244995007,0.7722086254762736,0
3.2827188860752723,0.7657477151572629,0
3.2857868476510435,0.7592980786894079,0
3.2888548092268146,0.7528602000333956,0
3.2919227708025858,0.7464345603497587,0
3.2949907323783574,0.7400216379166127,0
3.2980586939541285,0.7336219080480504,0
3.3011266555298997,0.7272358430132514,0
3.304194617105671,0.7208639119563652,0
3.3072625786814425,0.7145065808170862,0
3.3103305402572136,0.708164312252092,0
3.313398501832985,0.701837565557207,0
3.3164664634087564,0.6955267965904113,0
3.3195344249845276,0.6892324576956916,0
3.3226023865602987,0.6829549976277305,0
3.32567034813607,0.6766948614774692,0
3.3287383097118415,0.6704524905985821,0
3.3318062712876126,0.6642283225348347,0
3.334874232863384,0.6580227909483939,0
3.3379421944391554,0.6518363255490653,0
3.3410101560149266,0.645669352024501,0
3.3440781175906977,0.6395222919713801,0
3.347146079166469,0.6333955628276122,0
3.3502140407422405,0.627289577805524,0
3.3532820023180117,0.6212047458260982,0
3.356349963893783,0.6151414714542548,0
3.359417925469554,0.609100154835168,0
3.3624858870453256,0.6030811916317198,0
3.3655538486210967,0.5970849729630012,0
3.368621810196868,0.5911118853439297,0
3.3716897717726395,0.585162310626015,0
3.3747577333484107,0.5792366259392339,0
3.377825694924182,0.5733352036350591,0
3.380893656499953,0.5674584112306978,0
3.3839616180757246,0.5616066113544563,0
3.3870295796514958,0.5557801616923199,0
3.390097541227267,0.5499794149357664,0
3.393165502803038,0.5442047187307296,0
3.3962334643788097,0.5384564156278789,0
3.399301425954581,0.5327348430340842,0
3.402369387530352,0.5270403331651471,0
3.4054373491061236,0.5213732129998203,0
3.4085053106818948,0.515733804235077,0
3.411573272257666,0.510122423242669,0
3.414641233833437,0.5045393810270155,0
3.4177091954092087,0.49898498318436696,0
3.42077715698498,0.4934595298632861,0
3.423845118560751,0.4879633157264924,0
3.426913080136522,0.4824966299139788,0
3.429981041712294,0.47705975600753325,0
3.433049003288065,0.4716529719965841,0
3.436116964863836,0.46627655024539844,0
3.4391849264396077,0.46093075746166434,0
3.442252888015379,0.4556158546664326,0
3.44532084959115,0.45033209716544026,0
3.448388811166921,0.4450797345218361,0
3.451456772742693,0.4398590105302724,0
3.454524734318464,0.434670163192416,0
3.457592695894235,0.42951342469385007,0
3.4606606574700063,0.4243890213823775,0
3.463728619045778,0.41929717374775033,0
3.466796580621549,0.41423809640280507,0
3.46986454219732,0.40921199806601133,0
3.472932503773092,0.4042190815454577,0
3.476000465348863,0.39925954372424416,0
3.479068426924634,0.3943335755472976,0
3.4821363885004053,0.3894413620096371,0
3.485204350076177,0.3845830821460549,0
3.488272311651948,0.3797589090222163,0
3.4913402732277192,0.3749690097272236,0
3.4944082348034904,0.37021354536755613,0
3.497476196379262,0.3654926710625012,0
3.500544157955033,0.3608065359409809,0
3.5036121195308043,0.3561552831398028,0
3.506680081106576,0.3515390498033708,0
3.509748042682347,0.3469579670847827,0
3.5128160042581182,0.3424121601483732,0
3.5158839658338894,0.3379017481736828,0
3.518951927409661,0.33342684436082787,0
3.522019888985432,0.3289875559372953,0
3.5250878505612033,0.3245839841661548,0
3.5281558121369745,0.32021622435565045,0
3.531223773712746,0.31588436587023244,0
3.5342917352885173,0.3115884921429542,0
3.5373596968642884,0.307328680689276,0
3.54042765844006,0.3031050031222586,0
3.543495620015831,0.29891752516911707,0
3.5465635815916023,0.2947663066891647,0
3.5496315431673735,0.2906514016931218,0
3.552699504743145,0.2865728583637764,0
3.5557674663189163,0.2825307190780008,0
3.5588354278946874,0.2785250204301134,0
3.5619033894704586,0.2745557932565576,0
3.56497135104623,0.270623062661932,0
3.5680393126220014,0.2667268480463278,0
3.5711072741977725,0.26286716313395414,0
3.574175235773544,0.25904401600309723,0
3.5772431973493153,0.2552574091173277,0
3.5803111589250864,0.25150733935800706,0
3.5833791205008576,0.24779379805805704,0
3.586447082076629,0.244116771036972,0
3.5895150436524004,0.24047623863708412,0
3.5925830052281715,0.23687217576105613,0
3.5956509668039427,0.23330455191057367,0
3.5987189283797143,0.22977333122627486,0
3.6017868899554855,0.22627847252884029,0
3.6048548515312566,0.22281992936127945,0
3.6079228131070282,0.21939765003237283,0
3.6109907746827994,0.2160115776612698,0
3.6140587362585705,0.212661650223207,0
3.6171266978343417,0.20934780059636832,0
3.6201946594101133,0.20606995660983835,0
3.6232626209858845,0.20282804109264846,0
3.6263305825616556,0.1996219719238975,0
3.629398544137427,0.19645166208392034,0
3.6324665057131984,0.19331701970652604,0
3.6355344672889696,0.19021794813223175,0
3.6386024288647407,0.1871543459625214,0
3.6416703904405123,0.18412610711509958,0
3.6447383520162835,0.1811331208801026,0
3.6478063135920547,0.17817527197728103,0
3.650874275167826,0.17525244061412026,0
3.6539422367435974,0.17236450254487273,0
3.6570101983193686,0.16951132913050046,0
3.6600781598951397,0.16669278739950208,0
3.663146121470911,0.16390874010958892,0
3.6662140830466825,0.1611590458102297,0
3.6692820446224537,0.15844355890600606,0
3.672350006198225,0.15576212972077405,0
3.6754179677739964,0.15311460456262163,0
3.6784859293497676,0.150500825789585,0
3.6815538909255388,0.14792063187610782,0
3.68462185250131,0.14537385748023973,0
3.6876898140770815,0.142860333511529,0
3.6907577756528527,0.14037988719959918,0
3.693825737228624,0.1379323421634006,0
3.696893698804395,0.13551751848108248,0
3.6999616603801666,0.13313523276050987,0
3.7030296219559378,0.13078529821036702,0
3.706097583531709,0.12846752471183473,0
3.7091655451074805,0.12618171889083749,0
3.7122335066832517,0.12392768419080971,0
3.715301468259023,0.12170522094597849,0
3.718369429834794,0.11951412645514466,0
3.7214373914105656,0.11735419505591765,0
3.724505352986337,0.11522521819940525,0
3.727573314562108,0.11312698452531833,0
3.730641276137879,0.11105927993747941,0
3.7337092377136507,0.10902188767970689,0
3.736777199289422,0.10701458841205123,0
3.739845160865193,0.10503716028736765,0
3.7429131224409646,0.10308937902819147,0
3.745981084016736,0.10117101800390152,0
3.749049045592507,0.09928184830813752,0
3.752117007168278,0.09742163883647131,0
3.7551849687440497,0.09559015636427982,0
3.758252930319821,0.09378716562481752,0
3.761320891895592,0.09201242938745419,0
3.7643888534713636,0.09026570853605821,0
3.767456815047135,0.08854676214750776,0
3.770524776622906,0.08685534757029299,0
3.773592738198677,0.08519122050319804,0
3.7766606997744487,0.08355413507404139,0
3.77972866135022,0.08194384391842813,0
3.782796622925991,0.08036009825852676,0
3.785864584501762,0.07880264798181798,0
3.788932546077534,0.07727124171980487,0
3.792000507653305,0.07576562692666021,0
3.795068469229076,0.07428554995778683,0
3.7981364308048478,0.07283075614826308,0
3.801204392380619,0.07140098989116599,0
3.80427235395639,0.06999599471572415,0
3.8073403155321612,0.06861551336530247,0
3.810408277107933,0.06725928787518265,0
3.813476238683704,0.06592705965011642,0
3.816544200259475,0.06461856954163091,0
3.8196121618352463,0.0633335579250719,0
3.822680123411018,0.062071764776347044,0
3.825748084986789,0.06083292974835777,0
3.8288160465625602,0.060547190529246495,0
3.831884008138332,0.060547190529246495,0
3.834951969714103,0.060547190529246495,0
3.838019931289874,0.060547190529246495,0
3.8410878928656453,0.060547190529246495,0
3.844155854441417,0.060547190529246495,0
3.847223816017188,0.060547190529246495,0
3.8502917775929593,0.060547190529246495,0
3.8533597391687304,0.060547190529246495,0
3.856427700744502,0.060547190529246495,0
3.859495662320273,0.060547190529246495,0
3.8625636238960444,0.060547190529246495,0
3.865631585471816,0.060547190529246495,0
3.868699547047587,0.060547190529246495,0
3.8717675086233583,0.060547190529246495,0
3.8748354701991294,0.060547190529246495,0
3.877903431774901,0.060547190529246495,0
3.880971393350672,0.060547190529246495,0
3.8840393549264434,0.060547190529246495,0
3.8871073165022145,0.060547190529246495,0
3.890175278077986,0.060547190529246495,0
3.8932432396537573,0.060547190529246495,0
3.8963112012295285,0.060547190529246495,0
3.8993791628053,0.060547190529246495,0
3.902447124381071,0.060547190529246495,0
3.9055150859568424,0.060547190529246495,0
3.9085830475326135,0.060547190529246495,0
3.911651009108385,0.060547190529246495,0
3.9147189706841563,0.060547190529246495,0
3.9177869322599275,0.060547190529246495,0
3.9208548938356986,0.060547190529246495,0
3.9239228554114702,0.060547190529246495,0
3.9269908169872414,0.060547190529246495,0
3.9300587785630126,0.060547190529246495,0
3.933126740138784,0.060547190529246495,0
3.9361947017145553,0.060547190529246495,0
3.9392626632903265,0.060547190529246495,0
3.9423306248660976,0.060547190529246495,0
3.9453985864418692,0.060547190529246495,0
3.9484665480176404,0.060547190529246495,0
3.9515345095934116,0.060547190529246495,0
3.9546024711691827,0.060547190529246495,0
3.9576704327449543,0.060547190529246495,0
3.9607383943207255,0.060547190529246495,0
3.9638063558964967,0.060547190529246495,0
3.9668743174722683,0.060547190529246495,0
3.9699422790480394,0.060547190529246495,0
3.9730102406238106,0.060547190529246495,0
3.9760782021995817,0.060547190529246495,0
3.9791461637753534,0.060547190529246495,0
3.9822141253511245,0.060547190529246495,0
3.9852820869268957,0.060547190529246495,0
3.988350048502667,0.060547190529246495,0
3.9914180100784384,0.060547190529246495,0
3.9944859716542096,0.060547190529246495,0
3.9975539332299808,0.060547190529246495,0
4.000621894805752,0.060547190529246495,0
4.0036898563815235,0.060547190529246495,0
4.006757817957295,0.060547190529246495,0
4.009825779533066,0.060547190529246495,0
4.0128937411088375,0.060547190529246495,0
4.015961702684608,0.060547190529246495,0
4.01902966426038,0.060547190529246495,0
4.022097625836151,0.060547190529246495,0
4.025165587411922,0.060547190529246495,0
4.028233548987694,0.060547190529246495,0
4.031301510563465,0.060547190529246495,0
4.034369472139236,0.060547190529246495,0
4.037437433715008,0.060547190529246495,0
4.040505395290779,0.060547190529246495,0
4.04357335686655,0.060547190529246495,0
4.0466413184423216,0.060547190529246495,0
4.049709280018092,0.060547190529246495,0
4.052777241593864,0.060547190529246495,0
4.0558452031696355,0.060547190529246495,0
4.058913164745406,0.060547190529246495,0
4.061981126321178,0.060547190529246495,0
4.065049087896949,0.060547190529246495,0
4.06811704947272,0.060547190529246495,0
4.071185011048492,0.060547190529246495,0
4.074252972624263,0.060547190529246495,0
4.077320934200034,0.060547190529246495,0
4.080388895775806,0.060547190529246495,0
4.083456857351576,0.060547190529246495,0
4.086524818927348,0.060547190529246495,0
4.08959278050312,0.060547190529246495,0
4.09266074207889,0.060547190529246495,0
4.095728703654662,0.060547190529246495,0
4.0987966652304335,0.060547190529246495,0
4.101864626806204,0.060547190529246495,0
4.104932588381976,0.060547190529246495,0
4.108000549957747,0.060547190529246495,0
4.111068511533518,0.060547190529246495,0
4.11413647310929,0.060547190529246495,0
4.1172044346850605,0.060547190529246495,0
4.120272396260832,0.060547190529246495,0
4.123340357836604,0.060547190529246495,0
4.126408319412374,0.060547190529246495,0
4.129476280988146,0.060547190529246495,0
4.132544242563918,0.060547190529246495,0
4.135612204139688,0.060547190529246495,0
4.13868016571546,0.060547190529246495,0
4.1417481272912315,0.060547190529246495,0
4.144816088867002,0.060547190529246495,0
4.147884050442774,0.060547190529246495,0
4.150952012018545,0.060547190529246495,0
4.154019973594316,0.060547190529246495,0
4.157087935170088,0.060547190529246495,0
4.1601558967458585,0.060547190529246495,0
4.16322385832163,0.060547190529246495,0
4.166291819897402,0.060547190529246495,0
4.169359781473172,0.060547190529246495,0
4.172427743048944,0.060547190529246495,0
4.175495704624716,0.060547190529246495,0
4.178563666200486,0.060547190529246495,0
4.181631627776258,0.060547190529246495,0
4.184699589352029,0.060547190529246495,0
4.1877675509278,0.060547190529246495,0
4.190835512503572,0.060547190529246495,0
4.193903474079343,0.060547190529246495,0
4.196971435655114,0.060547190529246495,0
4.200039397230886,0.060547190529246495,0
4.2031073588066565,0.060547190529246495,0
4.206175320382428,0.060547190529246495,0
4.2092432819582,0.060547190529246495,0
4.2123112435339705,0.060547190529246495,0
4.215379205109742,0.060547190529246495,0
4.218447166685513,0.060547190529246495,0
4.221515128261284,0.060547190529246495,0
4.224583089837056,0.060547190529246495,0
4.227651051412827,0.060547190529246495,0
4.230719012988598,0.060547190529246495,0
4.23378697456437,0.060547190529246495,0
4.236854936140141,0.060547190529246495,0
4.239922897715912,0.060547190529246495,0
4.242990859291684,0.060547190529246495,0
4.246058820867455,0.060547190529246495,0
4.249126782443226,0.060547190529246495,0
4.252194744018997,0.060547190529246495,0
4.2552627055947685,0.060547190529246495,0
4.25833066717054,0.060547190529246495,0
4.261398628746311,0.060547190529246495,0
4.264466590322082,0.060547190529246495,0
4.267534551897854,0.060547190529246495,0
4.270602513473625,0.060547190529246495,0
4.273670475049396,0.060547190529246495,0
4.276738436625168,0.060547190529246495,0
4.279806398200939,0.060547190529246495,0
4.28287435977671,0.060547190529246495,0
4.285942321352481,0.060547190529246495,0
4.289010282928253,0.060547190529246495,0
4.292078244504024,0.060547190529246495,0
4.295146206079795,0.060547190529246495,0
4.2982141676555665,0.060547190529246495,0
4.301282129231338,0.060547190529246495,0
4.304350090807109,0.060547190529246495,0
4.3074180523828804,0.060547190529246495,0
4.310486013958652,0.060547190529246495,0
4.313553975534423,0.060547190529246495,0
4.316621937110194,0.060547190529246495,0
4.319689898685965,0.060547190529246495,0
4.322757860261737,0.060547190529246495,0
4.325825821837508,0.060547190529246495,0
4.328893783413279,0.060547190529246495,0
4.331961744989051,0.060547190529246495,0
4.335029706564822,0.060547190529246495,0
4.338097668140593,0.060547190529246495,0
4.3411656297163645,0.060547190529246495,0
4.344233591292136,0.060547190529246495,0
4.347301552867907,0.060547190529246495,0
4.3503695144436785,0.060547190529246495,0
4.35343747601945,0.060547190529246495,0
4.356505437595221,0.060547190529246495,0
4.359573399170992,0.060547190529246495,0
4.362641360746763,0.060547190529246495,0
4.365709322322535,0.060547190529246495,0
4.368777283898306,0.060547190529246495,0
4.371845245474077,0.060547190529246495,0
4.374913207049849,0.060547190529246495,0
4.37798116862562,0.060547190529246495,0
4.381049130201391,0.060547190529246495,0
4.384117091777163,0.060547190529246495,0
4.387185053352934,0.060547190529246495,0
4.390253014928705,0.060547190529246495,0
4.3933209765044765,0.060547190529246495,0
4.396388938080247,0.060547190529246495,0
4.399456899656019,0.060547190529246495,0
4.40252486123179,0.060547190529246495,0
4.405592822807561,0.060547190529246495,0
4.408660784383333,0.060547190529246495,0
4.411728745959104,0.060547190529246495,0
4.414796707534875,0.060547190529246495,0
4.417864669110647,0.060547190529246495,0
4.420932630686418,0.060547190529246495,0
4.424000592262189,0.060547190529246495,0
4.427068553837961,0.060547190529246495,0
4.430136515413731,0.060547190529246495,0
4.433204476989503,0.060547190529246495,0
4.4362724385652745,0.060547190529246495,0
4.439340400141045,0.060547190529246495,0
4.442408361716817,0.060547190529246495,0
4.4454763232925885,0.060547190529246495,0
4.448544284868359,0.060547190529246495,0
4.451612246444131,0.060547190529246495,0
4.454680208019902,0.060547190529246495,0
4.457748169595673,0.060547190529246495,0
4.460816131171445,0.060547190529246495,0
4.463884092747215,0.060547190529246495,0
4.466952054322987,0.060547190529246495,0
4.470020015898759,0.060547190529246495,0
4.473087977474529,0.060547190529246495,0
4.476155939050301,0.060547190529246495,0
4.479223900626073,0.060547190529246495,0
4.482291862201843,0.060547190529246495,0
4.485359823777615,0.060547190529246495,0
4.4884277853533865,0.060547190529246495,0
4.491495746929157,0.060547190529246495,0
4.494563708504929,0.060547190529246495,0
4.4976316700806995,0.060547190529246495,0
4.500699631656471,0.060547190529246495,0
4.503767593232243,0.060547190529246495,0
4.5068355548080135,0.060547190529246495,0
4.509903516383785,0.060547190529246495,0
4.512971477959557,0.060547190529246495,0
4.516039439535327,0.060547190529246495,0
4.519107401111099,0.060547190529246495,0
4.522175362686871,0.060547190529246495,0
4.525243324262641,0.060561212084043185,0
4.528311285838413,0.06145853854827936,0
4.531379247414184,0.06236462584006698,0
4.534447208989955,0.06327942259763752,0
4.537515170565727,0.06420287463082147,0
4.540583132141498,0.06513492491075962,0
4.543651093717269,0.06607551356072192,0
4.546719055293041,0.06702457784803881,0
4.5497870168688115,0.06798205217716036,0
4.552854978444583,0.068947868083818,0
4.555922940020355,0.06992195423033637,0
4.558990901596125,0.0709042364020433,0
4.562058863171897,0.07189463750483296,0
4.565126824747668,0.07289307756383685,0
4.568194786323439,0.07389947372323674,0
4.571262747899211,0.07491374024721364,0
4.574330709474982,0.0759357885220114,0
4.577398671050753,0.07696552705915446,0
4.580466632626525,0.07800286149977531,0
4.583534594202296,0.07904769462008114,0
4.586602555778067,0.08009992633795586,0
4.589670517353839,0.08115945372067777,0
4.5927384789296095,0.08222617099377219,0
4.595806440505381,0.08329996955098164,0
4.598874402081152,0.0843807379653556,0
4.601942363656923,0.08546836200146038,0
4.605010325232695,0.08656272462870093,0
4.608078286808466,0.0876637060357535,0
4.611146248384237,0.08877118364610626,0
4.614214209960009,0.08988503213468449,0
4.61728217153578,0.09100512344559583,0
4.620350133111551,0.09213132681094308,0
4.623418094687323,0.09326350877074119,0
4.626486056263094,0.09440153319388851,0
4.629554017838865,0.09554526130023624,0
4.632621979414636,0.09669455168370021,0
4.6356899409904075,0.09784926033643275,0
4.638757902566179,0.09900924067406217,0
4.64182586414195,0.10017434356194792,0
4.6448938257177215,0.10134441734249168,0
4.647961787293493,0.10251930786345112,0
4.651029748869264,0.10369885850728564,0
4.654097710445035,0.1048829102214978,0
4.657165672020807,0.10607130154997492,0
4.660233633596578,0.10726386866531533,0
4.663301595172349,0.10846044540213383,0
4.66636955674812,0.10966086329131279,0
4.669437518323892,0.11086495159523409,0
4.672505479899663,0.11207253734393033,0
4.675573441475434,0.11328344537217902,0
4.678641403051206,0.1144974983575086,0
4.681709364626977,0.11571451685910358,0
4.684777326202748,0.11693431935762098,0
4.6878452877785195,0.1181567222958543,0
4.690913249354291,0.11938154012030448,0
4.693981210930062,0.12060858532356278,0
4.697049172505833,0.12183766848756547,0
4.700117134081604,0.12306859832764315,0
4.703185095657376,0.12430118173739797,0
4.706253057233147,0.12553522383437546,0
4.709321018808918,0.12677052800650082,0
4.71238898038469,0.1280068959593009,0
4.715456941960461,0.12924412776385408,0
4.718524903536232,0.13048202190547967,0
4.721592865112004,0.1317203753331507,0
4.724660826687775,0.13295898350959656,0
4.727728788263546,0.1341976404620963,0
4.7307967498393175,0.13543613883393457,0
4.733864711415088,0.13667426993650206,0
4.73693267299086,0.13791182380203662,0
4.7400006345666315,0.13914858923697157,0
4.743068596142402,0.1403843538758867,0
4.746136557718174,0.14161890423603807,0
4.749204519293945,0.14285202577242923,0
4.752272480869716,0.14408350293345418,0
4.755340442445488,0.14531311921703866,0
4.758408404021259,0.14654065722730614,0
4.76147636559703,0.14776589873170287,0
4.764544327172802,0.14898862471862423,0
4.767612288748572,0.15020861545545827,0
4.770680250324344,0.15142565054705728,0
4.773748211900116,0.15263950899465104,0
4.776816173475886,0.1538499692551047,0
4.779884135051658,0.1550568093005806,0
4.7829520966274295,0.15625980667851944,0
4.7860200582032,0.15745873857197046,0
4.789088019778972,0.1586533818602213,0
4.792155981354743,0.15984351317971382,0
4.795223942930514,0.1610289089852323,0
4.798291904506286,0.16220934561134248,0
4.8013598660820564,0.16338459933402807,0
4.804427827657828,0.16455444643257414,0
4.8074957892336,0.16571866325160367,0
4.81056375080937,0.16687702626329268,0
4.813631712385142,0.16802931212972175,0
4.816699673960914,0.16917529776534526,0
4.819767635536684,0.17031476039957788,0
4.822835597112456,0.1714474776394256,0
4.8259035586882275,0.17257322753222434,0
4.828971520263998,0.17369178862836562,0
4.83203948183977,0.17480294004407876,0
4.8351074434155406,0.1759064615241755,0
4.838175404991312,0.17700213350478292,0
4.841243366567084,0.17808973717603827,0
4.8443113281428545,0.17916905454468696,0
4.847379289718626,0.18023986849662355,0
4.850447251294398,0.18130196285929528,0
4.853515212870168,0.18235512246397462,0
4.85658317444594,0.18339913320789888,0
4.859651136021712,0.18443378211621342,0
4.862719097597482,0.1854588574037304,0
4.865787059173254,0.18647414853646588,0
4.868855020749025,0.18747944629294042,0
4.871922982324796,0.18847454282521914,0
4.874990943900568,0.18945923171967585,0
4.878058905476339,0.19043330805745912,0
4.88112686705211,0.19139656847463815,0
4.884194828627882,0.19234881122198877,0
4.8872627902036525,0.19328983622445015,0
4.890330751779424,0.19421944514017428,0
4.893398713355196,0.1951374414191918,0
4.896466674930966,0.19604363036163502,0
4.899534636506738,0.1969378191755479,0
4.902602598082509,0.19781981703421125,0
4.90567055965828,0.19868943513298237,0
4.908738521234052,0.19954648674567313,0
4.911806482809823,0.20039078728036078,0
4.914874444385594,0.20122215433469784,0
4.917942405961366,0.202040407750636,0
4.921010367537137,0.20284536966859576,0
4.924078329112908,0.2036368645810276,0
4.92714629068868,0.2044147193853652,0
4.9302142522644505,0.20517876343635102,0
4.933282213840222,0.20592882859771347,0
4.936350175415993,0.20666474929315296,0
4.9394181369917645,0.20738636255668377,0
4.942486098567536,0.20809350808224356,0
4.945554060143307,0.20878602827259873,0
4.948622021719078,0.2094637682875087,0
4.95168998329485,0.21012657609113364,0
4.954757944870621,0.21077430249869417,0
4.957825906446392,0.21140680122230138,0
4.960893868022164,0.21202392891605235,0
4.963961829597935,0.21262554522024527,0
4.967029791173706,0.21321151280481015,0
4.970097752749477,0.21378169741186037,0
4.973165714325249,0.21433596789740106,0
4.97623367590102,0.2148741962721637,0
4.979301637476791,0.21539625774153254,0
4.9823695990525625,0.2159020307445926,0
4.985437560628334,0.21639139699224225,0
4.988505522204105,0.2168642415043689,0
4.991573483779876,0.21732045264610653,0
4.994641445355648,0.21775992216311552,0
4.997709406931419,0.2181825452159026,0
5.00077736850719,0.2185882204131566,0
5.003845330082961,0.21897684984409357,0
5.006913291658733,0.21934833910979376,0
5.009981253234504,0.21970259735352946,0
5.013049214810275,0.22003953729006775,0
5.016117176386047,0.2203590752339367,0
5.019185137961818,0.2206611311266255,0
5.022253099537589,0.220945628562766,0
5.0253210611133605,0.22121249481521824,0
5.028389022689132,0.22146166085909927,0
5.031456984264903,0.22169306139471207,0
5.0345249458406744,0.2219066348694051,0
5.037592907416445,0.22210232349832104,0
5.040660868992217,0.22228007328401828,0
5.043728830567988,0.22243983403502934,0
5.046796792143759,0.22258155938324717,0
5.049864753719531,0.22270520680021957,0
5.052932715295302,0.22281073761228123,0
5.056000676871073,0.22289811701457873,0
5.059068638446845,0.2229673140839215,0
5.062136600022616,0.22301830179050244,0
5.065204561598387,0.22305105700846023,0
5.0682725231741586,0.2230655605252878,0
5.071340484749929,0.22306179705005363,0
5.074408446325701,0.2230397552205014,0
5.0774764079014725,0.22299942760894434,0
5.080544369477243,0.22294081072700966,0
5.083612331053015,0.22286390502920003,0
5.086680292628786,0.2227687149152802,0
5.089748254204557,0.2226552487315032,0
5.092816215780329,0.22252351877061977,0
5.0958841773561,0.2223735412707668,0
5.098952138931871,0.22220533641312412,0
5.102020100507643,0.22201892831843173,0
5.105088062083414,0.2218143450422967,0
5.108156023659185,0.2215916185693558,0
5.111223985234957,0.2213507848062329,0
5.114291946810727,0.22109188357334358,0
5.117359908386499,0.22081495859552014,0
5.1204278699622705,0.2205200574914701,0
5.123495831538041,0.2202072317620512,0
5.126563793113813,0.21987653677741537,0
5.129631754689584,0.21952803176296448,0
5.132699716265355,0.219161779784168,0
5.135767677841127,0.21877784773021683,0
5.138835639416898,0.2183763062965389,0
5.141903600992669,0.21795722996618133,0
5.144971562568441,0.21752069699002122,0
5.148039524144211,0.21706678936589974,0
5.151107485719983,0.21659559281660148,0
5.154175447295755,0.21610719676670245,0
5.157243408871525,0.21560169431834855,0
5.160311370447297,0.21507918222590014,0
5.1633793320230685,0.21453976086949997,0
5.166447293598839,0.21398353422753932,0
5.169515255174611,0.2134106098480639,0
5.1725832167503825,0.21282109881910413,0
5.175651178326153,0.21221511573792778,0
5.178719139901925,0.21159277867928092,0
5.1817871014776955,0.21095420916255453,0
5.184855063053467,0.21029953211794125,0
5.187923024629239,0.20962887585156492,0
5.190990986205009,0.20894237200960297,0
5.194058947780781,0.2082401555414185,0
5.197126909356553,0.20752236466169632,0
5.200194870932323,0.20678914081162092,0
5.203262832508095,0.2060406286190885,0
5.206330794083867,0.20527697585795301,0
5.209398755659637,0.2044983334063745,0
5.212466717235409,0.20370485520421175,0
5.21553467881118,0.20289669820953257,0
5.218602640386951,0.2020740223542075,0
5.221670601962723,0.20123699049864457,0
5.2247385635384935,0.20038576838565283,0
5.227806525114265,0.1995205245934358,0
5.230874486690037,0.19864143048779115,0
5.2339424482658075,0.19774866017345027,0
5.237010409841579,0.1968423904446421,0
5.240078371417351,0.19592280073484708,0
5.243146332993121,0.19499007306580238,0
5.246214294568893,0.1940443919957308,0
5.249282256144664,0.19308594456684272,0
5.252350217720435,0.19211492025211754,0
5.255418179296207,0.19113151090138011,0
5.258486140871978,0.19013591068667465,0
5.261554102447749,0.18912831604699878,0
5.264622064023521,0.18810892563236273,0
5.267690025599292,0.18707794024722968,0
5.270757987175063,0.1860355627933278,0
5.273825948750835,0.18498199821188185,0
5.2768939103266055,0.18391745342526541,0
5.279961871902377,0.18284213727807003,0
5.283029833478148,0.1817562604776781,0
5.286097795053919,0.1806600355342899,0
5.289165756629691,0.17955367670043934,0
5.292233718205462,0.1784373999100666,0
5.295301679781233,0.1773114227170942,0
5.298369641357005,0.1761759642335882,0
5.301437602932776,0.17503124506748108,0
5.304505564508547,0.17387748725990979,0
5.307573526084319,0.172714914222169,0
5.31064148766009,0.17154375067229635,0
5.313709449235861,0.17036422257133982,0
5.316777410811632,0.169176557059293,0
5.3198453723874035,0.16798098239074274,0
5.322913333963175,0.16677772787023357,0
5.325981295538946,0.16556702378739213,0
5.329049257114717,0.16434910135180386,0
5.332117218690489,0.16312419262769218,0
5.33518518026626,0.16189253046840238,0
5.338253141842031,0.16065434845071935,0
5.341321103417803,0.15940988080903407,0
5.344389064993574,0.1581593623694008,0
5.347457026569345,0.15690302848346702,0
5.350524988145116,0.15564111496234978,0
5.353592949720888,0.15437385801043454,0
5.356660911296659,0.15310149415913935,0
5.35972887287243,0.15182426020067363,0
5.3627968344482015,0.1505423931217864,0
5.365864796023973,0.14925613003756255,0
5.368932757599744,0.1479657081252521,0
5.3720007191755155,0.14667136455818072,0
5.375068680751287,0.14537333643975422,0
5.378136642327058,0.1440718607375714,0
5.381204603902829,0.14276717421768276,0
5.3842725654786,0.14145951337900425,0
5.387340527054372,0.14014911438791067,0
5.390408488630143,0.13883621301303742,0
5.393476450205914,0.13752104456029565,0
5.396544411781686,0.13620384380814546,0
5.399612373357457,0.13488484494312689,0
5.402680334933228,0.1335642814956857,0
5.405748296509,0.1322423862763022,0
5.408816258084771,0.1309193913119564,0
5.411884219660542,0.12959552778294603,0
5.4149521812363135,0.12827102596006779,0
5.418020142812084,0.12694611514220708,0
5.421088104387856,0.12562102359433125,0
5.424156065963627,0.12429597848591986,0
5.427224027539398,0.12297120582985709,0
5.43029198911517,0.12164693042178808,0
5.433359950690941,0.12032337577998597,0
5.436427912266712,0.11900076408572258,0
5.439495873842484,0.1176793161241813,0
5.442563835418255,0.11635925122592652,0
5.445631796994026,0.11504078720894399,0
5.448699758569798,0.11372414032127837,0
5.451767720145568,0.11240952518428537,0
5.45483568172134,0.11109715473651374,0
5.4579036432971115,0.10978724017824279,0
5.460971604872882,0.10847999091668299,0
5.464039566448654,0.10717561451187319,0
5.4671075280244255,0.10587431662327706,0
5.470175489600196,0.10457630095710767,0
5.473243451175968,0.10328176921439317,0
5.476311412751739,0.10199092103979865,0
5.47937937432751,0.10070395397123233,0
5.482447335903282,0.09942106339023102,0
5.485515297479052,0.0981424424731738,0
5.488583259054824,0.09686828214330385,0
5.491651220630596,0.09559877102360481,0
5.494719182206366,0.09433409539053249,0
5.497787143782138,0.09307443912861307,0
5.50085510535791,0.09181998368594495,0
5.50392306693368,0.090570908030589,0
5.506991028509452,0.08932738860788707,0
5.5100589900852235,0.0880895992987128,0
5.513126951660994,0.08685771137866373,0
5.516194913236766,0.08563189347822141,0
5.5192628748125365,0.08441231154388103,0
5.522330836388308,0.0831991288002714,0
5.52539879796408,0.08199250571327425,0
5.5284667595398505,0.08079259995415465,0
5.531534721115622,0.07959956636471965,0
5.534602682691394,0.0784135569235106,0
5.537670644267164,0.07723472071304731,0
5.540738605842936,0.07606320388812704,0
5.543806567418708,0.07489914964519691,0
5.546874528994478,0.07374269819280822,0
5.54994249057025,0.07259398672315577,0
5.553010452146021,0.07145314938472495,0
5.556078413721792,0.0703203172560426,0
5.559146375297564,0.06919561832054943,0
5.5622143368733346,0.06807917744260222,0
5.565282298449106,0.06697111634460387,0
5.568350260024878,0.0658715535852879,0
5.5714182216006485,0.06478060453914429,0
5.57448618317642,0.06369838137700931,0
5.577554144752192,0.0626249930478188,0
5.580622106327962,0.0615605452615315,0
5.583690067903734,0.060547190529246495,0
5.586758029479505,0.060547190529246495,0
5.589825991055276,0.060547190529246495,0
5.592893952631048,0.060547190529246495,0
5.595961914206819,0.060547190529246495,0
5.59902987578259,0.060547190529246495,0
5.602097837358362,0.060547190529246495,0
5.605165798934133,0.060547190529246495,0
5.608233760509904,0.060547190529246495,0
5.611301722085676,0.060547190529246495,0
5.6143696836614465,0.060547190529246495,0
5.617437645237218,0.060547190529246495,0
5.620505606812989,0.060547190529246495,0
5.62357356838876,0.060547190529246495,0
5.626641529964532,0.060547190529246495,0
5.629709491540303,0.060547190529246495,0
5.632777453116074,0.060547190529246495,0
5.635845414691846,0.060547190529246495,0
5.638913376267617,0.060547190529246495,0
5.641981337843388,0.060547190529246495,0
5.64504929941916,0.060547190529246495,0
5.648117260994931,0.060547190529246495,0
5.651185222570702,0.060547190529246495,0
5.654253184146473,0.060547190529246495,0
5.6573211457222445,0.060547190529246495,0
5.660389107298016,0.060547190529246495,0
5.663457068873787,0.060547190529246495,0
5.6665250304495585,0.060547190529246495,0
5.66959299202533,0.060547190529246495,0
5.672660953601101,0.060547190529246495,0
5.675728915176872,0.060547190529246495,0
5.678796876752644,0.060547190529246495,0
5.681864838328415,0.060547190529246495,0
5.684932799904186,0.060547190529246495,0
5.688000761479957,0.060547190529246495,0
5.691068723055729,0.060547190529246495,0
5.6941366846315,0.060547190529246495,0
5.697204646207271,0.060547190529246495,0
5.700272607783043,0.060547190529246495,0
5.703340569358814,0.060547190529246495,0
5.706408530934585,0.060547190529246495,0
5.7094764925103565,0.060547190529246495,0
5.712544454086128,0.060547190529246495,0
5.715612415661899,0.060547190529246495,0
5.71868037723767,0.060547190529246495,0
5.721748338813441,0.060547190529246495,0
5.724816300389213,0.060547190529246495,0
5.727884261964984,0.060547190529246495,0
5.730952223540755,0.060547190529246495,0
5.734020185116527,0.060547190529246495,0
5.737088146692298,0.060547190529246495,0
5.740156108268069,0.060547190529246495,0
5.743224069843841,0.060547190529246495,0
5.746292031419612,0.060547190529246495,0
5.749359992995383,0.060547190529246495,0
5.7524279545711545,0.060547190529246495,0
5.755495916146925,0.060547190529246495,0
5.758563877722697,0.060547190529246495,0
5.7616318392984684,0.060547190529246495,0
5.764699800874239,0.060547190529246495,0
5.767767762450011,0.060547190529246495,0
5.770835724025782,0.060547190529246495,0
5.773903685601553,0.060547190529246495,0
5.776971647177325,0.060547190529246495,0
5.780039608753096,0.060547190529246495,0
5.783107570328867,0.060547190529246495,0
5.786175531904639,0.060547190529246495,0
5.789243493480409,0.060547190529246495,0
5.792311455056181,0.060547190529246495,0
5.7953794166319526,0.060547190529246495,0
5.798447378207723,0.060547190529246495,0
5.801515339783495,0.060547190529246495,0
5.8045833013592665,0.060547190529246495,0
5.807651262935037,0.060547190529246495,0
5.810719224510809,0.060547190529246495,0
5.81378718608658,0.060547190529246495,0
5.816855147662351,0.060547190529246495,0
5.819923109238123,0.060547190529246495,0
5.822991070813893,0.060547190529246495,0
5.826059032389665,0.060547190529246495,0
5.829126993965437,0.060547190529246495,0
5.832194955541207,0.060547190529246495,0
5.835262917116979,0.060547190529246495,0
5.838330878692751,0.060547190529246495,0
5.841398840268521,0.060547190529246495,0
5.844466801844293,0.060547190529246495,0
5.8475347634200645,0.060547190529246495,0
5.850602724995835,0.060547190529246495,0
5.853670686571607,0.060547190529246495,0
5.8567386481473775,0.060547190529246495,0
5.859806609723149,0.060547190529246495,0
5.862874571298921,0.060547190529246495,0
5.8659425328746915,0.060547190529246495,0
5.869010494450463,0.060547190529246495,0
5.872078456026235,0.060547190529246495,0
5.875146417602005,0.060547190529246495,0
5.878214379177777,0.060547190529246495,0
5.881282340753549,0.060547190529246495,0
5.884350302329319,0.060547190529246495,0
5.887418263905091,0.060547190529246495,0
5.890486225480862,0.060547190529246495,0
5.893554187056633,0.060547190529246495,0
5.896622148632405,0.060547190529246495,0
5.899690110208176,0.060547190529246495,0
5.902758071783947,0.060547190529246495,0
5.905826033359719,0.060547190529246495,0
5.9088939949354895,0.060547190529246495,0
5.911961956511261,0.060547190529246495,0
5.915029918087033,0.060547190529246495,0
5.918097879662803,0.060547190529246495,0
5.921165841238575,0.060547190529246495,0
5.924233802814347,0.060547190529246495,0
5.927301764390117,0.060547190529246495,0
5.930369725965889,0.060547190529246495,0
5.93343768754166,0.060547190529246495,0
5.936505649117431,0.060547190529246495,0
5.939573610693203,0.060547190529246495,0
5.942641572268974,0.060547190529246495,0
5.945709533844745,0.060547190529246495,0
5.948777495420517,0.060547190529246495,0
5.9518454569962875,0.060547190529246495,0
5.954913418572059,0.060547190529246495,0
5.957981380147831,0.060547190529246495,0
5.9610493417236015,0.060547190529246495,0
5.964117303299373,0.060547190529246495,0
5.967185264875144,0.060547190529246495,0
5.970253226450915,0.060547190529246495,0
5.973321188026687,0.060547190529246495,0
5.976389149602458,0.060547190529246495,0
5.979457111178229,0.060547190529246495,0
5.982525072754001,0.060547190529246495,0
5.985593034329772,0.060547190529246495,0
5.988660995905543,0.060547190529246495,0
5.991728957481315,0.060547190529246495,0
5.994796919057086,0.060547190529246495,0
5.997864880632857,0.060547190529246495,0
6.000932842208628,0.060547190529246495,0
6.0040008037843995,0.060547190529246495,0
6.007068765360171,0.060547190529246495,0
6.010136726935942,0.060547190529246495,0
6.013204688511713,0.060547190529246495,0
6.016272650087485,0.060547190529246495,0
6.019340611663256,0.060547190529246495,0
6.022408573239027,0.060547190529246495,0
6.025476534814799,0.060547190529246495,0
6.02854449639057,0.060547190529246495,0
6.031612457966341,0.060547190529246495,0
6.034680419542112,0.060547190529246495,0
6.037748381117884,0.060547190529246495,0
6.040816342693655,0.060547190529246495,0
6.043884304269426,0.060547190529246495,0
6.0469522658451975,0.060547190529246495,0
6.050020227420969,0.060547190529246495,0
6.05308818899674,0.060547190529246495,0
6.056156150572511,0.060547190529246495,0
6.059224112148283,0.060547190529246495,0
6.062292073724054,0.060547190529246495,0
6.065360035299825,0.060547190529246495,0
6.068427996875596,0.060547190529246495,0
6.071495958451368,0.060547190529246495,0
6.074563920027139,0.060547190529246495,0
6.07763188160291,0.060547190529246495,0
6.080699843178682,0.060547190529246495,0
6.083767804754453,0.060547190529246495,0
6.086835766330224,0.060547190529246495,0
6.0899037279059955,0.060547190529246495,0
6.092971689481767,0.060547190529246495,0
6.096039651057538,0.060547190529246495,0
6.0991076126333095,0.060547190529246495,0
6.10217557420908,0.060547190529246495,0
6.105243535784852,0.060547190529246495,0
6.108311497360623,0.060547190529246495,0
6.111379458936394,0.060547190529246495,0
6.114447420512166,0.060547190529246495,0
6.117515382087937,0.060547190529246495,0
6.120583343663708,0.060547190529246495,0
6.12365130523948,0.060547190529246495,0
6.126719266815251,0.060547190529246495,0
6.129787228391022,0.060547190529246495,0
6.132855189966794,0.060547190529246495,0
6.135923151542564,0.060547190529246495,0
6.138991113118336,0.060547190529246495,0
6.1420590746941075,0.060547190529246495,0
6.145127036269878,0.060547190529246495,0
6.14819499784565,0.060547190529246495,0
6.151262959421421,0.060547190529246495,0
6.154330920997192,0.060547190529246495,0
6.157398882572964,0.060547190529246495,0
6.160466844148735,0.060547190529246495,0
6.163534805724506,0.060547190529246495,0
6.166602767300278,0.060547190529246495,0
6.169670728876048,0.060547190529246495,0
6.17273869045182,0.060547190529246495,0
6.175806652027592,0.060547190529246495,0
6.178874613603362,0.060547190529246495,0
6.181942575179134,0.060547190529246495,0
6.1850105367549055,0.060547190529246495,0
6.188078498330676,0.060547190529246495,0
6.191146459906448,0.060547190529246495,0
6.1942144214822195,0.060547190529246495,0
6.19728238305799,0.060547190529246495,0
6.200350344633762,0.060547190529246495,0
6.2034183062095325,0.060547190529246495,0
6.206486267785304,0.060547190529246495,0
6.209554229361076,0.060547190529246495,0
6.212622190936846,0.060547190529246495,0
6.215690152512618,0.060547190529246495,0
6.21875811408839,0.060547190529246495,0
6.22182607566416,0.060547190529246495,0
6.224894037239932,0.060547190529246495,0
6.227961998815704,0.060547190529246495,0
6.231029960391474,0.060547190529246495,0
6.234097921967246,0.060547190529246495,0
6.237165883543017,0.060547190529246495,0
6.240233845118788,0.060547190529246495,0
6.24330180669456,0.060547190529246495,0
6.2463697682703305,0.060547190529246495,0
6.249437729846102,0.060547190529246495,0
6.252505691421874,0.060547190529246495,0
6.2555736529976445,0.060547190529246495,0
6.258641614573416,0.060547190529246495,0
6.261709576149188,0.060547190529246495,0
6.264777537724958,0.060547190529246495,0
6.26784549930073,0.060547190529246495,0
6.270913460876501,0.060547190529246495,0
6.273981422452272,0.060547190529246495,0
6.277049384028044,0.060547190529246495,0
6.280117345603815,0.060547190529246495,0
