i	part	claim_index	dup_of
0	p1	0	
1	p1	1	
2	p1	2	
3	p1	3	
4	p1	4	
5	p1	5	
6	p1	6	
7	p1	7	
8	p1	8	
9	p1	9	
10	p1	10	
11	p1	11	
12	p1	12	
13	p1	13	
14	p1	14	
15	p1	15	
16	p1	16	
17	p1	17	
18	p1	18	
19	p1	19	
20	p1	20	
21	p1	21	
22	p1	22	
23	p1	23	
24	p1	24	
25	p1	25	
26	p1	26	
27	p1	27	
28	p1	28	
29	p1	29	
30	p1	30	
31	p1	31	
32	p1	32	
33	p1	33	
34	p1	34	
35	p1	35	
36	p1	36	
37	p1	37	
38	p1	38	
39	p1	39	
40	p1	40	
41	p1	41	
42	p1	42	
43	p1	43	
44	p1	44	
45	p1	45	
46	p1	46	
47	p1	47	
48	p1	48	
49	p1	49	
50	p1	50	
51	p1	51	
52	p1	52	
53	p1	53	
54	p1	54	
55	p1	55	
56	p1	56	
57	p1	57	
58	p1	58	
59	p1	59	
60	p1	60	
61	p1	61	
62	p1	62	
63	p1	63	
64	p1	64	
65	p1	65	
66	p1	66	
67	p1	67	
68	p1	68	
69	p1	69	
70	p1	70	
71	p1	71	
72	p1	72	
73	p1	73	
74	p1	74	
75	p1	75	
76	p1	76	
77	p1	77	
78	p1	78	
79	p1	79	
80	p1	80	
81	p1	81	
82	p1	82	
83	p1	83	
84	p1	84	
85	p1	85	
86	p1	86	
87	p1	87	
88	p1	88	
89	p1	89	
90	p1	90	
91	p1	91	
92	p1	92	
93	p1	93	
94	p1	94	
95	p1	95	
96	p1	96	
97	p1	97	
98	p1	98	
99	p1	99	
100	p1	100	
101	p1	101	
102	p1	102	
103	p1	103	
104	p1	104	
105	p1	105	
106	p1	106	
107	p1	107	
108	p1	108	
109	p1	109	
110	p1	110	
111	p1	111	
112	p1	112	
113	p1	113	
114	p1	114	
115	p1	115	
116	p1	116	
117	p1	117	
118	p1	118	
119	p1	119	
120	p1	120	
121	p1	121	
122	p1	122	
123	p1	123	
124	p1	124	
125	p1	125	
126	p1	126	
127	p1	127	
128	p1	128	
129	p1	129	
130	p1	130	
131	p1	131	
132	p1	132	
133	p1	133	
134	p1	134	
135	p1	135	
136	p1	136	
137	p1	137	
138	p1	138	
139	p1	139	
140	p1	140	
141	p1	141	
142	p1	142	
143	p1	143	
144	p1	144	
145	p1	145	
146	p1	146	
147	p1	147	
148	p1	148	
149	p1	149	
150	p1	150	
151	p1	151	
152	p1	152	
153	p1	153	
154	p1	154	
155	p1	155	
156	p1	156	
157	p1	157	
158	p1	158	
159	p1	159	
160	p1	160	
161	p1	161	
162	p1	162	
163	p1	163	
164	p1	164	
165	p1	165	
166	p1	166	
167	p1	167	
168	p1	168	
169	p1	169	
170	p1	170	
171	p1	171	
172	p1	172	
173	p1	173	
174	p1	174	
175	p1	175	
176	p1	176	
177	p1	177	
178	p1	178	
179	p1	179	
180	p1	180	
181	p1	181	
182	p1	182	
183	p1	183	
184	p1	184	
185	p1	185	
186	p1	186	
187	p1	187	
188	p1	188	
189	p1	189	
190	p1	190	
191	p1	191	
192	p1	192	
193	p1	193	
194	p1	194	
195	p1	195	
196	p1	196	
197	p1	197	
198	p1	198	
199	p1	199	
200	p1	200	
201	p1	201	
202	p1	202	
203	p1	203	
204	p1	204	
205	p1	205	
206	p1	206	
207	p1	207	
208	p1	208	
209	p1	209	
210	p1	210	
211	p1	211	
212	p1	212	
213	p1	213	
214	p1	214	
215	p1	215	
216	p1	216	
217	p1	217	
218	p1	218	
219	p1	219	
220	p1	220	
221	p1	221	
222	p1	222	
223	p1	223	
224	p1	224	
225	p1	225	
226	p1	226	
227	p1	227	
228	p1	228	
229	p1	229	
230	p1	230	
231	p1	231	
232	p1	232	
233	p1	233	
234	p1	234	
235	p1	235	
236	p1	236	
237	p1	237	
238	p1	238	
239	p1	239	
240	p1	240	
241	p1	241	
242	p1	242	
243	p1	243	
244	p1	244	
245	p1	245	
246	p1	246	
247	p1	247	
248	p1	248	
249	p1	690	
250	p1	691	
251	p1	692	
252	p1	693	
253	p1	694	
254	p1	695	
255	p1	696	
256	p1	697	
257	p1	698	
258	p1	699	
259	p1	700	
260	p1	701	
261	p1	702	
262	p1	703	
263	p1	704	
264	p1	705	
265	p1	706	
266	p1	707	
267	p1	708	
268	p1	709	
269	p1	710	
270	p1	711	
271	p1	712	
272	p1	713	
273	p1	714	
274	p1	715	
275	p1	716	
276	p1	717	
277	p1	718	
278	p1	719	
279	p1	720	
280	p1	721	
281	p1	722	
282	p1	723	
283	p1	724	
284	p1	725	
285	p1	726	
286	p1	727	
287	p1	728	
288	p1	729	
289	p1	730	
290	p1	731	
291	p1	732	
292	p1	733	
293	p1	734	
294	p1	735	
295	p1	736	
296	p1	737	
297	p1	738	
298	p1	739	
299	p1	740	
300	p1	741	
301	p1	742	
302	p1	743	
303	p1	744	
304	p1	745	
305	p1	746	
306	p1	747	
307	p1	748	
308	p1	749	
309	p1	750	
310	p1	751	
311	p1	752	
312	p1	753	
313	p1	754	
314	p1	755	
315	p1	756	
316	p1	757	
317	p1	758	
318	p1	759	
319	p1	760	
320	p1	761	
321	p1	762	
322	p1	763	
323	p1	764	
324	p1	765	
325	p1	766	
326	p1	767	
327	p1	768	
328	p1	769	
329	p1	770	
330	p1	771	
331	p1	772	
332	p1	773	
333	p1	774	
334	p1	775	
335	p1	776	
336	p1	777	
337	p1	778	
338	p1	779	
339	p1	780	
340	p1	781	
341	p1	782	
342	p1	783	
343	p1	784	
344	p1	785	
345	p1	786	
346	p1	787	
347	p1	788	
348	p1	789	
349	p1	790	
350	p1	791	
351	p1	792	
352	p1	793	
353	p1	794	
354	p1	795	
355	p1	796	
356	p1	797	
357	p1	798	
358	p1	799	
359	p1	800	
360	p1	801	
361	p1	802	
362	p1	803	
363	p1	804	
364	p1	805	
365	p1	806	
366	p1	807	
367	p1	808	
368	p1	809	
369	p1	810	
370	p1	811	
371	p1	812	
372	p1	813	
373	p1	814	
374	p1	815	
375	p1	816	
376	p1	817	
377	p1	818	
378	p1	819	
379	p1	820	
380	p1	821	
381	p1	822	
382	p1	823	
383	p1	824	
384	p1	825	
385	p1	826	
386	p1	827	
387	p1	828	
388	p1	829	
389	p1	830	
390	p1	831	
391	p1	832	
392	p1	833	
393	p1	834	
394	p1	835	
395	p1	836	
396	p1	837	
397	p1	838	
398	p1	839	
399	p1	840	
400	p1	841	
401	p1	842	
402	p1	843	
403	p1	844	
404	p1	845	
405	p1	846	
406	p1	847	
407	p1	848	
408	p1	849	
409	p1	850	
410	p1	851	
411	p1	852	
412	p1	853	
413	p1	854	
414	p1	855	
415	p1	856	
416	p1	857	
417	p1	858	
418	p1	859	
419	p1	860	
420	p1	861	
421	p1	862	
422	p1	863	
423	p1	864	
424	p1	865	
425	p1	866	
426	p1	867	
427	p1	868	
428	p1	869	
429	p1	870	
430	p1	871	
431	p1	872	
432	p1	873	
433	p1	874	
434	p1	875	
435	p1	876	
436	p1	877	
437	p1	878	
438	p1	879	
439	p1	880	
440	p1	881	
441	p1	882	
442	p1	883	
443	p1	884	
444	p1	885	
445	p1	886	
446	p1	887	
447	p1	888	
448	p1	889	
449	p1	890	
450	p1	891	
451	p1	892	
452	p1	893	
453	p1	894	
454	p1	895	
455	p1	896	
456	p1	897	
457	p1	898	
458	p1	899	
459	p1	900	
460	p1	901	
461	p1	902	
462	p1	903	
463	p1	904	
464	p1	905	
465	p1	906	
466	p1	907	
467	p1	908	
468	p1	909	
469	p1	910	
470	p1	911	
471	p1	912	
472	p1	913	
473	p1	914	
474	p1	915	
475	p1	916	
476	p1	917	
477	p1	918	
478	p1	919	
479	p1	920	
480	p1	921	
481	p1	922	
482	p1	923	
483	p1	924	
484	p1	925	
485	p1	926	
486	p1	927	
487	p1	928	
488	p1	929	
489	p1	930	
490	p1	931	
491	p1	932	
492	p1	933	
493	p1	934	
494	p1	935	
495	p1	936	
496	p1	937	
497	p1	938	
498	p1	939	
499	p1	940	
500	p1	941	
501	p1	942	
502	p1	943	
503	p1	944	
504	p1	945	
505	p1	946	
506	p1	947	
507	p1	948	
508	p1	949	
509	p1	950	
510	p1	951	
511	p1	952	
512	p1	953	
513	p1	954	
514	p1	955	
515	p1	956	
516	p1	957	
517	p1	958	
518	p1	959	
519	p1	960	
520	p1	961	
521	p1	962	
522	p1	963	
523	p1	964	
524	p1	965	
525	p1	966	
526	p1	967	
527	p1	968	
528	p1	969	
529	p1	970	
530	p1	971	
531	p1	972	
532	p1	973	
533	p1	974	
534	p1	975	
535	p1	976	
536	p1	977	
537	p1	978	
538	p1	979	
539	p1	980	
540	p1	981	
541	p1	982	
542	p1	983	
543	p1	984	
544	p1	985	
545	p2	724	283
546	p2	725	284
547	p2	726	285
548	p2	727	286
549	p2	728	287
550	p2	729	288
551	p2	730	289
552	p2	731	290
553	p2	732	291
554	p2	733	292
555	p2	734	293
556	p2	735	294
557	p2	736	295
558	p2	737	296
559	p2	738	297
560	p2	739	298
561	p2	740	299
562	p2	741	300
563	p2	742	301
564	p2	743	302
565	p2	744	303
566	p2	745	304
567	p2	746	305
568	p2	747	306
569	p2	748	307
570	p2	749	308
571	p2	750	309
572	p2	751	310
573	p2	752	311
574	p2	753	312
575	p2	754	313
576	p2	755	314
577	p2	756	315
578	p2	757	316
579	p2	758	317
580	p2	759	318
581	p2	760	319
582	p2	761	320
583	p2	762	321
584	p2	763	322
585	p2	764	323
586	p2	765	324
587	p2	766	325
588	p2	767	326
589	p2	768	327
590	p2	769	328
591	p2	770	329
592	p2	771	330
593	p2	772	331
594	p2	773	332
595	p2	774	333
596	p2	775	334
597	p2	776	335
598	p2	777	336
599	p2	778	337
600	p2	779	338
601	p2	780	339
602	p2	781	340
603	p2	782	341
604	p2	783	342
605	p2	784	343
606	p2	785	344
607	p2	786	345
608	p2	787	346
609	p2	788	347
610	p2	789	348
611	p2	790	349
612	p2	791	350
613	p2	792	351
614	p2	793	352
615	p2	794	353
616	p2	795	354
617	p2	796	355
618	p2	797	356
619	p2	798	357
620	p2	799	358
621	p2	800	359
622	p2	801	360
623	p2	802	361
624	p2	803	362
625	p2	804	363
626	p2	805	364
627	p2	806	365
628	p2	807	366
629	p2	808	367
630	p2	809	368
631	p2	810	369
632	p2	811	370
633	p2	812	371
634	p2	813	372
635	p2	814	373
636	p2	815	374
637	p2	816	375
638	p2	817	376
639	p2	818	377
640	p2	819	378
641	p2	820	379
642	p2	821	380
643	p2	822	381
644	p2	823	382
645	p2	824	383
646	p2	825	384
647	p2	826	385
648	p2	827	386
649	p2	828	387
650	p2	829	388
651	p2	830	389
652	p2	831	390
653	p2	832	391
654	p2	833	392
655	p2	834	393
656	p2	835	394
657	p2	836	395
658	p2	837	396
659	p2	838	397
660	p2	839	398
661	p2	840	399
662	p2	841	400
663	p2	842	401
664	p2	843	402
665	p2	844	403
666	p2	845	404
667	p2	846	405
668	p2	847	406
669	p2	848	407
670	p2	849	408
671	p2	850	409
672	p2	851	410
673	p2	852	411
674	p2	853	412
675	p2	854	413
676	p2	855	414
677	p2	856	415
678	p2	857	416
679	p2	858	417
680	p2	859	418
681	p2	860	419
682	p2	861	420
683	p2	862	421
684	p2	863	422
685	p2	864	423
686	p2	865	424
687	p2	866	425
688	p2	867	426
689	p2	868	427
690	p2	869	428
691	p2	870	429
692	p2	871	430
693	p2	872	431
694	p2	873	432
695	p2	874	433
696	p2	875	434
697	p2	876	435
698	p2	877	436
699	p2	878	437
700	p2	879	438
701	p2	880	439
702	p2	881	440
703	p2	882	441
704	p2	883	442
705	p2	884	443
706	p2	885	444
707	p2	886	445
708	p2	887	446
709	p2	888	447
710	p2	889	448
711	p2	890	449
712	p2	891	450
713	p2	892	451
714	p2	893	452
715	p2	894	453
716	p2	895	454
717	p2	896	455
718	p2	897	456
719	p2	898	457
720	p2	899	458
721	p2	900	459
722	p2	901	460
723	p2	902	461
724	p2	903	462
725	p2	904	463
726	p2	905	464
727	p2	906	465
728	p2	907	466
729	p2	908	467
730	p2	909	468
731	p2	910	469
732	p2	911	470
733	p2	912	471
734	p2	913	472
735	p2	914	473
736	p2	915	474
737	p2	916	475
738	p2	917	476
739	p2	918	477
740	p2	919	478
741	p2	920	479
742	p2	921	480
743	p2	922	481
744	p2	923	482
745	p2	924	483
746	p2	925	484
747	p2	926	485
748	p2	927	486
749	p2	928	487
750	p2	929	488
751	p2	930	489
752	p2	931	490
753	p2	932	491
754	p2	933	492
755	p2	934	493
756	p2	935	494
757	p2	936	495
758	p2	937	496
759	p2	938	497
760	p2	939	498
761	p2	940	499
762	p2	941	500
763	p2	942	501
764	p2	943	502
765	p2	944	503
766	p2	945	504
767	p2	946	505
768	p2	947	506
769	p2	948	507
770	p2	949	508
771	p2	950	509
772	p2	951	510
773	p2	952	511
774	p2	953	512
775	p2	954	513
776	p2	955	514
777	p2	956	515
778	p2	957	516
779	p2	958	517
780	p2	959	518
781	p2	960	519
782	p2	961	520
783	p2	962	521
784	p2	963	522
785	p2	964	523
786	p2	965	524
787	p2	966	525
788	p2	967	526
789	p2	968	527
790	p2	969	528
791	p2	970	529
792	p2	971	530
793	p2	972	531
794	p2	973	532
795	p2	974	533
796	p2	975	534
797	p2	976	535
798	p2	977	536
799	p2	978	537
800	p2	979	538
801	p2	980	539
802	p2	981	540
803	p2	982	541
804	p2	983	542
805	p2	984	543
806	p2	985	544
807	p2	986	
808	p2	987	
809	p2	988	
810	p2	989	
811	p2	990	
812	p2	991	
813	p2	992	
814	p2	993	
815	p2	994	
816	p2	995	
817	p2	996	
818	p2	997	
819	p2	998	
820	p2	999	
821	p2	1000	
822	p2	1001	
823	p2	1002	
824	p2	1003	
825	p2	1004	
826	p2	1005	
827	p2	1006	
828	p2	1007	
829	p2	1008	
830	p2	1009	
831	p2	1010	
832	p2	1011	
833	p2	1012	
834	p2	1013	
835	p2	1014	
836	p2	1015	
837	p2	1016	
838	p2	1017	
839	p2	1018	
840	p2	1019	
841	p2	1020	
842	p2	1021	
843	p2	1022	
844	p2	1023	
845	p2	1024	
846	p2	1025	
847	p2	1026	
848	p2	1027	
849	p2	1028	
850	p2	1029	
851	p2	1030	
852	p2	1031	
853	p2	1032	
854	p2	1033	
855	p2	1034	
856	p2	1035	
857	p2	1036	
858	p2	1037	
859	p2	1038	
860	p2	1039	
861	p2	1040	
862	p2	1041	
863	p2	1042	
864	p2	1043	
865	p2	1044	
866	p2	1045	
867	p2	1046	
868	p2	1047	
869	p2	1048	
870	p2	1049	
871	p2	1050	
872	p2	1051	
873	p2	1052	
874	p2	1053	
875	p2	1054	
876	p2	1055	
877	p2	1056	
878	p2	1057	
879	p2	1058	
880	p2	1059	
881	p2	1060	
882	p2	1061	
883	p2	1062	
884	p2	1063	
885	p2	1064	
886	p2	1065	
887	p2	1066	
888	p2	1067	
889	p2	1068	
890	p2	1069	
891	p2	1070	
892	p2	1071	
893	p2	1072	
894	p2	1073	
895	p2	1074	
896	p2	1075	
897	p2	1076	
898	p2	1077	
899	p2	1078	
900	p2	1079	
901	p2	1080	
902	p2	1081	
903	p2	1082	
904	p2	1083	
905	p2	1084	
906	p2	1085	
907	p2	1086	
908	p2	1087	
909	p2	1088	
910	p2	1089	
911	p2	1090	
912	p2	1091	
913	p2	1092	
914	p2	1093	
915	p2	1094	
916	p2	1095	
917	p2	1096	
918	p2	1097	
919	p2	1098	
920	p2	1099	
921	p2	1100	
922	p2	1101	
923	p2	1102	
924	p2	1103	
925	p2	1104	
926	p2	1105	
927	p2	1106	
928	p2	1107	
929	p2	1108	
930	p2	1109	
931	p2	1110	
932	p2	1111	
933	p2	1112	
934	p2	1113	
935	p2	1114	
936	p2	1115	
937	p2	1116	
938	p2	1117	
939	p2	1118	
940	p2	1119	
941	p2	1120	
942	p2	1121	
943	p2	1122	
944	p2	1123	
945	p2	1124	
946	p2	1125	
947	p2	1126	
948	p2	1127	
949	p2	1128	
950	p2	1129	
951	p2	1130	
952	p2	1131	
953	p2	1132	
954	p2	1133	
955	p2	1134	
956	p2	1135	
957	p2	1136	
958	p2	1137	
959	p2	1138	
960	p2	1139	
961	p2	1140	
962	p2	1141	
963	p2	1142	
964	p2	1143	
965	p2	1144	
966	p2	1145	
967	p2	1146	
968	p2	1147	
969	p2	1148	
970	p2	1149	
971	p2	1150	
972	p2	1151	
973	p2	1152	
974	p2	1153	
975	p2	1154	
976	p2	1155	
977	p2	1156	
978	p2	1157	
979	p2	1158	
980	p2	1159	
981	p2	1160	
982	p2	1161	
983	p2	1162	
984	p2	1163	
985	p2	1164	
986	p2	1165	
987	p2	1166	
988	p2	1167	
989	p2	1168	
990	p2	1169	
991	p2	1170	
992	p2	1171	
993	p2	1172	
994	p2	1173	
995	p2	1174	
996	p2	1175	
997	p2	1176	
998	p2	1177	
999	p2	1178	
1000	p2	1179	
1001	p2	1180	
1002	p2	1181	
1003	p2	1182	
1004	p2	1183	
1005	p2	1184	
1006	p2	1185	
1007	p2	1186	
1008	p2	1187	
1009	p2	1188	
1010	p2	1189	
1011	p2	1190	
1012	p2	1191	
1013	p2	1192	
1014	p2	1193	
1015	p2	1194	
1016	p2	1195	
1017	p2	1196	
1018	p2	1197	
1019	p2	1198	
1020	p2	1199	
1021	p2	1200	
1022	p2	1201	
1023	p2	1202	
1024	p2	1203	
1025	p2	1204	
1026	p2	1205	
1027	p2	1206	
1028	p2	1207	
1029	p2	1208	
1030	p2	1209	
1031	p2	1210	
1032	p2	1211	
1033	p2	1212	
1034	p2	1213	
1035	p2	1214	
1036	p2	1215	
1037	p2	1216	
1038	p2	1217	
1039	p2	1218	
1040	p2	1219	
1041	p2	1220	
1042	p2	1221	
1043	p2	1222	
1044	p2	1223	
1045	p2	1224	
1046	p2	1225	
1047	p2	1226	
1048	p2	1227	
1049	p2	1228	
1050	p2	1229	
1051	p2	1230	
1052	p2	1231	
1053	p2	1232	
1054	p2	1233	
1055	p2	1234	
1056	p2	1235	
1057	p2	1236	
1058	p2	1237	
1059	p2	1238	
1060	p2	1239	
1061	p2	1240	
1062	p2	1241	
1063	p2	1242	
1064	p2	1243	
1065	p2	1244	
1066	p2	1245	
1067	p2	1246	
1068	p3	1122	943
1069	p3	1123	944
1070	p3	1124	945
1071	p3	1125	946
1072	p3	1126	947
1073	p3	1127	948
1074	p3	1128	949
1075	p3	1129	950
1076	p3	1130	951
1077	p3	1131	952
1078	p3	1132	953
1079	p3	1133	954
1080	p3	1134	955
1081	p3	1135	956
1082	p3	1136	957
1083	p3	1137	958
1084	p3	1138	959
1085	p3	1139	960
1086	p3	1140	961
1087	p3	1141	962
1088	p3	1142	963
1089	p3	1143	964
1090	p3	1144	965
1091	p3	1145	966
1092	p3	1146	967
1093	p3	1147	968
1094	p3	1148	969
1095	p3	1149	970
1096	p3	1150	971
1097	p3	1151	972
1098	p3	1152	973
1099	p3	1153	974
1100	p3	1154	975
1101	p3	1155	976
1102	p3	1156	977
1103	p3	1157	978
1104	p3	1158	979
1105	p3	1159	980
1106	p3	1160	981
1107	p3	1161	982
1108	p3	1162	983
1109	p3	1163	984
1110	p3	1164	985
1111	p3	1165	986
1112	p3	1166	987
1113	p3	1167	988
1114	p3	1168	989
1115	p3	1169	990
1116	p3	1170	991
1117	p3	1171	992
1118	p3	1172	993
1119	p3	1173	994
1120	p3	1174	995
1121	p3	1175	996
1122	p3	1176	997
1123	p3	1177	998
1124	p3	1178	999
1125	p3	1179	1000
1126	p3	1180	1001
1127	p3	1181	1002
1128	p3	1182	1003
1129	p3	1183	1004
1130	p3	1184	1005
1131	p3	1185	1006
1132	p3	1186	1007
1133	p3	1187	1008
1134	p3	1188	1009
1135	p3	1189	1010
1136	p3	1190	1011
1137	p3	1191	1012
1138	p3	1192	1013
1139	p3	1193	1014
1140	p3	1194	1015
1141	p3	1195	1016
1142	p3	1196	1017
1143	p3	1197	1018
1144	p3	1198	1019
1145	p3	1199	1020
1146	p3	1200	1021
1147	p3	1201	1022
1148	p3	1202	1023
1149	p3	1203	1024
1150	p3	1204	1025
1151	p3	1205	1026
1152	p3	1206	1027
1153	p3	1207	1028
1154	p3	1208	1029
1155	p3	1209	1030
1156	p3	1210	1031
1157	p3	1211	1032
1158	p3	1212	1033
1159	p3	1213	1034
1160	p3	1214	1035
1161	p3	1215	1036
1162	p3	1216	1037
1163	p3	1217	1038
1164	p3	1218	1039
1165	p3	1219	1040
1166	p3	1220	1041
1167	p3	1221	1042
1168	p3	1222	1043
1169	p3	1223	1044
1170	p3	1224	1045
1171	p3	1225	1046
1172	p3	1226	1047
1173	p3	1227	1048
1174	p3	1228	1049
1175	p3	1229	1050
1176	p3	1230	1051
1177	p3	1231	1052
1178	p3	1232	1053
1179	p3	1233	1054
1180	p3	1234	1055
1181	p3	1235	1056
1182	p3	1236	1057
1183	p3	1237	1058
1184	p3	1238	1059
1185	p3	1239	1060
1186	p3	1240	1061
1187	p3	1241	1062
1188	p3	1242	1063
1189	p3	1243	1064
1190	p3	1244	1065
1191	p3	1245	1066
1192	p3	1246	1067
1193	p3	1247	
1194	p3	1248	
1195	p3	1249	
1196	p3	1250	
1197	p3	1251	
1198	p3	1252	
1199	p3	1253	
1200	p3	1254	
1201	p3	1255	
1202	p3	1256	
1203	p3	1257	
1204	p3	1258	
1205	p3	1259	
1206	p3	1260	
1207	p3	1261	
1208	p3	1262	
1209	p3	1263	
1210	p3	1264	
1211	p3	1265	
1212	p3	1266	
1213	p3	1267	
1214	p3	1268	
1215	p3	1269	
1216	p3	1270	
1217	p3	1271	
1218	p3	1272	
1219	p3	1273	
1220	p3	1274	
1221	p3	1275	
1222	p3	1276	
1223	p3	1277	
1224	p3	1278	
1225	p3	1279	
1226	p3	1280	
1227	p3	1281	
1228	p3	1282	
1229	p3	1283	
1230	p3	1284	
1231	p3	1285	
1232	p3	1286	
1233	p3	1287	
1234	p3	1288	
1235	p3	1289	
1236	p3	1290	
1237	p3	1291	
1238	p3	1292	
1239	p3	1293	
1240	p3	1294	
1241	p3	1295	
1242	p3	1296	
1243	p3	1297	
1244	p3	1298	
1245	p3	1299	
1246	p3	1300	
1247	p3	1301	
1248	p3	1302	
1249	p3	1303	
1250	p3	1304	
1251	p3	1305	
1252	p3	1306	
1253	p3	1307	
1254	p3	1308	
1255	p3	1309	
1256	p3	1310	
1257	p3	1311	
1258	p3	1312	
1259	p3	1313	
1260	p3	1314	
1261	p3	1315	
1262	p3	1316	
1263	p3	1317	
1264	p3	1318	
1265	p3	1319	
1266	p3	1320	
1267	p3	1321	
1268	p3	1322	
1269	p3	1323	
1270	p3	1324	
1271	p3	1325	
1272	p3	1326	
1273	p3	1327	
1274	p3	1328	
1275	p3	1329	
1276	p3	1330	
1277	p3	1331	
1278	p3	1332	
1279	p3	1333	
1280	p3	1334	
1281	p3	1335	
1282	p3	1336	
1283	p3	1337	
1284	p3	1338	
1285	p3	1339	
1286	p3	1340	
1287	p3	1341	
1288	p3	1342	
1289	p3	1343	
1290	p3	1344	
1291	p3	1345	
1292	p3	1346	
1293	p3	1347	
1294	p3	1348	
1295	p3	1349	
1296	p3	1350	
1297	p3	1351	
1298	p3	1352	
1299	p3	1353	
1300	p3	1354	
1301	p3	1355	
1302	p3	1356	
1303	p3	1357	
1304	p3	1358	
1305	p3	1359	
1306	p3	1360	
1307	p3	1361	
1308	p3	1362	
1309	p3	1363	
1310	p3	1364	
1311	p3	1365	
1312	p3	1366	
1313	p3	1367	
1314	p3	1368	
1315	p3	1369	
1316	p3	1370	
1317	p3	1371	
1318	p3	1372	
1319	p3	1373	
1320	p3	1374	
1321	p3	1375	
1322	p3	1376	
1323	p3	1377	
1324	p3	1378	
1325	p3	1379	
1326	p3	1380	
1327	p3	1381	
1328	p3	1382	
1329	p3	1383	
1330	p3	1384	
1331	p3	1385	
1332	p3	1386	
1333	p3	1387	
1334	p3	1388	
1335	p3	1389	
1336	p3	1390	
1337	p3	1391	
1338	p3	1392	
1339	p3	1393	
1340	p3	1394	
1341	p3	1395	
1342	p3	1396	
1343	p3	1397	
1344	p3	1398	
1345	p3	1399	
1346	p3	1400	
1347	p3	1401	
1348	p3	1402	
1349	p3	1403	
1350	p3	1404	
1351	p3	1405	
1352	p3	1406	
1353	p3	1407	
1354	p3	1408	
1355	p3	1409	
1356	p3	1410	
1357	p3	1411	
1358	p3	1412	
1359	p3	1413	
1360	p3	1414	
1361	p3	1415	
1362	p3	1416	
1363	p3	1417	
1364	p3	1418	
1365	p3	1419	
1366	p3	1420	
1367	p3	1421	
1368	p3	1422	
1369	p3	1423	
1370	p3	1424	
1371	p3	1425	
1372	p3	1426	
1373	p3	1427	
1374	p4	1374	1320
1375	p4	1375	1321
1376	p4	1376	1322
1377	p4	1377	1323
1378	p4	1378	1324
1379	p4	1379	1325
1380	p4	1380	1326
1381	p4	1381	1327
1382	p4	1382	1328
1383	p4	1383	1329
1384	p4	1384	1330
1385	p4	1385	1331
1386	p4	1386	1332
1387	p4	1387	1333
1388	p4	1388	1334
1389	p4	1389	1335
1390	p4	1390	1336
1391	p4	1391	1337
1392	p4	1392	1338
1393	p4	1393	1339
1394	p4	1394	1340
1395	p4	1395	1341
1396	p4	1396	1342
1397	p4	1397	1343
1398	p4	1398	1344
1399	p4	1399	1345
1400	p4	1400	1346
1401	p4	1401	1347
1402	p4	1402	1348
1403	p4	1403	1349
1404	p4	1404	1350
1405	p4	1405	1351
1406	p4	1406	1352
1407	p4	1407	1353
1408	p4	1408	1354
1409	p4	1409	1355
1410	p4	1410	1356
1411	p4	1411	1357
1412	p4	1412	1358
1413	p4	1413	1359
1414	p4	1414	1360
1415	p4	1415	1361
1416	p4	1416	1362
1417	p4	1417	1363
1418	p4	1418	1364
1419	p4	1419	1365
1420	p4	1420	1366
1421	p4	1421	1367
1422	p4	1422	1368
1423	p4	1423	1369
1424	p4	1424	1370
1425	p4	1425	1371
1426	p4	1426	1372
1427	p4	1427	1373
1428	p4	1428	
1429	p4	1429	
1430	p4	1430	
1431	p4	1431	
1432	p4	1432	
1433	p4	1433	
1434	p4	1434	
1435	p4	1435	
1436	p4	1436	
1437	p4	1437	
1438	p4	1438	
1439	p4	1439	
1440	p4	1440	
1441	p4	1441	
1442	p4	1442	
1443	p4	1443	
1444	p4	1444	
1445	p4	1445	
1446	p4	1446	
1447	p4	1447	
1448	p4	1448	
1449	p4	1449	
1450	p4	1450	
1451	p4	1451	
1452	p4	1452	
1453	p4	1453	
1454	p4	1454	
1455	p4	1455	
1456	p4	1456	
1457	p4	1457	
1458	p4	1458	
1459	p4	1459	
1460	p4	1460	
1461	p4	1461	
1462	p4	1462	
1463	p4	1463	
1464	p4	1464	
1465	p4	1465	
1466	p4	1466	
1467	p4	1467	
1468	p4	1468	
1469	p4	1469	
1470	p4	1470	
1471	p4	1471	
1472	p4	1472	
1473	p4	1473	
1474	p4	1474	
1475	p4	1475	
1476	p4	1476	
1477	p4	1477	
1478	p4	1478	
1479	p4	1479	
1480	p4	1480	
1481	p4	1481	
1482	p4	1482	
1483	p4	1483	
1484	p4	1484	
1485	p4	1485	
1486	p4	1486	
1487	p4	1487	
1488	p4	1488	
1489	p4	1489	
1490	p4	1490	
1491	p4	1491	
1492	p4	1492	
1493	p4	1493	
1494	p4	1494	
1495	p4	1495	
1496	p4	1496	
1497	p4	1497	
1498	p4	1498	
1499	p4	1499	
1500	p4	1500	
1501	p4	1501	
1502	p4	1502	
1503	p4	1503	
1504	p4	1504	
1505	p4	1505	
1506	p4	1506	
1507	p4	1507	
1508	p4	1508	
1509	p4	1509	
1510	p4	1510	
1511	p4	1511	
1512	p4	1512	
1513	p4	1513	
1514	p4	1514	
1515	p4	1515	
1516	p4	1516	
1517	p4	1517	
1518	p4	1518	
1519	p4	1519	
1520	p4	1520	
1521	p4	1521	
1522	p4	1522	
1523	p4	1523	
1524	p4	1524	
1525	p4	1525	
1526	p4	1526	
1527	p4	1527	
1528	p4	1528	
1529	p4	1529	
1530	p4	1530	
1531	p4	1531	
1532	p4	1532	
1533	p4	1533	
1534	p4	1534	
