arc	source	kind	reproducible_from_committed	what	where	why
B3_regge_complex	main	ASSERTED	no	figure-eight complement has 2 regular ideal tetrahedra, 2 edge classes, 4 face classes, 1 cusp (Thurston, standard fact)	probe.py NUM_TETRAHEDRA etc, hardcoded constants	these counts are stated as 'verifiable in SnapPy' but SnapPy is not run in this probe -- the numbers are hardcoded literature facts, not computed here
B5_wheeler_dewitt	main	COMPUTED	unknown	Lambda = 2*pi^2/Vol(4_1) ~= 9.724 (Planck units), ~10^120 times observed cosmological constant	probe.py main(), uses origin_axiom.constants.VOL_FIG8	depends on VOL_FIG8 constant imported from origin_axiom.constants, not shown in this probe; the ~10^120 comparison to the observed Lambda is an order-of-magnitude claim not itself computed symbolically here
B25_fibonacci_spectrum_anchor	main	COMPUTED	no	REFINED (later addendum): bandwidth-decay ratio ~0.8711(4); box-counting dimension NOT converged, bracketed [0.78,0.93], Aitken ~0.86	README.md addendum '2026-06-11, review-session'	described as 'numbers reproduced in-session' from a cross-session run; no committed script/witness for this refined estimate is present in the files read (only the original probe.py, which targets 0.75, not this refined bracket)
B32_selector_axiom_audit	main	ASSERTED	yes	S1 selector needed to get I=1/4, lambda/h=1	probe.py asserts selected_i == Rational(1,4) given S1 assumption	probe.py runs symbolic algebra confirming the conditional derivation, but S1 itself is stated as an assumption not derived from A1-A7
B40_filter_reuse_audit	main	ASSERTED	yes	classification of derived vs conditional vs not-derived status for S1/T1 chain	probe.py sections [1]-[3]	the classification itself is a bookkeeping/audit statement (dict of strings), not a mathematical derivation; the accompanying algebra (mu=3 => I=1/4) is computed but the overall audit conclusion is an editorial judgment
B47_s1_verdict_ledger	main	ASSERTED	unknown	campaign-wide summary table over B38-B46 verdicts	probe.py verdicts dict, hard-coded	the verdicts dict is manually transcribed from the other arcs' own README status lines rather than programmatically pulled from their files, so a stranger cannot mechanically reproduce it without re-reading each arc; it is however consistent with what B38-B46 report
B50_pc12_proof_draft_assembly	main	ASSERTED	yes	existence of papers/candidates/PC12_sl3_metallic_trace_maps/DRAFT_NOTE_SKELETON.md	FINDINGS.md 'Result' section; confirmed present on disk (verified: directory listing shows DRAFT_NOTE_SKELETON.md and later DRAFT_NOTE.md)	this is a documentation-assembly task, not a computation; the file's existence is directly checkable and was confirmed
B58_phaseA	main	IMPORTED	unknown	a_2=2 is correct (established via B62's structural opposition-involution argument, not via the pinv-limit)	FINDINGS.md 'Method-limitation, not a refutation'; B62_STATUS.md sections 1-6	B62_STATUS.md itself flags that B62's height-2 rule is 'verified-match... not proven' and that the identification of the Lie-theoretic θ-split with the dynamical Jacobian multiplicities is an unproven bridge (an explicit stated gap); the a_2=2 'ground truth' this arc treats as correct is therefore itself only a verified-candidate, not a proof
B58_sl4_tower_test	main	COMPUTED	unknown	original claim: SL(4) 7-factor tower prediction is untestable numerically because the fixed-line point is the degenerate identity representation	FINDINGS.md body (below the correction header)	the degeneracy argument (d tr(W)~1e-10, d^2 tr(W)~50) is numerically demonstrated in this arc's own probe.py, but the arc's headline conclusion built on it was later retracted by external work (B742/B745), not by this arc's own files
B58_sl4_tower_test	main	IMPORTED	no	retraction: SL(4) prediction IS numerically testable via an epsilon-extrapolated pinv-ratio route, cross-verified by two other seats (B742, B745)	FINDINGS.md correction header at top	the correcting computation (B742's route, B745's 5 independent checks) lives outside this arc's own committed files (in B742/B745, not sampled in this packet); this digest cannot verify it directly from the files read here
B59_sl4_factorization	main	COMPUTED	yes but NUMERIC ONLY	SL(4) fixed-line Jacobian spectrum factors as char(M^-1).char(M).char(M^2).char(M^3).char(M^4).char(-M^2).(t-1)^2(t+1)	frontier/B59_sl4_factorization/probe.py (check_sl4_factorization, max match 0.0101)	finite-difference extrapolation eps->0 at double precision, matched to target roots within tolerance 0.03; self-described as 'numerical (~3-4 digits), method-validated -- not a symbolic proof'
B60_sln_tower	main	COMPUTED	yes but NUMERIC ONLY	cross-n factorization map for n=3,4 (powers, sign sectors, parity degree)	frontier/B60_sln_tower/probe.py check_sl3_validation/check_sl4_regression	same double-precision extrapolation method as B59, self-described 'numerical, method-validated -- not a symbolic proof'
B61_sl5_high_precision	main	COMPUTED	yes but NUMERIC ONLY	22 of 24 SL(5) multipliers resolve to the Cayley-Hamilton catalog using inverse-word coordinates	frontier/B61_sl5_high_precision/probe.py compute_sl5	high-precision (dps=60) numerical extrapolation matched to catalog roots (worst resolved mode ~2e-5); explicitly 'NOT a symbolic proof'
B62_opposition_involution	main	ASSERTED (numerically corroborated, not proved)	yes	the 2 unresolved SL(5) modes ARE char(M^2) (not char(-M^2))	FINDINGS.md item 4, check_residual_sign	the identification rests on (a) an exact but unproven convention that fixed roots go to the +1/symmetric sector, calibrated empirically off SL(3) ('the convention is fixed empirically by SL(3)'), and (b) a numerical sign corroboration using single-seed residual data (2.890, 0.898) hardcoded as literal constants in probe.py rather than recomputed live -- this is IDENTIFICATION_BY_TYPE-adjacent: the height-2 dimension count matching is used to identify which Cayley-Hamilton factor occupies the 2 missing dimensions, without an independent derivation of the root-to-factor correspondence at heights other than 2.
B64_parity_mechanism	main	COMPUTED (a Newton identity verification) plus ASSERTED (the broader claim that this is the complete obstruction)	the Newton identity itself yes; the completeness of 'this is the only obstruction' is not independently verified here	the Lambda^2 obstruction is 'localized' -- full symbolic SL(4) Jacobian needs the 6-dim exterior square, not just fundamental depth-4	probe.py check_lambda2_obstruction	the check only confirms tr(W^2)=(trW)^2-2e2(W), a standard identity; it does not prove no other obstruction exists
B66_sl6_tower	main	COMPUTED	yes but NUMERIC ONLY (high precision dps=60)	mult(|k|=3)=2 at SL(6), refuting max(n-d,1)=3	frontier/B66_sl6_tower/probe.py main() KEY TEST	high-precision mpmath extrapolation; matched directly to catalog roots
B69_metallic_apoly_family	main	ASSERTED (a literature-based judgment call, with an explicit caveat that the primary source PDF could not be parsed for a line-by-line check)	no -- this is a literature-review conclusion, not a computation	novelty of the cusp-torsion law	frontier/B69_metallic_apoly_family/NOVELTY_CHECK.md	NOVELTY_CHECK.md's own text: 'the Baker-Petersen PDF would not parse for a line-by-line check of whether the exact 2cos(pi/k) cusp statement appears verbatim; but the framework... is unambiguously established for this family, so no novelty claim is warranted regardless' -- this is a reasoned but not fully verified literature claim
B73_sl4_apoly	main	COMPUTED	unknown	Sym^3 SL(4) geometric branch reproduces Sym^3 of SL(2) monodromy to ~1e-12	probe.py:1-40 header + sym_power	only the head of probe.py was sampled per mode; full verification of the Sym^3 shadow check was not read
B73_sl4_apoly	main	ASSERTED	no	no SL(4) Dehn-filling fixed-locus machinery exists yet (B48 is SL(3) only)	probe.py header comment lines 17-24	stated as an honest boundary/deferral, not something computed positively
B74_higher_spin_grading	main	IMPORTED	no	full spectrum comparison (W_N spins vs Dickson positive powers) diverges for n>=4	probe.py:85-120 (TOWER dict, compare())	"the TOWER dict is hard-coded as ""the established tower data (firmly known n=3,4,5; B54/B63/B64/B61/B62)"" — imported from prior arcs, not recomputed here"
B75_metallic_degree_rank	main	COMPUTED	unknown	M^3=L confirmed at m=1 and m=3 (n=3), eigenvalue-form test dev ~7.5e-15 / 2.7e-15 over 8 reps each	FINDINGS.md table, presumably computed in probe.py (not directly read)	probe.py itself was not opened (packet lists it as SAMPLE/FULL but time budget led to relying on FINDINGS' numeric table); the FINDINGS text describes the method (eigenvalue-form test) in enough detail to be plausible but the script was not independently inspected in this pass
B75_metallic_degree_rank	main	COMPUTED	unknown	even-m (m=2, silver) Dehn-filling component NOT found across a 61-spectrum sweep at n=3	FINDINGS.md:49-54	same caveat — described, not independently verified against probe.py source in this pass
B76_cusp_quantum_group	main	COMPUTED	unknown	2cos(pi/k) = [2]_q identity verified k=3..8	FINDINGS.md:15-16, presumably probe.py	probe.py not directly opened this pass; the identity itself is elementary trigonometric/algebraic and plausible, but independent verification of the committed script was not done
B77_degree_rank_mechanism	main	COMPUTED	unknown	[A,B]=c*mu^n with c=(-1)^{n-1}, robust across reps/seeds, scalar-dev ~1e-10 to 1e-14	FINDINGS.md:17-24, presumably probe.py	probe.py not directly opened this pass
B77_degree_rank_mechanism	main	COMPUTED	unknown	A-to-D unification refuted: meridian eigenvalues are generic, not roots of unity, not the Dickson char(M^n) roots	FINDINGS.md:27-36	same caveat
B78_degree_rank_n5	main	COMPUTED	unknown	rep-finder validated at n=3,4 reproducing known sign law (c=+1 at n=3, c=-1 at n=4)	FINDINGS.md:16-21	probe.py not directly opened this pass
B78_degree_rank_n5	main	COMPUTED	unknown	n=5: every converged rep across many spectra is reducible (~100 converged solutions per spectrum, 0 irreducible)	FINDINGS.md:26-29	same caveat; a striking negative numeric claim worth independent rerun
B79_mn_table	main	IMPORTED	unknown	consolidation table: d(1,3)=3 exact, d(1,4)=4 numeric ~1e-39, d(3,3)=3 numeric; d(2,3), d(2,4), d(3,4) all OPEN	FINDINGS.md table lines 12-16	consolidation arc importing prior arcs' (B71/B73/B75) results into one table; probe.py itself not opened this pass
B80_sl4_adproof	main	IMPORTED	unknown	char poly identical to B65's numerically-derived jacobian_m.json (cross-arc gate)	build_jm.py:177-189 (gate_vs_b65)	depends on B65's jacobian_m.json artifact, which is outside this packet and not independently checked here
B81_sl5_adproof	main	COMPUTED	unknown	char(DT_0(4,m=1)) identical across seeds (canonical); char(DT_0(5,m=1)) scatters (24/25 coeffs differ across seeds 20/99/123)	FINDINGS.md table lines 19-22	probe.py not directly opened this pass; described as exact F_p computation
B82_consolidation	main	IMPORTED	no	synthesis table of 5 physics-bridge probes (anyons/TQC, quasicrystal spectra, j=1728/Seiberg-Witten, higher-spin/W_N, cusp-torsion/quantum group), all verdict negative or same-structure-coincidence	FINDINGS.md:53-69	"this is a synthesis/positioning arc explicitly stating ""no new theorem""; it aggregates conclusions from B28/B29/B34/B37/B53/B56/B58 etc. rather than computing anything itself"
B83_sln_apolynomial	main	COMPUTED	unknown	A_n family L=(-1)^{n-1}M^n confirmed at n=3 (~1e-10) and n=4 (~1e-12, new)	FINDINGS.md table lines 20-24	probe.py not directly opened this pass
B83_sln_apolynomial	main	ASSERTED	no	n=5 prediction L=+M^5 is UNTESTED (principal component not locatable, per B78)	FINDINGS.md:24	explicitly a prediction, not a computed result
B84_sl5_gauge_barrier	main	COMPUTED	unknown	seed-averaging over 40 seeds fails to converge char(DT_0(5,m=1)); gauge-invariant power sums tr(DT_0^k) also scatter across seeds at SL(5) but not SL(4)	FINDINGS.md:16-26	probe.py not directly opened this pass; exact F_p claimed
B85_tower_lynchpin	main	COMPUTED	unknown	Lambda^2 functoriality of the figure-eight substitution verified to ~1e-14	FINDINGS.md:18-24	probe.py not directly opened this pass
B85_tower_lynchpin	main	ASSERTED	no	char(M^2) multiplicity (1 at n=3,4; 2 at n=5,6) is a root-system fact, not a representation artifact	FINDINGS.md:26-30	stated as a structural/root-system argument rather than a direct numeric computation in the excerpt read
B86_unification_synthesis	main	ASSERTED	no	novelty positioning table: A_n family / SL(4) L=-M^4 labeled APPARENTLY_NEW pending literature check; SL(2)/SL(3) results labeled KNOWN	FINDINGS.md:24-36	"an internal (""no external contact"") novelty self-assessment, explicitly not verified against the literature"
B87_m3_genus	main	UNCLEAR	no	full m=3 SPECTRAL (M,L) A-polynomial genus	FINDINGS.md 'Honest scope'	explicitly marked open/pending, blocked by 'too slow' elimination and by unavailable Magma/Ptolemy tooling per the 2026-07-09 addendum
B89T_tower_route	main	ASSERTED	no	module-isomorphism (M) for all n	FINDINGS.md 'Labels'	explicitly labeled CONJECTURED; the derivation for all n is stated as the lone open item
B89_sl4_symbolic_M4L	main	ASSERTED	unknown	the family (4-parameter gauge-fixed slice) covers the whole component	FINDINGS.md 'Coverage: B73's numerical reps gauge onto the locus'	the covering claim relies on numerical checks in tests (not shown in this packet) that B73 reps gauge into the family; not verified in the files read here
B89_sl4_symbolic_M4L	main	IMPORTED	no (B149 not in this packet)	B89's family is the complete component of irreducible reps (forward note referencing B149)	README.md forward note	the completeness upgrade is attributed to a different arc (B149) not read here
B92_metallic_classification	main	COMPUTED	unknown (addendum computation via Sage/PARI not in this packet's files)	companion M_m is the UNIQUE GL(2,Z) class for m<=5 and m=7,8; first non-uniqueness at m=6 (h=2)	FINDINGS.md ADDENDUM 2026-08-18 class-number table	the addendum's corrected class-number table used external tools (Sage BinaryQF, PARI cross-validation) whose scripts are not among the files read in this arc
B94_tower_universality	main	COMPUTED	yes (depends on B54/B65 files existing, not in this packet)	char(J^2) factors exactly over catalog char(N^k), N=M_1^2, at SL(3) and SL(4); no sign sectors, no (t+1)	probe.py universality(), reusing _sl3_jacobian_m1/_sl4_jacobian_m1 imported from B54/B65 probe modules	exact symbolic factorization at m=1 only; cross-arc dependency on B54/B65's symbolic_jacobian() functions not verified in this batch
B94_tower_universality	main	UNCLEAR	no	plethysm-universality for non-metallic N at n>=3	FINDINGS.md 'Scope'	explicitly labeled open (Task A)
B96_geometry_invariants	main	UNCLEAR	no (needs Sage, unavailable)	|tau_3| torsion is branch-ambiguous, not reported as a number	FINDINGS.md 'Honest status of secondary quantities'	explicitly left open
B98_geometric_jacobian	main	IMPORTED	n/a (explicitly a citation)	the 3d-3d correspondence / Daly bridge	FINDINGS.md, README.md	explicitly labeled as citation, not our claim -- correctly hedged
B100_literature_crosscheck	main	IMPORTED	yes (depends on B98 file)	twisted-Alexander transverse quadratic t^2-5t+1 = B98's geometric-rep Jacobian	probe.py twisted_alexander_transverse_quadratic(), reuses _b98().char_at_geometric()	direct reuse of the locked B98 result, not independently recomputed; the genus figures (0 and 3) are explicitly 'cited/prior-banked, not recomputed here'
B101_hitchin_reframing	main	COMPUTED	yes (per FINDINGS description; not independently verified from full probe.py in this sampled read)	Lorentzian rung occurs only at k=2 in the symmetric-space ladder; no tower of spacetimes	FINDINGS.md R2 'ladder_signatures'	SAMPLE_CODE mode used per packet instructions; the load-bearing ladder_signatures()/lorentzian_rungs() function bodies were not read in full
B101_hitchin_reframing	main	COMPUTED	yes (per FINDINGS; function body not fully sampled)	H^1 splits 3+5 (Teichmuller + cubic); explicit Anosov deformation leaves V0 and breaks SO(2,1) form	FINDINGS.md R4, probe.py tangent_space_split()/cubic_deformation_witness() (not fully read)	FINDINGS.md explicitly notes an 'honest scope': the unconstrained cubic deformation also moves the puncture holonomy off unipotent, a limitation the arc itself flags
B105_n5_wall_and_convergence	main	ASSERTED	unknown (Appendix A demonstration not identified as a separate file in this packet)	Correction A: seed-variation of the 3 unresolved factors is uninformative noise from eps-series rank-deficiency, not evidence of 'coordinate artifact'	FINDINGS.md 'Corrections' section, citing an 'Appendix A' demonstration	the FINDINGS text refers to 'Appendix A demonstrates...' but no such appendix file is listed among this arc's 4 files; likely embedded in probe.py or the test file, not confirmed in this read
B105_n5_wall_and_convergence	main	COMPUTED/ASSERTED mixed	partially (cusp_spectrum_facts is a simple numeric check; the 'three obstacle' framing itself is an interpretive/structural argument, not a single computation)	H6/V91: n=5 is a threshold of THREE distinct obstacles (degree=rank, tower doubling, trace-ring non-closure), not one collision	probe.py forced_cusp_spectrum()/cusp_spectrum_facts() (sampled); FINDINGS.md V91 correction text	the three-obstacle distinction rests on citing three separate arcs (B95, B62, engine-free trace-ring argument) rather than one self-contained computation in this file
B107_physics_connection_audit	main	ASSERTED	unknown	mass/dimension = tower-eigenvalue identification is a category error; only M_SUSY ≅ M_flat + 3-branch correspondence is citable	FINDINGS.md section C	this is an interpretive/classification judgment (withdrawal of an overclaim), not a computation with a witness file
B110_off_locus_sector	main	IMPORTED	yes	figure-eight SL(3,C) character variety has exactly three irreducible components (V0,W1,W2), all on the forced locus	FINDINGS.md main table	cites Heusener-Muñoz-Porti (arXiv:1505.04451) for the component count, but the forced-locus check itself is computed via exhaustive grid search over V0∪W1∪W2
B123_arithmeticity_m1	main	IMPORTED	no	figure-eight is the unique arithmetic knot complement; m>=2 metallic manifolds are non-arithmetic (as knots)	FINDINGS.md, citing Reid 1991	cited literature theorem, not computed; FINDINGS itself flags the m>=2 confirmation step as 'SnapPy/Magma-GATED... the repo has no trace-field classifier' at time of writing
B123_arithmeticity_m1	main	ASSERTED	no	third independent m=1 selection criterion (arithmeticity, alongside systole and expansion threshold)	FINDINGS.md headline	This specific claim (that arithmeticity uniquely selects m=1) is explicitly overturned by B125 the same day in the log; the arc's own arc_verdict.json still lists superseded_by: null
B125_snappy_arithmeticity	main	COMPUTED	unknown	m=1 kM=Q(sqrt-3), m=2 kM=Q(i), both arithmetic; m=3..6 non-arithmetic (degree>=4)	probe.py RECORD dict + live_arithmeticity(), FINDINGS.md sec 2	computed in-sandbox with SnapPy 3.3.2 + cypari 2.5.6 and recorded as a hardcoded RECORD dict in probe.py; the live recomputation function exists and is SnapPy-guarded (skips if absent) so a stranger without SnapPy installed only gets the hardcoded record, not an independent recomputation
B126_ladder_to_physics	main	COMPUTED	partial	kappa-degree over Q(z) = [1,1,3,3,7,6] for m=1..6, rational exactly for arithmetic members m=1,2	probe.py kappa_degree(), KAPPA_DEGREE_RECORD	m=1..4 computed live via Groebner elimination in probe.py; m=5,6 are recorded from 'the longer run' (not re-derived live, no script shown for m=5,6), described honestly as 'family-specific observation, not a law'
B126_ladder_to_physics	main	IMPORTED	no	rigidity propagates exactly two floors then hits a nameable wall (3d->4d ceiling N=4 SYM/N=2*)	FINDINGS.md main body	argument built from cited literature theorems (Dimofte-Garoufalidis, Yoon, Gang-Yonekura, Kapustin-Witten, etc.), not from a committed computation; the in-house computed facts (A) and (B) support but do not by themselves establish the ladder-map conclusion
B127_chirality_arithmetic_naming	main	COMPUTED	unknown	CS(M_m^2=R^mL^m) identically 0 for m=1..6 (SnapPy complex_volume, machine zero)	FINDINGS.md M-2	described as computed via SnapPy but the FINDINGS/README note the SnapPy recomputation is guarded/skips when absent; the packet did not include probe.py at full-read depth for this arc (only FINDINGS/README/verdict were in the batch's per-file list for B127, no probe.py entry present in packet)
B128_symmetry_breaking_chirality	main	COMPUTED	unknown	torsion tracks periodicity not chirality (K-F tombstone), e.g. achiral doubles single-torsion, achiral periodic triples doubled	probe.py TORSION_TABLE, torsion_does_not_track_chirality()	recorded as a hardcoded table from SnapPy computation; live SnapPy recomputation is guarded/optional
B129_sl3_tower_sealed	main	COMPUTED	unknown	S1b: 15-seed x 30-start off-sublocus scan finds 427 converged fixed points, max distance-to-Q(sqrt-3)=1.2e-6, 0 escapes beyond 1e-5	probe.py offsublocus_search(), S1B_SCAN record	scipy-guarded numerical root-find; the specific 427-point/15-seed run is recorded as a hardcoded number (S1B_SCAN dict), described honestly in FINDINGS as 'strong computational result, NOT a theorem'; a stranger without scipy gets only the recorded numbers, not a fresh scan
B129_sl3_tower_sealed	main	COMPUTED	unknown	silver bundle b++RRLL degree-2 covers reach (cusps,free_rank)=(2,2)	probe.py silver_covers()	SnapPy-guarded; skips cleanly if SnapPy absent, record stands as hardcoded fallback
B130_no_forced_choice	main	COMPUTED	partial	kappa-elimination ideal empty for m=2,3,4 (symbolic Groebner) -> kappa free on fixed locus	probe.py kappa_elimination(), KAPPA_FREE_SYMBOLIC	m=2 computed live in the script's main(); m=3,4 are described as 'verified in-sandbox; recorded' with runtimes noted (~80s, ~8s) but not executed live in main() by default -- a stranger rerunning main() only gets m=2 live, m=3/4 as hardcoded record unless they manually call kappa_elimination(3)/(4)
B131_two_seed_fork	main	IMPORTED	partial	A-poly relations m=1: kappa=trT^4-5trT^2+2 (=B67); m=2: kappa=trT^2-6 (=B69/V33)	probe.py apoly_relation(), FINDINGS.md sec 'A-polynomial curves'	stated to reproduce prior arcs B67/B69 exactly; also independently re-derived here from explicit SL(2,C) matrices (verify_apoly_from_matrices, numpy-guarded, residual ~1e-14)
B131_two_seed_fork	main	COMPUTED	unknown	(1,3) and (2,3) forks are numerical (6 and 4 values respectively)	probe.py FORKS dict	hardcoded numerical values in probe.py without a live root-finder shown for these in main(); described as 'numerical' honestly in FINDINGS but the exact Newton-solve script producing them is not visible in the sampled code
B134_chirality_recursion_proved	main	IMPORTED	no	GHH 2008 anti-palindromic <=> amphichiral (the underlying mechanism)	FINDINGS.md proof, citing Goodman-Heard-Hodgson arXiv:0801.4815	cited published theorem, not re-derived from scratch; the arc's contribution is the elementary lift to block-length sequences, honestly stated as such
B134_chirality_recursion_proved	main	COMPUTED	unknown	SnapPy three-way check: anti-palindromic == cyclic-palindrome == is_amphicheiral agree on 16 sample cases	probe.py snappy_threeway()	SnapPy-guarded, skips cleanly if absent
B135_lee_yang_m_specific	main	ASSERTED	n/a	match is at modular-data level only, NOT a full RCFT identification	FINDINGS.md D3, probe.py match_level string	an honest scope statement about what was NOT shown, not a computed positive claim
B136_general_amphichirality	main	COMPUTED	unknown	SnapPy three-way agreement on metallic and non-metallic words	probe.py snappy_threeway()	SnapPy-guarded, skips cleanly if absent
B137_s031_sealing_m2	main	COMPUTED	unknown	SL(3) tower sealed in K_m for m=1 (Q(sqrt-3)) and m=2 (Q(i)) among irreducible off-sublocus fixed points, 0 escapes, 2 seeds each	probe.py sealing_search(), SEALING_RECORD	scipy-guarded numerical root-find; the specific per-seed counts (irreducible count, escapes, reducible artifacts ignored) are hardcoded in SEALING_RECORD as a fallback when scipy is absent; a stranger without scipy only gets the recorded numbers, not a fresh search
B138_s031_principal_lemma	main	UNCLEAR	no	SL(4) sealing/escape evidence	FINDINGS.md (2)	explicitly stated as NOT obtained (intractable in-session); an honest negative, not a computed result
B139_firewall_cartography	main	COMPUTED	unknown	SnapPy CS-flip / volume-invariance / H1-invariance control	probe.py cs_flip_live()	SnapPy-gated; skips cleanly if absent, so reproducibility depends on the environment having SnapPy installed (not verified in this read)
B140_compute_reconciliation	main	UNCLEAR	no	genus-2 chiral twister illustration + its CS numeric	probe.py genus_general_live()	FINDINGS.md explicitly calls this a 'soft spot': twister/Sage absent in-sandbox at the time this arc ran; closure is stated to rest on the general theorem, not this numeric
B141_s031_split	main	ASSERTED	no	'Finite image => reducible tower' (the stated Item-3 mechanism)	FINDINGS.md Item 3 / README.md	the addendum shows this general implication is FALSE (SL(2,3)=2T is finite yet has an irreducible Sym^2); FINDINGS.md/README.md/arc_verdict.json still state the finiteness mechanism as the takeaway without an inline correction
B142_klein4_and_magic_cartography	main	COMPUTED	unknown	s776 = magic manifold (not Borromean rings), vol 5.33349, trace field Q(sqrt-7), 3-chain link not Brunnian	probe.py factual_correction()	SnapPy-gated; not re-run in this read, but the values are concrete and specific enough to be a real computation rather than an assertion
B142_klein4_and_magic_cartography	main	COMPUTED	unknown	s776 SL(3,C) Ptolemy variety has 14 obstruction classes, geometric component dim 6	probe.py sl3_ptolemy_object()	Sage-gated; the 'honest object' is only partially instantiated (size reported), not solved -- the SU(3) content question stays open per FINDINGS Item C
B143_interaction_feasibility	main	ASSERTED	no	topological (JSJ) venue is not SnapPy-tractable, needs Regina (not installed)	probe.py topological_venue()	an honest tooling-gap statement, not a computation; Regina absence is reported directly
B143_interaction_feasibility	main	ASSERTED	unknown	'588 irreducible reps' claim from an AI-assisted review is not reproducible; falsifiable Massey-product part dead for s776	FINDINGS.md item 4 / probe.py verify_588_claim()	the 588 count itself is stated as not reproducible without the source method -- an honest absence, not re-derived here
B144_interaction_chirality	main	COMPUTED	unknown	the metallic pieces b++RL, b++RRLL are amphichiral (premise for the identity to apply)	probe.py pieces_are_amphichiral()	SnapPy-gated; falls back to recorded B128 values if SnapPy absent
B144_interaction_chirality	main	UNCLEAR	no	explicit closed cusp-glued composite build in Regina	probe.py regina_build_attempt()	explicitly reported as not in-session-tractable; the structural argument is said to stand without this build
B145_forced_chirality	main	COMPUTED	unknown	GHH criterion (anti-palindromic) matches SnapPy is_amphicheiral on all 39 catalogued bundles	probe.py catalog()/analyze()	SnapPy/Sage-gated (trace-field degree needs Sage); not re-run here
B145_forced_chirality	main	FITTED	unknown	'every quadratic-trace-field bundle is amphichiral / no arithmetic chiral o-p-t bundle'	FINDINGS.md bullet 4 / probe.py bundle_trace_fields (non-invariant trace field)	used the non-invariant trace field rather than the arithmeticity-relevant invariant trace field; the arc's own successor (B146/B147) shows this specific claim is false when the correct (invariant) field is used
B146_b145_calibration	main	COMPUTED	unknown	invariant trace field of RRL/RLL is imaginary-quadratic Q(sqrt-7), refuting B145's non-invariant-field claim	probe.py arithmetic_arm()	SnapPy+Sage-gated; not re-run in this read but reported as a specific catalog scan result
B146_b145_calibration	main	COMPUTED	unknown	M and mirror agree on orientation-independent invariants (vol/H1/trace field), CS flips	probe.py dichotomy_witness()	SnapPy/Sage-gated witness for chiral words RRL, RRRL
B147_arithmetic_chiral_bundle	main	COMPUTED	unknown	RRL/RLL traces are algebraic integers (monic minimal polynomials via pari algdep)	probe.py integral_traces()	runs under plain pyenv (SnapPy+cypari); not re-executed here, but the method (monic-polynomial test, actual-degree leading coefficient) is concretely specified and a real bug in an earlier version is documented as caught (leading coeff must be read at actual, not search, degree)
B147_arithmetic_chiral_bundle	main	COMPUTED	unknown	independent volume/Bianchi-covolume cross-check: vol(RL)/covol=12, vol(RRLL)/covol=12, vol(RRL,RLL)/covol=3	probe.py VOLUME_BIANCHI_RATIOS (recorded, computed under sage-python separately)	explicitly stated as run under a separate sage-python process and recorded as a constant in this pyenv-only probe.py, not independently re-derivable from this file alone
B147_arithmetic_chiral_bundle	main	COMPUTED	unknown	arithmetic o-p-t bundle scan (len<=7) finds exactly 4 arithmetic bundles: RL, RRLL, RRL, RLL	probe.py arithmetic_scan()	SnapPy+cypari-gated scan, not re-run here
B148_kappa_fricke_metallic	main	UNCLEAR	no	the physics/cosmological-constant motivation and the class-S coincidence question	FINDINGS.md §0, §4	explicitly labeled POSTULATED/firewalled and left as an open reading task, not a computation
B150_class_s_coincidence	main	IMPORTED	no	The physics identification itself (SL(2,Z) trace-map action IS the N=2* S-duality MCG action on the character variety, not merely on tau)	FINDINGS.md sec1/sec3 comparison table, citing arXiv:2411.17378 (Allegretti-Shan), arXiv:0907.3987 (GMN), arXiv:0711.1579/0711.1727 (Cantat-Loray)	the FORCED tags rest entirely on cited prose from external papers, not on anything computed in this repo; the probe only re-asserts B148's anchor numbers and hard-codes the COMPARISON table's tags/text as Python dict literals — a stranger cannot verify the tag assignments without independently reading the four cited arXiv papers
B151_firewall_confirmation	main	ASSERTED	no	The firewall verdict itself: 'the complex volume/CS invariant enters only as a dimensionless exponent, all dimensionful content in hbar/k and squashing radius' -- FIREWALL_HOLDS for all 3 sources	probe.py lines 40-60 FIREWALL_READING list (hardcoded dict literals with 'exhibited_text': ''); FINDINGS.md table	this is explicitly a reading task per the arc's own framing ('a fact about how the primary sources assign units, not a sandbox computation'); the three FIREWALL_HOLDS tags are literal Python dict entries with no computation behind them and empty exhibited_text fields -- nothing here is machine-checked against the cited papers' actual text, only asserted by the author
B153_degree_rank_degeneration	main	COMPUTED	unknown	n=3 {1,i,-i}: exact-over-F_p (3 primes) 2-component decomposition, dim-5 geometric component tangent 11 rigid/irreducible/L=+M^3; dim-3 reducible slice tangent 10	n3_exact_endpoint.sage (NOT independently read by this reviewer; referenced in FINDINGS.md sec 'n=3 is a genuine component')	the .sage file was listed as FULL mode but not opened in this pass; FINDINGS.md describes it as reproducible via Sage, and the claimed exact tangent values (11, 10) are explicitly flagged in FINDINGS.md as a self-caught correction from an earlier wrong numerical value (14), which is a good transparency sign, but this reader did not verify the sage script's content directly
B154_silver_bundle_foundation	main	FITTED	yes	Closed-form exponent law k=4-m(o-3) fit to o in {3,4}, m in {1,2}	FINDINGS.md 'A clean closed form fits every point' section, explicitly labeled 'empirical fit', and then superseded by the CORRECTION banner (2026-06-17, B157/V151): 'the closed form k=4-m(o-3) is REFUTED' with counterexamples at m=3	the fit itself is reproducible from the committed data points, but was explicitly refuted in a later arc (B157) with the correction banner properly appended in this same FINDINGS.md file
B157_metallic_exponent	main	COMPUTED	unknown	figure-eight (m=1,o=4)->k=3 exact over Q(i)	FINDINGS.md Result 3, r1_fig_sl3_o4_proof.py (listed only, not opened)	referenced as exact symbolic proof but script itself not read in this pass
B157_metallic_exponent	main	ASSERTED	no	the CORRECTION 2026-06-23 (Sage reproduces SL(3) cells; SL(5) o=5,m=1->k=2 reached by gauge-fixing)	FINDINGS.md, in-file CORRECTION appended after the original NEEDS-SPECIALIST update	the correction narrates a Sage session and a gauge-fixed Newton result but no corresponding script is listed among this arc's committed files (points to a separate arc B198, not sampled here)
B159_omega_class_dag	main	IMPORTED	yes	level counts (classes/histories/matrices) for L4-L10 match an externally-supplied export	verify_gate2_dag.py PART 1, reading the committed node/edge CSVs	the raw class/edge data originated as a cross-session handoff (not derived in this arc's own code) but the CSVs actually used are committed in the repo, so a stranger can rerun PART 1 checks against them
B159_omega_class_dag	main	ASSERTED	no	L8-L10 class structure claimed to 'rest on verified ground' by extension from the L4-L7 match	FINDINGS.md 'What was verified' PART 2 paragraph	L8-L10 themselves are NOT independently re-enumerated in this arc (PART 2 defaults to MAXLEVEL=7); the claim that they 'rest on verified ground' leans on B156's separate re-derivation of the aggregate history totals, not a fresh recount of the per-class structure at L8-L10
B160_quasicrystal_bridge_corroboration	main	COMPUTED	unknown	golden/silver/bronze spectral measure -> 0 at distinct geometric rates (0.759/0.779/0.719)	FINDINGS.md table; fib_spectrum.py, silver.py (listed only, not opened)	the two golden/silver scripts backing these specific numeric ratios were not opened in this pass; bronze's own script (bronze_indep.py) was opened and does compute its ratio numerically via a finite-grid transfer-matrix scan (not a rigorous measure-zero proof, itself flagged NUMERIC in the verification ledger table)
B161_cancellation_locus_stratification	main	IMPORTED	unknown	B156 endpoint entropy 0 (commuting cone) vs log 2 (wall-avoiding)	FINDINGS.md Result 2(c), cited as '[proved, cited]'	explicitly imported from a separate arc (B156), not recomputed here; not sampled in this pass
B754_p2_spectral	main	IMPORTED	yes	B753 theta-odd block trace 1/phi, eigenphases +-72deg, mixing entry 1/(phi*sqrt5)	cited/re-verified (not re-derived from first principles) across nearly all cells, e.g. TOMB-L252 CHECK line 74, TOMB-L63 PART1, TOMB-L339	The value originates in the separately-frozen B753 arc (outside this packet); B754 cells re-run B753's own pipeline (B238 import) in-cell and confirm agreement to 1e-15, so it is IMPORTED-but-cross-checked rather than freshly derived within B754.
B754_p2_spectral	main	IMPORTED	yes	WALL-1's E4 premise 'm004-specific bits reaching the SSB-carrying datum: ZERO'	WALL-1/compute.py CHECK 'B737 P4 S10(c)'; grep-verified against frontier/B737_candidate_zero/p4_kms_out.txt line 182	The load-bearing physics conclusion for the arc's headline (no SM value from the solo object) rests on a sentence imported verbatim from a different, earlier arc (B737); this cell only greps that the sentence exists at the cited line, it does not re-derive the zero-bits claim independently.
B754_p2_spectral	main	COMPUTED	no	TOMB-L277 skeptic override: 16/37 classes (43%) golden-magnitude weld-block trace; 1152/2880 elements golden; all 4 SU(2)_3-golden classes are golden-weld -- used to flip the cell's FACE-OPENS verdict to KILL-EXTENDS	cells/TOMB-L277/skeptic.txt (the whole census table)	No skeptic.py (or any script) is committed alongside skeptic.txt in cells/TOMB-L277/ -- only the prose report with printed numbers. A stranger cannot re-run this census from committed files; they must trust the pasted table. This is the numeric basis for the headline override.
B754_p2_spectral	main	IMPORTED	unknown	TOMB-L77 skeptic override: identification of the correct saddle field as Q(sqrt(-3)) (not Q(sqrt(5))), flipping FACE-IRRELEVANT to KILL-EXTENDS	cells/TOMB-L77/skeptic.txt, citing 'B742 recompute (Part 2, output lines 58-62)' external to this arc	The corrected field claim is attributed to a B742 output file not included in this packet's file list, so its content could not be directly verified here; the skeptic itself also has no committed script, only skeptic.txt prose.
B756_remaining_doors	main	IMPORTED	no	Exact iff-law a_m*a_n=a_mn (gcd(mn,5)=1) iff chi_2(m)=+1 or chi_2(n)=+1, defect (1-sqrt5)/2 in the both-nonresidue case	SYNTHESIS_CC2.md (cc2's derivation, cited as sympy-proved with a 60-pair stress test) — the underlying compute script is NOT among this arc's committed files	the arc's own committed files (cc_verify_door2.py, cc_verify_m51_m32.py, cc_verify_door6_p4_rerun.txt) verify DOOR2 and DOOR6 only; no committed script here reproduces the DOOR3 iff-law derivation or its 60-pair stress test — it is asserted via SYNTHESIS_CC2.md and RAW_WORKFLOW_OUTPUT.json, both cc2 seat products relayed and hash-verified but not independently re-run by cc within this arc's files
B756_remaining_doors	main	COMPUTED	no (script itself not included; only its stdout log is committed)	DOOR6 P4 sector-split re-execution: (tr_odd,tr_even)(23)=(1,0) exactly, eps=+1 the unique global sign reproducing the banked 8-rung ladder, p4_results.json byte-identical to cc2's banked file	cc_verify_door6_p4_rerun.txt	the file is an output log (a *.txt witness), not the executing script; a stranger has the numbers and the byte-identity claim but not the reproducing code within this arc's directory
B758_theorem_ledger	main	UNCLEAR	unknown	docs/THEOREM_LEDGER.md — 18 labeled links, 12 cited lock files (55 tests)	docs/THEOREM_LEDGER.md (not in this arc's files; only referenced)	This arc's own directory contains only FINDINGS/PREREG/verdict — no compute.py or output; the deliverable (the ledger file itself) lives outside frontier/B758_theorem_ledger/ and was not part of this read, so the claim that all 12 cited locks are present and green cannot be checked from this arc's files alone
B759_qp3_integration	main	FITTED	yes (the m004 instance is exact), but the GENERALIZATION beyond m004/m003 was never tested in this arc	The discriminant law: 'for a manifold with trace field Q(sqrt(-d)), the Sym^2 off-block norm = sqrt(d)' stated as a general law	compute.py Part 7 + FINDINGS.md 'The discriminant law' section	only one trace field (Q(sqrt-3)) is exercised in this compute.py; the 'general law' language extrapolates from a single data point and was falsified the same day by a sibling arc (B764) using a different knot (5_2) — this arc's own FINDINGS still states the general law without qualification
B760_qp4_closure	main	COMPUTED	no	Weld block B is SU(2) with eigenvalues {zeta_5, zeta_5^4} (72-degree rotation), B^5=I, and no candidate operation (Galois, MCG powers, charge conjugation, amphicheiral involution, QP-3 coupling sign) canonically breaks the pairing	output.txt Parts 1-8 (compute.py itself was NOT in this arc's file list — only its stdout is committed)	compute.py is referenced ('cd frontier/B760_qp4_closure && python compute.py') in FINDINGS.md but is not among the files provided for this arc (only FORENSIC_SEAL_RECORD.md, FINDINGS.md, PREREGISTRATION.md, arc_verdict.json, output.txt were listed) — the reproducing script was not read/verified here
B763_branch_reconciliation	main	ASSERTED	unknown	Full git-branch inventory classification: 6 stale refs pruned, 3 frozen-record branches registered, 1 live branch (b666-addendum1) verified fully superseded file-by-file and closed	frontier/B763_branch_reconciliation/FINDINGS.md	This is a git-repository administrative audit (branch listing and classification), not a mathematical computation; no script or command output is committed in this arc's directory to let a stranger reproduce the branch inventory as it stood at the time — it is a narrative record of a one-time housekeeping action
B764_c19_comparator	main	ASSERTED	no	Corrected law: off-block=|u_geo-conj(u_geo)|; (z-zbar)^2*[(z-r)(zbar-r)]^2 = disc(-23) verified to 40 digits; off-block * |(z-r)(zbar-r)| = sqrt(23)	output.txt, section 'THE CORRECTION, EXACT' (appears twice, the first attempt ending in a Python TypeError traceback, the second succeeding)	compute.py as committed ends after the two offblock_at_roots() calls for m004 and 5_2 — it contains NO code computing the factorization identity, the 40-digit verification, or the corrected pair-separation law shown in output.txt's 'THE CORRECTION, EXACT' sections; that additional output (including a visible traceback from a failed float() cast) was evidently produced by an uncommitted interactive follow-up, so the arc's most important finding (the corrected general law) cannot be reproduced by running the committed compute.py
B765_p3_depth	main	ASSERTED	yes (mechanically — the script runs deterministically over committed JSON inputs), but the classifications themselves (has_universal_step, gap_description) are hand-authored per target inside the elif branches, not derived by a general algorithm from the depth_note text	Per-target classification of 21 P1-banked negatives into DEPTH-CLOSED (8) / DEPTH-HELD (6) / DEPTH-EXPOSED (7), reading data from frontier/B742's kill_graph.json and bprime_annotations.json	compute.py (per-target elif branches, e.g. lines 139-284) + results.json	Method A is described in PREREGISTRATION.md as parsing depth_note text automatically, but the actual compute.py hard-codes a separate elif branch with a pre-written verdict and gap_description for each of the 21 named targets — this is closer to a documented expert judgment call per target than an automated, generalizable classifier, though it is transparent about its inputs and reasoning
B766_measurement_torsor	main	ASSERTED	yes (subsequently backed by audit's matrix-level Sym^2 computation)	theta_flips_T6 = True	compute.py line ~57 (hardcoded 'definitional: T6's axis IS the theta-odd sector's sign')	The arc's own AUDIT_FINDINGS.md documents that this entry was originally hardcoded as 'definitional' rather than derived, and that a naive trace-level test would give the wrong answer (FIX); only the audit's Sym^2 derivative computation backs it with an actual derivation.
B767_stabilizations	main	FITTED	unknown	TOMB-L34: 'stability across seeds ... 3 seeds' entropy scaling result	output.txt CELL 6; results.json	ADDENDUM_b1187_corrections.md states the '3 seeds' robustness claim was vacuous (np.random.seed set but no randomness ever drawn — deterministic tight-binding model) and the c_eff estimator was an artifact of the additive-constant fit; this defect is recorded only in a separate ADDENDUM file, not corrected in FINDINGS.md/output.txt themselves.
B768_correspondence_crosstest	main	ASSERTED	unknown	'The subdominant eigenvalue = the hearing amplitude' (V3): -1/phi numerically equals a banked trace value from a different arc (B753 add.2)	FINDINGS.md V3; audit_output.txt A3	This is exactly the IDENTIFICATION_BY_TYPE pattern the seat is instructed to flag: two golden-ratio-valued quantities from unrelated computations are numerically equal, and the arc itself E20-flags it as 'mechanically UNLINKED' — the audit confirms only that the flag was correctly applied, not that any mechanism exists.
B768_correspondence_crosstest	main	ASSERTED	no	The entire 'phenomenological correspondence' matching (mathematical torsor axes <-> psychological/consciousness-studies categories: Agency, Feeling-of-Agency, depersonalization literature, meditation studies, autonoetic memory patient K.C.)	FINDINGS.md receipts #1-#6; CC3_FORKS_VERIFICATION.md	This is not a physics or mathematics computation at all: it is a literature-matching exercise pairing group-theoretic structure (V4, involutions, torsor rank) against categories from cognitive-science papers on agency and self-experience (Synofzik, Ferroni, Haggard-Tsakiris, Berkovich-Ohana). No formal derivation links the math to the phenomenology; the whole apparatus is explicitly gated to stay out of 'CLAIMS' but nonetheless represents the closest thing to a numerology-style correspondence-hunt in this batch.
B770_closure_census	main	COMPUTED	unknown	16 candidate closures adversarially refuted back to LIVE	CENSUS.md 'The 16 refuted closures' section	The refutation rationale for each item is given as free text (e.g. OI-108: 'never run anywhere in the repo') but this is a multi-agent workflow (wf_4f2f28dd-762) whose underlying agent transcripts are not part of the committed files sampled here — the census.json output is the artifact, but the LLM-agent classification process itself is not independently re-executable from this arc's committed files alone.
B771_phase1_wave1	main	ASSERTED	unknown	e2/e3 sentinel firing on B403/B405/B406 (W2-SENT/W3-SENT)	FINDINGS_WAVE2.md line 23 (bug), FINDINGS_WAVE3.md line 12 (fix)	Not independently read (compute.py/output.txt for W3-SENT were not opened in this pass); accepted on FINDINGS' narrative that a hardcoded e2 pair (-3/48 instead of -3/144) was found and fixed. The corrected sentinel-firing outcome is not itself verified here beyond the FINDINGS text.
B772_negatives_adequacy	main	ASSERTED	unknown	14-negative classification (4 ROBUST / 7 PROVISIONAL / 2 NEEDS-DEEPER-LEVEL / 1 CONTENT-FREE) across 4 axes (kind, resolution, level/projection, input mechanism)	audit_results.json rows[] (355 lines, sampled head+tail), FINDINGS.md table	This is an adversarial-classifier narrative audit (14 LLM-agent classifications + synthesis), not a numeric computation with a machine-checkable witness; each row's rationale cites prior arcs' computed facts but the classification itself (ROBUST/PROVISIONAL/etc.) is a judgment call recorded in JSON, not derived by a script a stranger could rerun to get the same labels.
B773_chord_recompute	main	IMPORTED	no	W3-082c originally claimed loaded-level 'light-up' (RESOLVED-A) but the bridge lemma (8-rank ≡ Kim's arithmetic-CS action) is CITED, not proved — self-flagged NEEDS-SPECIALIST	FINDINGS.md lines 32-45; PREREGISTRATION.md line 15	The Kim-CS/Morishita/Redei bridge lemma is asserted (compute.py docstring, not derived in-cell); FINDINGS.md itself downgrades this cell's positive to 'the loaded-level positive is NOT established.'
B773_chord_recompute	main	FITTED	no	W4-115c headline/results.json embeds an 'adjoint 7,815...' odd-n content sequence that does not match the actually computed sequence	cells/W4-115c/results.json line 143 (headline text) vs cells/W4-115c/output.txt line 51 ('b=5 Q(sqrt21) : [1, None, None, None, None, None, None, None]')	FINDINGS.md self-flags this exact defect ('the headline embeds a fabricated adjoint 7,815... content string. Carry: strip the fabrication'); confirmed here — the actual computed odd-n sequence for the adjoint tower is almost entirely None (not a perfect square) at n=2..8, so the numbers '7,815' in the headline are not traceable to any printed intermediate value in output.txt. This is a genuine fabricated numeric string inside a nominally computed results.json, carried forward unresolved (RESOLVED-B verdict stands pending the fix).
B774_chord_pass	main	ASSERTED	unknown	Stage A scan: 174 banked negatives classified, 129 structural/B766-immune (74%), 45 chord-blind (26%, dedup to 34), 12 promoted to Stage B	stageA_scan.json (total_scanned=174, candidates=45, loadbearing=37; per-negative 'projection'/'chord_could_differ'/'priority' fields with prose rationale)	The 174-vs-129-vs-45 split is a taxonomic judgment call recorded as prose rationale per negative, not a machine-computed test; a stranger could re-read the rationale but cannot re-run a program that reproduces the classification (no compute.py for Stage A).
B774_chord_pass	main	ASSERTED	yes	CP-S032A verify_note self-flags: the 'mirror_equals_conjugation' boolean checked in-cell is a tautology true for any invertible matrix, so 'verified m=1..4' overstates what was shown (though the underlying amphichirality claim is separately argued true)	stageB_results.json CP-S032A verify_note, final paragraph	The verify pass itself catches and documents this as a non-material caveat rather than hiding it — a positive transparency signal, but it means one of the cell's stated 'verifications' does not actually discriminate the claim it was offered for.
B775_phase2_wave1	main	ASSERTED	unknown	P2W5-B465 (Wave5): the loop/dark-phase/max-trace construct's Latin-frame law is FALSE as stated (support is a fitted flip+translate, not im(A-I)); Wave6 repair P2W6-B465-r fixes 3 defects but the FINDINGS_WAVE6 carry table says it introduces a NEW false universal ('det(sigma-I)=2-tr(sigma)=5 at every level')	FINDINGS_WAVE5.md cell table; cells/P2W5-B465/output.txt; FINDINGS_WAVE6.md carry table (P2W6-B465-r)	the repair's own compute.py/output.txt were not read in this pass (not in the packet's file list for this batch beyond compute.py under SAMPLE_CODE for P2W6-B465-r, which was not opened); the FINDINGS text itself documents an unresolved defect carried forward uncorrected into the repo's committed output.
B775_braver_questions	audit/b775-braver-questions	COMPUTED	unknown	V4 genericity test: 8 imaginary-quadratic-trace-field manifolds tested (SnapPy census + metallic/chiral bundles); m004, m003, m025, R^2L^2 have V4 (amphicheiral), while m009/m010/RRL/RLL have Galois-only Z/2	FINDINGS_THREE_MOVES.md Move 1; v4_genericity_test.py	The script v4_genericity_test.py is committed and would run (SnapPy+cypari), but no output.txt/results.json/log for the actual run is present in this arc's file set — the specific table of 8 manifolds in FINDINGS_THREE_MOVES.md cannot be checked against a committed witness from these files alone. (The independent re-run lives in the separate B777 belt file CC_VERIFY_V4GENERICITY.md, not in this arc.)
B775_braver_questions	audit/b775-braver-questions	ASSERTED	no	'm004 unique minimum volume (Cao-Meyerhoff)' and 'Fibonacci/golden-ratio requires trace 3' claims used to argue m004-specificity beyond V4	FINDINGS_THREE_MOVES.md Move 1, lines ~29-42	Cited as literature facts (Cao-Meyerhoff) and prior program results, not computed in this arc; no witness file here.
B775_braver_questions	audit/b775-braver-questions	ASSERTED	no	'c pinned at minimal self / ipseity' — philosophical/structural argument for which phenomenological primitive fills slot c	FINDINGS_THREE_MOVES.md Move 2	Pure interpretive argument (Zahavi/Gallagher literature vs. structural collision with gamma_5); not a computation, explicitly Gate-5-Q interpretive per the companion B777 gate note.
B775_braver_questions	audit/b775-braver-questions	UNCLEAR	no	Galois-vs-reversal gate (S1 rank-onset, S2 action-type, S3 solo-flip) — proposed discriminator between c and theta	FINDINGS_THREE_MOVES.md Move 3	Described as 'designed, no new math needed' and 'computable from existing data (B766, B759, B769)' but not actually run/verified in this arc — it is a proposal folded into Phase 3 per the B777 gate note, not a banked result.
B777_braver_questions	main	COMPUTED	no	V4-genericity independently re-verified: cc's own SnapPy re-computation of manifold volume/symmetry-group/amphicheirality for m004, m003, m025, m009, m010 matches cc3's table exactly (m004 vol 2.029883, D4, amphicheiral, V4; m003 same vol, Z/2+Z/4, amphicheiral, V4; m009/m010 vol 2.666745, Z/2+Z/2, not amphicheiral, Z/2-only)	CC_VERIFY_V4GENERICITY.md lines 10-26	This is stated as cc's own independent SnapPy re-computation ('cc's independent SnapPy re-computation confirms it EXACTLY') but no script, output, or results file for this re-computation is committed in B777_braver_questions or referenced by path — it is a prose table with no witness file a stranger could rerun.
B777_braver_questions	main	ASSERTED	unknown	m004 vs m003: identical volume 2.029883 and both V4; the only known distinguishing structural feature is the symmetry group (D4 order-8 vs Z/2+Z/4) plus trace-3/Fibonacci downstream chain — the 'm003 sister-distinction' is a named, unclosed risk as of this arc	CC_VERIFY_V4GENERICITY.md 'The honest residual' section	Flagged by cc3 and confirmed by cc as an open risk in this arc; the log_index shows it was later closed by a different arc (B781), not resolved here.
B778_cleanup	main	ASSERTED	unknown	cross-arc 'non-Galois motif' unifying P2W2-MIRROR / CL-LATIN / B779-R1	FINDINGS.md 'COMPLETION' section, RETRACTED inline	the arc's own text records this as retracted the same day by B784: '|.| is not a field automorphism' is trivially true of any field and not object-specific; the individual per-cell facts stand but the unifying claim does not.
B779_convergence_probe	main	COMPUTED	no	R1: Galois orbits on the F2^3 closing torsor — V4 acts with 2 orbits of size 4, orbit label = theta-coordinate	R1_galois_orbits.md	the orbit computation is stated and its logic given in prose/table form (translation action on F2^3), but no compute.py/script is committed for R1 — a stranger cannot re-run it, only re-derive it by hand from the description; CC_GATE_NOTE.md states 'cc re-computed it exactly' but that recomputation is not itself a committed artifact distinct from the prose.
B779_convergence_probe	main	IMPORTED	yes	R2: six 'golden identities' connecting mixing number p=1/(phi*sqrt5) (B753) to torsion data tau_geo=-3, tau_dyn=-5 (B425)	R2_mixing_crosscheck.py, R2_mixing_crosscheck.md	the six sympy asserts are genuinely computed and reproducible, but tau_geo=-3 and tau_dyn=-5 are hardcoded literals imported from B425 ('# geometric torsion from B425', '# dynamical torsion from B425') not recomputed in this cell; the identities are largely algebraic tautologies once p's definition and the two imported constants are fixed (e.g. sigma(p)=1-p follows immediately from p's Galois norm structure), so 'cross-check PASSED' overstates independence — it is confirming self-consistency of a definition, not an independent empirical convergence.
B779_convergence_probe	main	IMPORTED	no	R3: continuous scattering matrix of m004 is generic (phi(s)=Lambda_K(s-1)/Lambda_K(s)), m004-specific arithmetic lives only in the discrete Maass spectrum at level (8)	R3_scattering_assessment.md	explicitly an assessment of prior arcs (B737, B739), not a new computation in this arc; no code committed here, cites results banked elsewhere.
B779_convergence_probe	main	IMPORTED	no	R5: SL(3) theta-coupling norm sqrt(3), coupling fraction 15/32, 5 cubic Hitchin directions transverse to V0	R5_sl3_assessment.md	assessment of B71/B99/B101/B759/B769, no code in this arc.
B779_convergence_probe	main	UNCLEAR	yes	R6'/R7: individual Maass eigenvalues at level (8) and the functor Loc(m004)->Hilb	R6_maass_assessment.md, R6_maass_assessment.py, R7_functor_assessment.md	the arc is honest that these are BLOCKED — the committed R6_maass_assessment.py only computes length spectrum (via SnapPy) and Weyl asymptotics, explicitly stating 'no implementation exists in this repo' for the actual Maass eigenvalues; R7 is stated as an open conjecture with no code at all.
B780_galois_reversal_gate	main	ASSERTED	yes (reproduces the vacuous result, not a real theorem)	the 'gate' verdict itself (classify() correctly separates c from theta and rejects the swap) and the resulting 8->4 enumeration halving	compute.py lines 76-133 (c_sig=(True,True,True), theta_sig=(False,False,False) are literal tuples fed into classify())	the arc's own arc_verdict.json and FINDINGS.md retraction state plainly that c_sig/theta_sig are hardcoded literals rather than being derived from S1_discriminates/S2_discriminates/S3_discriminates (which ARE computed booleans, but never feed into classify()), so 'the gate rejects the swap' cannot fail by construction — the code runs and reproduces RESOLVED-A every time, but the result is circular, not a genuine test.
B781_m003_sister	main	ASSERTED	no (in this cell)	m003's monodromy trace is -3 (as opposed to the other candidate +7 consistent with |2-tr|=5)	compute.py line 16 (tor3 = 5 hardcoded; tr3_candidates computed as [-3,7]) and FINDINGS.md's inline comment 'sister = -3'	the compute.py script itself only narrows to the set {-3,7} via arithmetic and then the print statement asserts '(sister = -3)' without deriving which candidate is correct; FINDINGS.md's own 'AUDIT UPGRADE (B784)' section admits this directly: 'cc had only asserted -3 by convention, with the honest disjunction {-3,7}... B784 audit COMPUTED it: m003's monodromy is -RL, trace -3, established two ways' — but that computation is NOT in this arc's compute.py/output.txt/results.json, which still print/store the unproven assertion unmodified.
B782_choice_incomputability	main	IMPORTED	unknown	identification of 'the measurement torsor' (quantum-measurement outcome selection) with this abstract (Z/2)^3 regular G-set built from (c, theta, gamma5)	FINDINGS.md and PREREGISTRATION.md, citing C20/B766 as the source of the torsor structure	this arc does not itself construct or verify that the physical measurement-outcome set is genuinely a free (Z/2)^3-torsor — it imports that structure from B766/C20 (not read in this pass) and only computes the (elementary) group-theoretic consequence given that premise.
B783_observer_ground_zero	audit/b775-braver-questions	IMPORTED	unknown	F_2^3 = <c, theta, gamma_5> torsor: flip-table, rank-onset (S1/S2/S3) discriminators, T1/T6 relations, field-visibility filtration	A2_torsor_construction.txt	A2 states it is 'assembled from' B766, B780, B769, B759, B711, B712, K021, B749 -- none of those source arcs' files are in this packet, so the flip-table and onset claims are asserted here as already-established facts, not re-derived. Whether those upstream arcs themselves computed them from committed witnesses was not checked in this digest pass.
B783_observer_ground_zero	audit/b775-braver-questions	ASSERTED	no	gamma_5 = reversal + complement on the cutting sequence (rotation-angle test, 'Test 4: 50/50 position match'), and the frequency-swap test (d(a)=1/phi <-> 1/phi^2)	B2_gamma5_test.txt sections 1-2 (lines ~36-76)	B2 says these were 'verified computationally' but no script implementing the cutting-sequence/rotation test or the 'Test 4' comparison is present among the 11 committed arc files -- A1_tracking_computation.py does not contain rotation-angle or cutting-sequence code. The frequency-invariance-under-reversal claim ('verified for F_2 through F_11') is also asserted without a visible script or the raw digit-by-digit output.
B783_observer_ground_zero	audit/b775-braver-questions	UNCLEAR	no	'Independent verification' of the theta reversal-swap result	B1_theta_test.txt line 4: 'Independent verification: scratchpad/theta_verify2.py, theta_verify3.py.'	Neither theta_verify2.py nor theta_verify3.py is among the 11 files in this arc directory (not in the packet's file list). The claim of independent reproduction rests on files not committed to this arc.
B785_cc3_gate_harvest	main	IMPORTED	no	P1 WALL-7: 18 weld points of the twisted f3 system, all dim=0	FINDINGS.md 'Cited, NOT re-run' section; compute.py lines 78-82	Explicitly NOT re-run here ('requires the B575 infrastructure and ~36s/point'); the arc itself states this is a sample, not a generic proof, and flags an unreconciled 53-vs-865 degree-bound discrepancy.
B787_interaction_programme	main	ASSERTED	no	Phase-3 relabeling assessment: no recomputation forced on B759/B769/Wave-5	FINDINGS.md section 3 row 'iota-relabeling propagated'	FINDINGS.md itself states this was 'assessed' by cc in a Phase-3 pass but the referenced per-label reversal-vs-inversion recomputation on B759/B769/Wave-5 'was NOT run' (section 2, 'Relabeling trigger — ARMED, NOT PROPAGATED'). This is a judgment call recorded as text, not a committed computation for the three labels.
B790_maass_adjudication	main	COMPUTED	unknown	L1: m004 and m003 are NOT isospectral (differ in length spectrum despite equal volume)	compute.py L1 block; output.txt	uses SnapPy (snappy.ManifoldHP('m004'/'m003').length_spectrum) — an external, non-trivial geometry library; reproducible only if SnapPy is available and version-stable, not verifiable purely from committed sympy/mpmath code.
B790_maass_adjudication	main	COMPUTED	unknown	L2/L2': every geodesic trace (134 for m004, 150 for m003, cutoff Re(l)<=5) lies exactly in Z[omega], worst deviation 2.6e-15; trace-norm multisets differ between m004 and m003 (mod-4 vs odd split)	compute_l3_powered.py; output_powered.txt	depends on SnapPy length-spectrum data as above; arithmetic verification (nearest-integer rounding of Z[omega] coefficients) is exact given that input. The mod-4/odd split is explicitly flagged in FINDINGS.md as 'an OBSERVATION on truncated data, not a law... has not been proved or checked for stability.'
B790_maass_adjudication	main	IMPORTED	no	S1: lambda_1(m004) <= 51.014 by parent-spectrum injection from Grunewald-Huntebrinker 1996 Table 3	compute_screening.py S1 block; output_screening.txt	the script's own comment states: 'PROVENANCE WARNING: transcribed from a secondary report of Table 3, NOT read off the primary source in-sandbox. Treated as UNVERIFIED and used for SCREENING ONLY.' This is an imported, unverified numeric list, explicitly flagged as such by the arc itself — a textbook case the seat should watch even though the arc self-flags it.
B791_weyl_completeness	main	COMPUTED	no	Bank structural claims (image order 1920, transitivity, commutant dim 3, orbital sizes [12,12,120], <chi,chi>=3, decomposition V1+V5+V6) re-derived from the bank's own 4 generator permutations	verify_bank_structure.py, FINDINGS.md §1	The script explicitly requires an environment variable B788_BANK pointing at the external B788_maass_spectrum_programme's outputs/coset_action.json, which the script's own header states is 'NOT vendored into this repo'. A stranger with only this repo checked out cannot run it.
B791_weyl_completeness	main	IMPORTED	no	lambda_1(parent) = 51.014 (Grunewald-Huntebrinker 1996 Table 3), used as GATE8R2's original PASS target	PROVENANCE_ALERT.md, GATE8R2_PREREGISTRATION.md	Traced to a research subagent's unverifiable claim to have read a paywalled paper; PROVENANCE_ALERT.md documents the primary source could not be retrieved (Project Euclid serves only a JS shell). Later 'corroborated' (not verified) by a different arc's (B792) independent computation to 4-5 significant figures — corroboration explicitly distinguished from verification in the same file. The primary is still unread as of this arc.
B793_gate8r2a_parent_localisation	main	COMPUTED	unknown	The B788 bank's V1 solver uses scipy minimize_scalar(method='bounded') over a 2e-4-wide window centred on the literature value, which always returns a point and cannot count roots or detect absence of an eigenvalue	FINDINGS.md 'The finding' section, quoting build_gate8_v1_control.py / GATE8R_PROTOCOL.json	This is a code-reading finding (inspection, not execution) about an EXTERNAL bank's solver; the arc explicitly did not run the solver (custody protocol only copies it out and inspects), so 'reproducible' would require access to the same external, unvendored B788 bank as B791.
B793_gate8r2a_parent_localisation	main	COMPUTED	no	Bank ARTIFACT_HASHES verification: 84 verified, 0 mismatches, both before and after the custody procedure (bank left unmodified)	bank_hash_baseline_pre.json, bank_hash_baseline_post.json	Hash check against the external B788 bank's own ARTIFACT_HASHES.txt; the bank itself is not vendored in this repo, so a stranger cannot re-run the verification, though the pre/post hash-count match is itself committed evidence of custody discipline.
B793_gate8r2a_parent_localisation	main	COMPUTED	no	10 of the bank's own hash-listed files (its lock tests, e.g. test_b788_maass_gate8_v1_control.py) are MISSING from the delivered archive	bank_hash_baseline_pre.json 'unresolved' list; FINDINGS.md 'Separate observation'	Observed against the external delivered zip, which is not part of this repo; the missing-file list is recorded here but the archive itself cannot be re-inspected from committed files.
B794_congruence_level4	main	IMPORTED	yes	trace-level reconciliation figures (139 m004-only traces, 37 norms, one odd norm 7 via traces 3+w/2-w; m003-only 180 traces all == 1 mod 4; shared 231 traces) used in the 2026-08-06 addendum to restate the norm-split claim	FINDINGS.md lines 60-73 (LEVEL RECONCILIATION addendum); trace_norm_split.py/.json/.txt	"FINDINGS.md itself states this script/data was ""copied byte-faithfully from the cc3 branch and re-run"" for this amendment, not independently re-derived from scratch the way verify_congruence.py was; it is reproducible (script + data committed) but its provenance is an import, not an independent construction, unlike the arc's headline theorems."
B795_eigenvalue_verification	main	UNCLEAR	unknown	the sector identification of r=8.863405356 (parent Bianchi ground state vs Gamma_41-relative) is explicitly NOT established by this arc	"FINDINGS.md lines 60-66 (""Scope"" section)"	FINDINGS.md itself disclaims this: sigma_min confirms existence only, not sector; that determination is attributed to a different arc (cc3's S-invariance test), not reproduced or checked here.
