date	log	entry	election_verbatim
2026-07-14	PROGRESS_LOG.md	"B568: the anatomy census + Batch AQ (owner: ""limbs, eyes?"")"	"Owner asked the assistant to add its own questions ""so we can listen to it together."" (per next entry, same session)"
2026-07-14	PROGRESS_LOG.md	B568 Batch CQ: the listener's five questions (owner invitation)	"The owner asked the assistant to add its own questions ""so we can listen to it together."""
2026-07-14	PROGRESS_LOG.md	B568 preregistered: the object's own questions (+ a seed jewel found at prereg)	"Owner: ""what own questions give rewards again — and does the object create our universe?"""
2026-07-14	PROGRESS_LOG.md	the two-descriptions split verified (owner insight; B565 addendum)	Owner: the program has TWO descriptions — classical (character variety, E6(C), non-compact: the ALGEBRA) and quantum (Weil rep on C^15, unitary: the MEASUREMENT).
2026-07-13	PROGRESS_LOG.md	H2 slotted (chat-2 gauge arc, verified on receipt) + Batch E (false-kill exhumation)	Batch E added (owner-directed): the FALSE-KILL EXHUMATION
2026-07-12	PROGRESS_LOG.md	B556: the ESCALATOR TOWER T(M)=[[M,M],[M^2,M]] (hypothesis + verified core)	Owner: run it to the end, treat seriously, don't lose it.
2026-07-12	PROGRESS_LOG.md	CORRECTION: the B553 Markoff deflation was wrong (owner caught it)	(owner caught it) — title itself records the owner directly identifying the error
2026-07-12	PROGRESS_LOG.md	S066: the arithmetic of criticality (the B539 negative, read; owner-approved)	Firewalled interpretive note banked in the speculation room ... (owner-approved)
2026-07-12	PROGRESS_LOG.md	Origin Postulate: audit-seat adjudication processed (chat2 handoff, verified)	The send remains the owner's decision; nothing sent.
2026-07-03	PROGRESS_LOG.md	W2.8 prep: the outreach package upgraded (Brief S added)	Sending remains the owner's action; log sends/replies here.
2026-07-03	PROGRESS_LOG.md	W2.8/L51 set DORMANT (owner directive): compute first, outreach only at exhaustion	Owner directive (reaffirming the standing compute-first rule): no external contact of any kind until the in-sandbox computational paths are exhausted. The outreach briefs (incl. Brief S) remain banked as preparation artifacts only; nothing has been sent, and nothing will be without the owner's explicit decision at the exhaustion point.
2026-07-03	PROGRESS_LOG.md	GOVERNANCE amendment: the promotion-audit lane + automated gates + the decadal review	"Rationale (owner-approved; §10-compliant — additive discipline, no rule weakened): Phase B ran with the §5 promotion gates idle (""zero promotions"" was practice, not law), leaving CLAIMS.md unrepresentative of the project's load-bearing exact results..."
2026-07-03	PROGRESS_LOG.md	B371: the minimal two-state sector — verified, banked, promoted (P56, P57)	"answered the owner's ""can we compute a photon?"" with NO at the physics level"
2026-07-04	PROGRESS_LOG.md	W-C session 1 (the owner's sixth angle): the class group is load-bearing	the owner's sixth angle
2026-07-11	PROGRESS_LOG.md	the golden-3d arc (B511–B517), the reading, and the whole-repo synthesis (K025)	"Two premature KILLS by this seat were caught by owner pushback (""u sure?"", ""do the calc"") — the 'golden⟹1d' claim was WRONG"
2026-07-11	PROGRESS_LOG.md	the golden-3d arc (B511–B517), the reading, and the whole-repo synthesis (K025)	Meta: a wrong correction to CC's own work, rejected by recomputation; cross-seat handoffs are not uniformly reliable (chat3's Stein form was solid, this one was not).
2026-07-11	PROGRESS_LOG.md	Audit reconciliation (integrate, don't merge): the two-seat closure (B521, B522)	Owner directive: integrate, don't merge + re-examine the negative for a wrong leap.
2026-07-11	PROGRESS_LOG.md	B523 — THE WRONG-LEAP RE-EXAMINATION (S2)	"Owner asked to inspect the math for ""where we took the wrong leap to negative."""
2026-07-12	PROGRESS_LOG.md	B524: the two actionable next steps, done with proper tools	"Owner-flagged correction: an earlier draft justified ""not a 3-manifold group"" via cd=2≠3 and no-ℤ² — both invalid"
2026-07-12	PROGRESS_LOG.md	REORIENTATION: listen to the object (B530 natural history, movements I–VII)	"Owner course-correction after the physics-forcing arc: ""we did a mistake going for physics instead of slowly properly investigating the full natural interaction of the object... listen to its beautiful story instead of forcing it to spit what we like to hear."""
2026-07-18	PROGRESS_LOG.md	THE SUMMIT DOSSIER (Track C) + Track M folded on cc2 challenge	"Owner decision ""both in parallel"""
2026-07-18	PROGRESS_LOG.md	B698 Leg A: THE MEETING, PROBED (analytic side) = a product with a ℤ/2 residue	"Owner ""go FULL ON for 2 and 3, very informed."""
2026-07-19	PROGRESS_LOG.md	B699: the first two-object test — the coupling REFRAMES the hearing	"owner ""reality-as-coupling needs a second object"""
2026-07-19	PROGRESS_LOG.md	B700 cell 1: MEASUREMENT = FIBER FUNCTOR (the golden torsor)	"owner ""lets do it"""
2026-07-19	PROGRESS_LOG.md	B704: THE SEAM = an 𝔽₂-vector space (unifies B698–B702)	"Owner ""do it"" (formalize the seam)"
2026-07-19	PROGRESS_LOG.md	B706: the rung-2 door RUN — the SM flavor freedom does NOT match the object	Owner 'do it' (the Listening Protocol's deepest door, owner-authorized + sealed Gate-5-SM)
2026-07-19	PROGRESS_LOG.md	B707: WHERE WE MEET — arithmetic Chern–Simons, not cosmology	Owner directive (digest Turok; whose math helps)
2026-07-19	PROGRESS_LOG.md	B708: KIM × THE SEAM — MEET. The program IS arithmetic Chern–Simons at ℚ(√−3)	Owner 'do it' (B707's sharpest test)
2026-07-19	PROGRESS_LOG.md	B718 — the Child Program: the child ledger	Owner: we neglected the child; track every dynamic
2026-07-20	PROGRESS_LOG.md	B721 — the thermal-time coupling: field-matched, rung-mismatch; two clocks	Owner ran ... as an advanced multiagent loop campaign
2026-07-20	PROGRESS_LOG.md	B722 — the resurgence coupling: two phases=being/hearing, continuum RIGID	Owner 'push'
2026-07-20	PROGRESS_LOG.md	B723 — BUILD THE OBSERVER: the apparatus is built; the observer is a PHASE TRANSITION	Owner 'build it'
2026-07-21	PROGRESS_LOG.md	B746: THE GOLDEN LEDGER — golden all the way up the structure; the voice speaks Eisenstein	"Owner's hypothesis (""golden all the way up"")"
2026-07-21	PROGRESS_LOG.md	B750: THE LACK LEDGER — the refusal to close is threefold: no point, no width, no name	owner's GO
2026-07-22	PROGRESS_LOG.md	B751: the iterated-hearing claim adjudicated — arithmetic TRUE, identification NOT EARNED	Owner-directed adjudication
2026-07-22	PROGRESS_LOG.md	B753: the mixing structure computed — chat-1's dispute dissolves into one exact identity	one-number pin co-signed (cc+cc3)
2026-07-22	PROGRESS_LOG.md	B763: the branch-reconciliation sweep — no lost conclusions; the branch-inventory rule minted	Owner directive at tag pre-branch-reconciliation
2026-07-22	PROGRESS_LOG.md	SAFETY FIX: the seal-ledger generator no longer erases the collision-protocol rows	the owner's safety sweep caught it
2026-07-22	PROGRESS_LOG.md	THE PARANOID SWEEP (owner-requested second pass) — class-level audit, 3 more catches	owner-requested second pass
2026-07-22	PROGRESS_LOG.md	THE FOURTH PASS (the multiagent campaign) — 32 findings, 18 confirmed, all dispositioned	the owner's escalation
2026-07-23	PROGRESS_LOG.md	the cc3-corpus audit: mathematics exemplary; the lesson flows the other way	the owner asked
2026-07-23	PROGRESS_LOG.md	the Closure Program drafted (merged); the courier's handoff received with one governance refusal	one governance REFUSAL banked: their proposal to timestamp BOTH JUNO numbers violates the co-signed one-number pin ... timestamping hardens provenance, it must not widen the bet
2026-07-23	PROGRESS_LOG.md	"B772: the negatives adequacy audit (owner's ""are we computing properly?"")"	"owner's ""are we computing properly?"""
2026-07-23	PROGRESS_LOG.md	B773: the chord re-computation OVERTURNS a banked negative	the owner's 'are we computing properly' question
2026-07-23	PROGRESS_LOG.md	B774: the chord-pass campaign — the negatives base is SOUND	the owner's chord-pass
2026-07-24	PROGRESS_LOG.md	"cc3's ""Braver Questions"" folded (B777); V4-genericity green-lit"	"Owner directive ""give green light to cc3."""
2026-07-24	PROGRESS_LOG.md	THE CLOSURE MASTERPLAN banked + cc3's V4-genericity VERIFIED	"Owner ""continue all through a masterplan our style."""
2026-07-24	PROGRESS_LOG.md	"C23 CORRECTED on the owner's challenge (""u sure""): two cc defects self-caught"	"The owner challenged the C23 minting (""u sure"")"
2026-07-24	PROGRESS_LOG.md	B784 AUDIT: five retractions, four demotions, one chain link corrected	The owner asked what else I was unsure about.
2026-07-20	PROGRESS_LOG.md	B725 — THE BORN RULE: the observer construction gives Born FORM (+ why quadratic), not Born CONTENT	Owner 'keep going' (cc2's flagged next door)
2026-07-20	PROGRESS_LOG.md	B726 — THE HEARING FACE AND THE BORN CONTENT: the WEIGHTS are the hearing's; the bare two faces don't close it	"Owner: ""the other face, the hearing side can provide the quantum content"""
2026-07-20	PROGRESS_LOG.md	B727 — BASE-RATE THE E₆-ACROSS-THREE-FACES STRUCTURE: it's the number-bag one level up (self-audit)	Owner 'yes'
2026-07-20	PROGRESS_LOG.md	B728 — THE STOKES RESUMMATION: the coherent whole does NOT close the phase; ζ₅ is imported	"Owner chose ""run the Stokes resummation first"""
2026-07-20	PROGRESS_LOG.md	B729 — THE AMPLITUDE SECTOR: also an overlay; the Born ledger COMPLETES	"Owner ""pursue the remaining math doors"""
2026-07-20	PROGRESS_LOG.md	B730 — THE FORCED FACES (a Klein-four V₄) + THE COSMIC-TOPOLOGY MEETING POINT (real math, physics NIL)	Owner's three-question message ... asked to cc AND cc2 SEPARATELY on purpose
2026-07-21	PROGRESS_LOG.md	B733 — THE MENU OF OBSERVERS is a BOUNDED discrete 𝔽₂-space (never a continuum)	"Owner: ""map the observer-space at each door, fully"""
2026-07-21	PROGRESS_LOG.md	B736 — THE A+B+C CAMPAIGN: object-observer OBSTRUCTED, parameter-reduction NO-GO, consolidation written	Owner: run A+B+C (=cc2's 1+2+3) as a joint two-seat workflow campaign, LOCKED with cc2
2026-07-14	PROGRESS_LOG.md	THE JEWEL AUDIT: five veins registered (L73-L77; owner directive)	"""Every jewel should be a door."""
2026-07-14	PROGRESS_LOG.md	B584: Round 3, THE LISTENER — the golden amplitude is entirely theta-odd	"Owner asked what the nontrivial listener could be (""its mirror?"")."
2026-07-14	PROGRESS_LOG.md	B591: THE CHORD'S MANIFOLD COMPUTED — the tone is the torsion (owner directive: run the Round-3 manifold cell)	The owner paused the queue and ordered the manifold cell run as a computation.
2026-07-14	PROGRESS_LOG.md	B592: R3-M, THE MIRROR LISTENER — the verdict is DEAF, sharpened to a theorem (owner directive)	owner directive
2026-07-14	PROGRESS_LOG.md	B593: ROUND 4 — THE HEARING LAW: a chiral ear hears at second order (owner mandate: 'be brave')	"owner mandate: ""be brave"""
2026-07-14	PROGRESS_LOG.md	B593-V: the hearing law adversarially verified (owner: 'u sure? verify first')	"owner: ""u sure? verify first"""
2026-07-14	PROGRESS_LOG.md	B598: THE L85 CAMPAIGN OPENED (owner: 'do it properly; precompute everything') + the Review-18 mandate registered	"Owner directive: ""do it properly; precompute everything""."
2026-07-14	PROGRESS_LOG.md	B598: THE L85 CAMPAIGN OPENED (owner: 'do it properly; precompute everything') + the Review-18 mandate registered	Review 18's pre-committed scope now includes the PROVENANCE sweep — 'verified' = independently re-computed within the project's own toolchain; no banked language may read as external verification/peer review.
2026-07-14	PROGRESS_LOG.md	B598-P1: THE CUSP TABLE banked (exact) + the handoff adjudication + the review-timing override	REVIEW-18 TIMING OVERRIDE registered (owner): fires on L85 resolution, not at 20 merges.
2026-07-15	PROGRESS_LOG.md	THE SEAT-4 AUDIT ADOPTED: the P3 readiness chain gates the campaign; my item-6 adjudication corrected	The owner directed full seriousness on seat 4's audit.
2026-07-15	PROGRESS_LOG.md	P3 RESOLVED: OUTCOME B — the semiclassical map exists at golden kappa=5, level-specially	L85 RESOLVES -> Review 18 fires (owner override; counter held at 19).
2026-07-15	PROGRESS_LOG.md	B614: the null model + comparison map DESIGNED — handed to seat 4 (the director's priority change)	The order changed at the director's word: Branch 3 before further mathematics.
2026-07-15	PROGRESS_LOG.md	B627: THE HELD-OUT VALUES SEALED (the director's hash-first order executed)	the director's hash-first order executed
2026-07-15	PROGRESS_LOG.md	B629: THE INTERACTION-LAYER VALUES SEALED (the interaction round opens, part 1 of 3)	The interaction-round directive (chat-1 + the owner) registered as binding.
2026-07-15	PROGRESS_LOG.md	B631: THE MATRIX COMPARISON — STRUCTURED-NULL (p = 0.700); the stopping rule fires	Per the directive's locked table and binding anti-unfalsifiability clause: the program's SM-comparison capability at this level is EXHAUSTED — no 'next layer' continuation.
2026-07-15	PROGRESS_LOG.md	B631 addendum: the process repairs (the owner's catch — 'read the progress log')	"The owner directed a read-back of the log against the interaction round (""read the progress log"")."
2026-07-16	PROGRESS_LOG.md	L90 CLOSED in-repo; THE REBASE banked (before any campaign launch, per the owner)	banked (before any campaign launch, per the owner)
2026-07-16	PROGRESS_LOG.md	B637 stage 3 COMPLETE: THE LAW OF THE CHORD'S CORE (9/9 doubles)	STOPPED per the plan: no campaign launch without the owner's pick (C1 + C2 recommended).
2026-07-16	PROGRESS_LOG.md	THE C1+C2 CAMPAIGN LAUNCHED (the owner's pick): B638 the swap decomposition; B639 the D_conjtheta cubic	THE C1+C2 CAMPAIGN LAUNCHED (the owner's pick).
2026-07-16	PROGRESS_LOG.md	THE LAW MAP banked (docs/LAW_MAP.md) + the last idea-rows registered	The owner's direction: consolidate every law with its exact status.
2026-07-16	PROGRESS_LOG.md	THE GOVERNANCE AMENDMENT (§12-§15): the infrastructure catches up to the mathematics	"Owner-directed (the brainstorm -> ""go"")."
2026-07-16	PROGRESS_LOG.md	THE CALIBRATION CAMPAIGN SEALED (a463c6aa) AND LAUNCHED	Owner approval granted on v3 (three review passes ... ALL adopted; the reviews archived in-arc).
2026-07-17	PROGRESS_LOG.md	THE L99 ADOPTION: GOVERNANCE §16 (the factual-review lane; R21-10 closed)	Owner approved cc2's patch with one modification...
2026-07-17	PROGRESS_LOG.md	B658: THE ORDER-4 FLIP VERDICT — wall 8 is TOTAL (R21-6 closed)	Owner-directed run of B643's registered residual.
2026-07-17	PROGRESS_LOG.md	B659: THE NOVELTY DOSSIER + THE SIX-GROUP SWEEP (R21-7 hybrid, owner-directed)	owner-directed
2026-07-25	PROGRESS_LOG.md	Law-capture gap found + 3 buried laws registered	Owner asked whether the theorems/laws we prove get written down or buried.
2026-07-30	PROGRESS_LOG.md	B827: ten days of progress log went to a shadow file; the gate had become unable to fail	"Found by the owner asking ""are we always updating progresslog""."
2026-07-30	PROGRESS_LOG.md	B828: what the shadow-log recovery surfaced (one live label-lock, two unregistered cells)	Owner asked whether B827's recovery revealed buried math.
2026-08-01	PROGRESS_LOG.md	B840: the three loose ends closed; one was hiding a VACUOUS verdict	Owner asked whether B827's recovery revealed buried math.
2026-08-01	PROGRESS_LOG.md	P5 verdict RE-CHECKED on the owner's challenge: it holds; one supporting claim overstated	Re-verified against the extracted BGJ PDF in BOTH directions, because a prior-art call that only checks the DEATH half is half a check.
2026-08-02	PROGRESS_LOG.md	B852: B451's instrument could not have found a phase transition — a demonstration, and NOT preregistered	Declared up front: this arc carries NO SEAL.
2026-08-03	PROGRESS_LOG.md	B859: the SM handoff scrutinised — the OP theorem verifies exactly, the cascade's gate was wrong, and the repair is stronger than the original	found on the owner's explicit push to look for the fix rather than the kill
2026-08-03	PROGRESS_LOG.md	B860: the step-3 trit is a BIT, the bit lives in the theta-even sector, and its asymmetry selects the SM under a premise the framework nearly supplies (joint session with the owner)	set jointly with the owner
2026-08-03	PROGRESS_LOG.md	B867: the Sakharov gate — all three baryogenesis preconditions structurally present; the stage, not the play	From the owner's question (is our symmetry breaking the same as the baryon asymmetry / the Big Bang?)
