theta,A0,A_floor,bound
0.000000000,1.626140551e-02,2.509730631e-02,1
0.003067962,1.640986319e-02,2.509730631e-02,1
0.006135923,1.655887494e-02,2.509730631e-02,1
0.009203885,1.670842088e-02,2.509730631e-02,1
0.012271846,1.685848166e-02,2.509730631e-02,1
0.015339808,1.700903842e-02,2.509730631e-02,1
0.018407769,1.716007281e-02,2.509730631e-02,1
0.021475731,1.731156696e-02,2.509730631e-02,1
0.024543693,1.746350346e-02,2.509730631e-02,1
0.027611654,1.761586534e-02,2.509730631e-02,1
0.030679616,1.776863607e-02,2.509730631e-02,1
0.033747577,1.792179953e-02,2.509730631e-02,1
0.036815539,1.807534003e-02,2.509730631e-02,1
0.039883500,1.822924224e-02,2.509730631e-02,1
0.042951462,1.838349122e-02,2.509730631e-02,1
0.046019424,1.853807242e-02,2.509730631e-02,1
0.049087385,1.869297161e-02,2.509730631e-02,1
0.052155347,1.884817493e-02,2.509730631e-02,1
0.055223308,1.900366883e-02,2.509730631e-02,1
0.058291270,1.915944010e-02,2.509730631e-02,1
0.061359232,1.931547583e-02,2.509730631e-02,1
0.064427193,1.947176341e-02,2.509730631e-02,1
0.067495155,1.962829053e-02,2.509730631e-02,1
0.070563116,1.978504515e-02,2.509730631e-02,1
0.073631078,1.994201551e-02,2.509730631e-02,1
0.076699039,2.009919011e-02,2.509730631e-02,1
0.079767001,2.025655771e-02,2.509730631e-02,1
0.082834963,2.041410731e-02,2.509730631e-02,1
0.085902924,2.057182814e-02,2.509730631e-02,1
0.088970886,2.072970970e-02,2.509730631e-02,1
0.092038847,2.088774166e-02,2.509730631e-02,1
0.095106809,2.104591394e-02,2.509730631e-02,1
0.098174770,2.120421667e-02,2.509730631e-02,1
0.101242732,2.136264017e-02,2.509730631e-02,1
0.104310694,2.152117496e-02,2.509730631e-02,1
0.107378655,2.167981177e-02,2.509730631e-02,1
0.110446617,2.183854148e-02,2.509730631e-02,1
0.113514578,2.199735518e-02,2.509730631e-02,1
0.116582540,2.215624411e-02,2.509730631e-02,1
0.119650501,2.231519971e-02,2.509730631e-02,1
0.122718463,2.247421354e-02,2.509730631e-02,1
0.125786425,2.263327735e-02,2.509730631e-02,1
0.128854386,2.279238305e-02,2.509730631e-02,1
0.131922348,2.295152266e-02,2.509730631e-02,1
0.134990309,2.311068838e-02,2.509730631e-02,1
0.138058271,2.326987254e-02,2.509730631e-02,1
0.141126232,2.342906760e-02,2.509730631e-02,1
0.144194194,2.358826616e-02,2.509730631e-02,1
0.147262156,2.374746094e-02,2.509730631e-02,1
0.150330117,2.390664480e-02,2.509730631e-02,1
0.153398079,2.406581071e-02,2.509730631e-02,1
0.156466040,2.422495174e-02,2.509730631e-02,1
0.159534002,2.438406112e-02,2.509730631e-02,1
0.162601964,2.454313214e-02,2.509730631e-02,1
0.165669925,2.470215824e-02,2.509730631e-02,1
0.168737887,2.486113293e-02,2.509730631e-02,1
0.171805848,2.502004985e-02,2.509730631e-02,1
0.174873810,2.517890273e-02,2.517890273e-02,0
0.177941771,2.533768539e-02,2.533768539e-02,0
0.181009733,2.549639175e-02,2.549639175e-02,0
0.184077695,2.565501582e-02,2.565501582e-02,0
0.187145656,2.581355170e-02,2.581355170e-02,0
0.190213618,2.597199357e-02,2.597199357e-02,0
0.193281579,2.613033572e-02,2.613033572e-02,0
0.196349541,2.628857248e-02,2.628857248e-02,0
0.199417502,2.644669831e-02,2.644669831e-02,0
0.202485464,2.660470770e-02,2.660470770e-02,0
0.205553426,2.676259525e-02,2.676259525e-02,0
0.208621387,2.692035562e-02,2.692035562e-02,0
0.211689349,2.707798355e-02,2.707798355e-02,0
0.214757310,2.723547384e-02,2.723547384e-02,0
0.217825272,2.739282137e-02,2.739282137e-02,0
0.220893233,2.755002109e-02,2.755002109e-02,0
0.223961195,2.770706799e-02,2.770706799e-02,0
0.227029157,2.786395717e-02,2.786395717e-02,0
0.230097118,2.802068375e-02,2.802068375e-02,0
0.233165080,2.817724293e-02,2.817724293e-02,0
0.236233041,2.833362997e-02,2.833362997e-02,0
0.239301003,2.848984019e-02,2.848984019e-02,0
0.242368964,2.864586896e-02,2.864586896e-02,0
0.245436926,2.880171172e-02,2.880171172e-02,0
0.248504888,2.895736394e-02,2.895736394e-02,0
0.251572849,2.911282118e-02,2.911282118e-02,0
0.254640811,2.926807902e-02,2.926807902e-02,0
0.257708772,2.942313310e-02,2.942313310e-02,0
0.260776734,2.957797913e-02,2.957797913e-02,0
0.263844696,2.973261284e-02,2.973261284e-02,0
0.266912657,2.988703004e-02,2.988703004e-02,0
0.269980619,3.004122655e-02,3.004122655e-02,0
0.273048580,3.019519826e-02,3.019519826e-02,0
0.276116542,3.034894112e-02,3.034894112e-02,0
0.279184503,3.050245109e-02,3.050245109e-02,0
0.282252465,3.065572420e-02,3.065572420e-02,0
0.285320427,3.080875651e-02,3.080875651e-02,0
0.288388388,3.096154414e-02,3.096154414e-02,0
0.291456350,3.111408322e-02,3.111408322e-02,0
0.294524311,3.126636996e-02,3.126636996e-02,0
0.297592273,3.141840058e-02,3.141840058e-02,0
0.300660234,3.157017134e-02,3.157017134e-02,0
0.303728196,3.172167857e-02,3.172167857e-02,0
0.306796158,3.187291860e-02,3.187291860e-02,0
0.309864119,3.202388782e-02,3.202388782e-02,0
0.312932081,3.217458265e-02,3.217458265e-02,0
0.316000042,3.232499956e-02,3.232499956e-02,0
0.319068004,3.247513502e-02,3.247513502e-02,0
0.322135965,3.262498558e-02,3.262498558e-02,0
0.325203927,3.277454780e-02,3.277454780e-02,0
0.328271889,3.292381827e-02,3.292381827e-02,0
0.331339850,3.307279363e-02,3.307279363e-02,0
0.334407812,3.322147053e-02,3.322147053e-02,0
0.337475773,3.336984569e-02,3.336984569e-02,0
0.340543735,3.351791583e-02,3.351791583e-02,0
0.343611696,3.366567770e-02,3.366567770e-02,0
0.346679658,3.381312811e-02,3.381312811e-02,0
0.349747620,3.396026388e-02,3.396026388e-02,0
0.352815581,3.410708187e-02,3.410708187e-02,0
0.355883543,3.425357895e-02,3.425357895e-02,0
0.358951504,3.439975205e-02,3.439975205e-02,0
0.362019466,3.454559810e-02,3.454559810e-02,0
0.365087428,3.469111409e-02,3.469111409e-02,0
0.368155389,3.483629701e-02,3.483629701e-02,0
0.371223351,3.498114390e-02,3.498114390e-02,0
0.374291312,3.512565182e-02,3.512565182e-02,0
0.377359274,3.526981785e-02,3.526981785e-02,0
0.380427235,3.541363911e-02,3.541363911e-02,0
0.383495197,3.555711273e-02,3.555711273e-02,0
0.386563159,3.570023590e-02,3.570023590e-02,0
0.389631120,3.584300580e-02,3.584300580e-02,0
0.392699082,3.598541966e-02,3.598541966e-02,0
0.395767043,3.612747472e-02,3.612747472e-02,0
0.398835005,3.626916826e-02,3.626916826e-02,0
0.401902966,3.641049758e-02,3.641049758e-02,0
0.404970928,3.655146000e-02,3.655146000e-02,0
0.408038890,3.669205288e-02,3.669205288e-02,0
0.411106851,3.683227359e-02,3.683227359e-02,0
0.414174813,3.697211953e-02,3.697211953e-02,0
0.417242774,3.711158812e-02,3.711158812e-02,0
0.420310736,3.725067682e-02,3.725067682e-02,0
0.423378697,3.738938310e-02,3.738938310e-02,0
0.426446659,3.752770446e-02,3.752770446e-02,0
0.429514621,3.766563841e-02,3.766563841e-02,0
0.432582582,3.780318251e-02,3.780318251e-02,0
0.435650544,3.794033432e-02,3.794033432e-02,0
0.438718505,3.807709143e-02,3.807709143e-02,0
0.441786467,3.821345146e-02,3.821345146e-02,0
0.444854428,3.834941205e-02,3.834941205e-02,0
0.447922390,3.848497086e-02,3.848497086e-02,0
0.450990352,3.862012557e-02,3.862012557e-02,0
0.454058313,3.875487389e-02,3.875487389e-02,0
0.457126275,3.888921354e-02,3.888921354e-02,0
0.460194236,3.902314228e-02,3.902314228e-02,0
0.463262198,3.915665789e-02,3.915665789e-02,0
0.466330160,3.928975815e-02,3.928975815e-02,0
0.469398121,3.942244088e-02,3.942244088e-02,0
0.472466083,3.955470393e-02,3.955470393e-02,0
0.475534044,3.968654515e-02,3.968654515e-02,0
0.478602006,3.981796243e-02,3.981796243e-02,0
0.481669967,3.994895366e-02,3.994895366e-02,0
0.484737929,4.007951679e-02,4.007951679e-02,0
0.487805891,4.020964975e-02,4.020964975e-02,0
0.490873852,4.033935051e-02,4.033935051e-02,0
0.493941814,4.046861705e-02,4.046861705e-02,0
0.497009775,4.059744740e-02,4.059744740e-02,0
0.500077737,4.072583958e-02,4.072583958e-02,0
0.503145698,4.085379164e-02,4.085379164e-02,0
0.506213660,4.098130166e-02,4.098130166e-02,0
0.509281622,4.110836773e-02,4.110836773e-02,0
0.512349583,4.123498796e-02,4.123498796e-02,0
0.515417545,4.136116049e-02,4.136116049e-02,0
0.518485506,4.148688348e-02,4.148688348e-02,0
0.521553468,4.161215509e-02,4.161215509e-02,0
0.524621429,4.173697353e-02,4.173697353e-02,0
0.527689391,4.186133701e-02,4.186133701e-02,0
0.530757353,4.198524377e-02,4.198524377e-02,0
0.533825314,4.210869207e-02,4.210869207e-02,0
0.536893276,4.223168018e-02,4.223168018e-02,0
0.539961237,4.235420640e-02,4.235420640e-02,0
0.543029199,4.247626905e-02,4.247626905e-02,0
0.546097160,4.259786646e-02,4.259786646e-02,0
0.549165122,4.271899699e-02,4.271899699e-02,0
0.552233084,4.283965903e-02,4.283965903e-02,0
0.555301045,4.295985096e-02,4.295985096e-02,0
0.558369007,4.307957120e-02,4.307957120e-02,0
0.561436968,4.319881819e-02,4.319881819e-02,0
0.564504930,4.331759038e-02,4.331759038e-02,0
0.567572892,4.343588626e-02,4.343588626e-02,0
0.570640853,4.355370432e-02,4.355370432e-02,0
0.573708815,4.367104306e-02,4.367104306e-02,0
0.576776776,4.378790104e-02,4.378790104e-02,0
0.579844738,4.390427680e-02,4.390427680e-02,0
0.582912699,4.402016891e-02,4.402016891e-02,0
0.585980661,4.413557597e-02,4.413557597e-02,0
0.589048623,4.425049660e-02,4.425049660e-02,0
0.592116584,4.436492941e-02,4.436492941e-02,0
0.595184546,4.447887308e-02,4.447887308e-02,0
0.598252507,4.459232627e-02,4.459232627e-02,0
0.601320469,4.470528766e-02,4.470528766e-02,0
0.604388430,4.481775597e-02,4.481775597e-02,0
0.607456392,4.492972993e-02,4.492972993e-02,0
0.610524354,4.504120829e-02,4.504120829e-02,0
0.613592315,4.515218981e-02,4.515218981e-02,0
0.616660277,4.526267328e-02,4.526267328e-02,0
0.619728238,4.537265751e-02,4.537265751e-02,0
0.622796200,4.548214133e-02,4.548214133e-02,0
0.625864161,4.559112357e-02,4.559112357e-02,0
0.628932123,4.569960311e-02,4.569960311e-02,0
0.632000085,4.580757883e-02,4.580757883e-02,0
0.635068046,4.591504962e-02,4.591504962e-02,0
0.638136008,4.602201442e-02,4.602201442e-02,0
0.641203969,4.612847215e-02,4.612847215e-02,0
0.644271931,4.623442179e-02,4.623442179e-02,0
0.647339892,4.633986232e-02,4.633986232e-02,0
0.650407854,4.644479272e-02,4.644479272e-02,0
0.653475816,4.654921201e-02,4.654921201e-02,0
0.656543777,4.665311924e-02,4.665311924e-02,0
0.659611739,4.675651346e-02,4.675651346e-02,0
0.662679700,4.685939375e-02,4.685939375e-02,0
0.665747662,4.696175919e-02,4.696175919e-02,0
0.668815624,4.706360890e-02,4.706360890e-02,0
0.671883585,4.716494201e-02,4.716494201e-02,0
0.674951547,4.726575768e-02,4.726575768e-02,0
0.678019508,4.736605507e-02,4.736605507e-02,0
0.681087470,4.746583338e-02,4.746583338e-02,0
0.684155431,4.756509180e-02,4.756509180e-02,0
0.687223393,4.766382957e-02,4.766382957e-02,0
0.690291355,4.776204594e-02,4.776204594e-02,0
0.693359316,4.785974016e-02,4.785974016e-02,0
0.696427278,4.795691153e-02,4.795691153e-02,0
0.699495239,4.805355935e-02,4.805355935e-02,0
0.702563201,4.814968294e-02,4.814968294e-02,0
0.705631162,4.824528163e-02,4.824528163e-02,0
0.708699124,4.834035480e-02,4.834035480e-02,0
0.711767086,4.843490182e-02,4.843490182e-02,0
0.714835047,4.852892209e-02,4.852892209e-02,0
0.717903009,4.862241502e-02,4.862241502e-02,0
0.720970970,4.871538006e-02,4.871538006e-02,0
0.724038932,4.880781666e-02,4.880781666e-02,0
0.727106893,4.889972428e-02,4.889972428e-02,0
0.730174855,4.899110244e-02,4.899110244e-02,0
0.733242817,4.908195063e-02,4.908195063e-02,0
0.736310778,4.917226839e-02,4.917226839e-02,0
0.739378740,4.926205528e-02,4.926205528e-02,0
0.742446701,4.935131085e-02,4.935131085e-02,0
0.745514663,4.944003471e-02,4.944003471e-02,0
0.748582624,4.952822644e-02,4.952822644e-02,0
0.751650586,4.961588570e-02,4.961588570e-02,0
0.754718548,4.970301211e-02,4.970301211e-02,0
0.757786509,4.978960534e-02,4.978960534e-02,0
0.760854471,4.987566508e-02,4.987566508e-02,0
0.763922432,4.996119103e-02,4.996119103e-02,0
0.766990394,5.004618290e-02,5.004618290e-02,0
0.770058356,5.013064045e-02,5.013064045e-02,0
0.773126317,5.021456343e-02,5.021456343e-02,0
0.776194279,5.029795162e-02,5.029795162e-02,0
0.779262240,5.038080481e-02,5.038080481e-02,0
0.782330202,5.046312283e-02,5.046312283e-02,0
0.785398163,5.054490550e-02,5.054490550e-02,0
0.788466125,5.062615269e-02,5.062615269e-02,0
0.791534087,5.070686427e-02,5.070686427e-02,0
0.794602048,5.078704012e-02,5.078704012e-02,0
0.797670010,5.086668016e-02,5.086668016e-02,0
0.800737971,5.094578432e-02,5.094578432e-02,0
0.803805933,5.102435256e-02,5.102435256e-02,0
0.806873894,5.110238483e-02,5.110238483e-02,0
0.809941856,5.117988113e-02,5.117988113e-02,0
0.813009818,5.125684146e-02,5.125684146e-02,0
0.816077779,5.133326585e-02,5.133326585e-02,0
0.819145741,5.140915434e-02,5.140915434e-02,0
0.822213702,5.148450700e-02,5.148450700e-02,0
0.825281664,5.155932391e-02,5.155932391e-02,0
0.828349625,5.163360517e-02,5.163360517e-02,0
0.831417587,5.170735089e-02,5.170735089e-02,0
0.834485549,5.178056123e-02,5.178056123e-02,0
0.837553510,5.185323634e-02,5.185323634e-02,0
0.840621472,5.192537638e-02,5.192537638e-02,0
0.843689433,5.199698158e-02,5.199698158e-02,0
0.846757395,5.206805212e-02,5.206805212e-02,0
0.849825356,5.213858826e-02,5.213858826e-02,0
0.852893318,5.220859025e-02,5.220859025e-02,0
0.855961280,5.227805834e-02,5.227805834e-02,0
0.859029241,5.234699285e-02,5.234699285e-02,0
0.862097203,5.241539407e-02,5.241539407e-02,0
0.865165164,5.248326234e-02,5.248326234e-02,0
0.868233126,5.255059800e-02,5.255059800e-02,0
0.871301088,5.261740143e-02,5.261740143e-02,0
0.874369049,5.268367300e-02,5.268367300e-02,0
0.877437011,5.274941312e-02,5.274941312e-02,0
0.880504972,5.281462221e-02,5.281462221e-02,0
0.883572934,5.287930072e-02,5.287930072e-02,0
0.886640895,5.294344911e-02,5.294344911e-02,0
0.889708857,5.300706786e-02,5.300706786e-02,0
0.892776819,5.307015746e-02,5.307015746e-02,0
0.895844780,5.313271844e-02,5.313271844e-02,0
0.898912742,5.319475133e-02,5.319475133e-02,0
0.901980703,5.325625669e-02,5.325625669e-02,0
0.905048665,5.331723509e-02,5.331723509e-02,0
0.908116626,5.337768712e-02,5.337768712e-02,0
0.911184588,5.343761340e-02,5.343761340e-02,0
0.914252550,5.349701456e-02,5.349701456e-02,0
0.917320511,5.355589125e-02,5.355589125e-02,0
0.920388473,5.361424414e-02,5.361424414e-02,0
0.923456434,5.367207390e-02,5.367207390e-02,0
0.926524396,5.372938126e-02,5.372938126e-02,0
0.929592357,5.378616693e-02,5.378616693e-02,0
0.932660319,5.384243165e-02,5.384243165e-02,0
0.935728281,5.389817620e-02,5.389817620e-02,0
0.938796242,5.395340135e-02,5.395340135e-02,0
0.941864204,5.400810789e-02,5.400810789e-02,0
0.944932165,5.406229666e-02,5.406229666e-02,0
0.948000127,5.411596848e-02,5.411596848e-02,0
0.951068088,5.416912420e-02,5.416912420e-02,0
0.954136050,5.422176472e-02,5.422176472e-02,0
0.957204012,5.427389091e-02,5.427389091e-02,0
0.960271973,5.432550369e-02,5.432550369e-02,0
0.963339935,5.437660398e-02,5.437660398e-02,0
0.966407896,5.442719275e-02,5.442719275e-02,0
0.969475858,5.447727094e-02,5.447727094e-02,0
0.972543820,5.452683956e-02,5.452683956e-02,0
0.975611781,5.457589960e-02,5.457589960e-02,0
0.978679743,5.462445208e-02,5.462445208e-02,0
0.981747704,5.467249805e-02,5.467249805e-02,0
0.984815666,5.472003856e-02,5.472003856e-02,0
0.987883627,5.476707470e-02,5.476707470e-02,0
0.990951589,5.481360755e-02,5.481360755e-02,0
0.994019551,5.485963824e-02,5.485963824e-02,0
0.997087512,5.490516789e-02,5.490516789e-02,0
1.000155474,5.495019766e-02,5.495019766e-02,0
1.003223435,5.499472871e-02,5.499472871e-02,0
1.006291397,5.503876224e-02,5.503876224e-02,0
1.009359358,5.508229944e-02,5.508229944e-02,0
1.012427320,5.512534155e-02,5.512534155e-02,0
1.015495282,5.516788980e-02,5.516788980e-02,0
1.018563243,5.520994545e-02,5.520994545e-02,0
1.021631205,5.525150978e-02,5.525150978e-02,0
1.024699166,5.529258410e-02,5.529258410e-02,0
1.027767128,5.533316970e-02,5.533316970e-02,0
1.030835089,5.537326793e-02,5.537326793e-02,0
1.033903051,5.541288013e-02,5.541288013e-02,0
1.036971013,5.545200768e-02,5.545200768e-02,0
1.040038974,5.549065195e-02,5.549065195e-02,0
1.043106936,5.552881436e-02,5.552881436e-02,0
1.046174897,5.556649632e-02,5.556649632e-02,0
1.049242859,5.560369927e-02,5.560369927e-02,0
1.052310820,5.564042467e-02,5.564042467e-02,0
1.055378782,5.567667400e-02,5.567667400e-02,0
1.058446744,5.571244874e-02,5.571244874e-02,0
1.061514705,5.574775042e-02,5.574775042e-02,0
1.064582667,5.578258054e-02,5.578258054e-02,0
1.067650628,5.581694067e-02,5.581694067e-02,0
1.070718590,5.585083236e-02,5.585083236e-02,0
1.073786552,5.588425719e-02,5.588425719e-02,0
1.076854513,5.591721677e-02,5.591721677e-02,0
1.079922475,5.594971270e-02,5.594971270e-02,0
1.082990436,5.598174661e-02,5.598174661e-02,0
1.086058398,5.601332016e-02,5.601332016e-02,0
1.089126359,5.604443502e-02,5.604443502e-02,0
1.092194321,5.607509286e-02,5.607509286e-02,0
1.095262283,5.610529540e-02,5.610529540e-02,0
1.098330244,5.613504433e-02,5.613504433e-02,0
1.101398206,5.616434141e-02,5.616434141e-02,0
1.104466167,5.619318839e-02,5.619318839e-02,0
1.107534129,5.622158702e-02,5.622158702e-02,0
1.110602090,5.624953910e-02,5.624953910e-02,0
1.113670052,5.627704643e-02,5.627704643e-02,0
1.116738014,5.630411083e-02,5.630411083e-02,0
1.119805975,5.633073414e-02,5.633073414e-02,0
1.122873937,5.635691820e-02,5.635691820e-02,0
1.125941898,5.638266489e-02,5.638266489e-02,0
1.129009860,5.640797609e-02,5.640797609e-02,0
1.132077821,5.643285370e-02,5.643285370e-02,0
1.135145783,5.645729965e-02,5.645729965e-02,0
1.138213745,5.648131586e-02,5.648131586e-02,0
1.141281706,5.650490429e-02,5.650490429e-02,0
1.144349668,5.652806690e-02,5.652806690e-02,0
1.147417629,5.655080569e-02,5.655080569e-02,0
1.150485591,5.657312264e-02,5.657312264e-02,0
1.153553552,5.659501977e-02,5.659501977e-02,0
1.156621514,5.661649911e-02,5.661649911e-02,0
1.159689476,5.663756272e-02,5.663756272e-02,0
1.162757437,5.665821264e-02,5.665821264e-02,0
1.165825399,5.667845097e-02,5.667845097e-02,0
1.168893360,5.669827979e-02,5.669827979e-02,0
1.171961322,5.671770121e-02,5.671770121e-02,0
1.175029284,5.673671737e-02,5.673671737e-02,0
1.178097245,5.675533039e-02,5.675533039e-02,0
1.181165207,5.677354243e-02,5.677354243e-02,0
1.184233168,5.679135568e-02,5.679135568e-02,0
1.187301130,5.680877230e-02,5.680877230e-02,0
1.190369091,5.682579450e-02,5.682579450e-02,0
1.193437053,5.684242450e-02,5.684242450e-02,0
1.196505015,5.685866453e-02,5.685866453e-02,0
1.199572976,5.687451683e-02,5.687451683e-02,0
1.202640938,5.688998366e-02,5.688998366e-02,0
1.205708899,5.690506731e-02,5.690506731e-02,0
1.208776861,5.691977005e-02,5.691977005e-02,0
1.211844822,5.693409419e-02,5.693409419e-02,0
1.214912784,5.694804205e-02,5.694804205e-02,0
1.217980746,5.696161596e-02,5.696161596e-02,0
1.221048707,5.697481826e-02,5.697481826e-02,0
1.224116669,5.698765133e-02,5.698765133e-02,0
1.227184630,5.700011753e-02,5.700011753e-02,0
1.230252592,5.701221924e-02,5.701221924e-02,0
1.233320553,5.702395888e-02,5.702395888e-02,0
1.236388515,5.703533886e-02,5.703533886e-02,0
1.239456477,5.704636160e-02,5.704636160e-02,0
1.242524438,5.705702955e-02,5.705702955e-02,0
1.245592400,5.706734517e-02,5.706734517e-02,0
1.248660361,5.707731091e-02,5.707731091e-02,0
1.251728323,5.708692928e-02,5.708692928e-02,0
1.254796284,5.709620275e-02,5.709620275e-02,0
1.257864246,5.710513384e-02,5.710513384e-02,0
1.260932208,5.711372507e-02,5.711372507e-02,0
1.264000169,5.712197897e-02,5.712197897e-02,0
1.267068131,5.712989809e-02,5.712989809e-02,0
1.270136092,5.713748498e-02,5.713748498e-02,0
1.273204054,5.714474222e-02,5.714474222e-02,0
1.276272016,5.715167238e-02,5.715167238e-02,0
1.279339977,5.715827807e-02,5.715827807e-02,0
1.282407939,5.716456189e-02,5.716456189e-02,0
1.285475900,5.717052646e-02,5.717052646e-02,0
1.288543862,5.717617440e-02,5.717617440e-02,0
1.291611823,5.718150836e-02,5.718150836e-02,0
1.294679785,5.718653099e-02,5.718653099e-02,0
1.297747747,5.719124496e-02,5.719124496e-02,0
1.300815708,5.719565293e-02,5.719565293e-02,0
1.303883670,5.719975761e-02,5.719975761e-02,0
1.306951631,5.720356167e-02,5.720356167e-02,0
1.310019593,5.720706784e-02,5.720706784e-02,0
1.313087554,5.721027883e-02,5.721027883e-02,0
1.316155516,5.721319736e-02,5.721319736e-02,0
1.319223478,5.721582618e-02,5.721582618e-02,0
1.322291439,5.721816804e-02,5.721816804e-02,0
1.325359401,5.722022569e-02,5.722022569e-02,0
1.328427362,5.722200190e-02,5.722200190e-02,0
1.331495324,5.722349946e-02,5.722349946e-02,0
1.334563285,5.722472115e-02,5.722472115e-02,0
1.337631247,5.722566976e-02,5.722566976e-02,0
1.340699209,5.722634811e-02,5.722634811e-02,0
1.343767170,5.722675901e-02,5.722675901e-02,0
1.346835132,5.722690528e-02,5.722690528e-02,0
1.349903093,5.722678976e-02,5.722678976e-02,0
1.352971055,5.722641528e-02,5.722641528e-02,0
1.356039016,5.722578471e-02,5.722578471e-02,0
1.359106978,5.722490090e-02,5.722490090e-02,0
1.362174940,5.722376671e-02,5.722376671e-02,0
1.365242901,5.722238502e-02,5.722238502e-02,0
1.368310863,5.722075872e-02,5.722075872e-02,0
1.371378824,5.721889068e-02,5.721889068e-02,0
1.374446786,5.721678382e-02,5.721678382e-02,0
1.377514748,5.721444103e-02,5.721444103e-02,0
1.380582709,5.721186522e-02,5.721186522e-02,0
1.383650671,5.720905932e-02,5.720905932e-02,0
1.386718632,5.720602624e-02,5.720602624e-02,0
1.389786594,5.720276893e-02,5.720276893e-02,0
1.392854555,5.719929031e-02,5.719929031e-02,0
1.395922517,5.719559334e-02,5.719559334e-02,0
1.398990479,5.719168096e-02,5.719168096e-02,0
1.402058440,5.718755612e-02,5.718755612e-02,0
1.405126402,5.718322180e-02,5.718322180e-02,0
1.408194363,5.717868095e-02,5.717868095e-02,0
1.411262325,5.717393655e-02,5.717393655e-02,0
1.414330286,5.716899157e-02,5.716899157e-02,0
1.417398248,5.716384900e-02,5.716384900e-02,0
1.420466210,5.715851182e-02,5.715851182e-02,0
1.423534171,5.715298303e-02,5.715298303e-02,0
1.426602133,5.714726561e-02,5.714726561e-02,0
1.429670094,5.714136257e-02,5.714136257e-02,0
1.432738056,5.713527690e-02,5.713527690e-02,0
1.435806017,5.712901162e-02,5.712901162e-02,0
1.438873979,5.712256974e-02,5.712256974e-02,0
1.441941941,5.711595425e-02,5.711595425e-02,0
1.445009902,5.710916820e-02,5.710916820e-02,0
1.448077864,5.710221458e-02,5.710221458e-02,0
1.451145825,5.709509642e-02,5.709509642e-02,0
1.454213787,5.708781674e-02,5.708781674e-02,0
1.457281748,5.708037857e-02,5.708037857e-02,0
1.460349710,5.707278494e-02,5.707278494e-02,0
1.463417672,5.706503887e-02,5.706503887e-02,0
1.466485633,5.705714339e-02,5.705714339e-02,0
1.469553595,5.704910153e-02,5.704910153e-02,0
1.472621556,5.704091633e-02,5.704091633e-02,0
1.475689518,5.703259081e-02,5.703259081e-02,0
1.478757480,5.702412802e-02,5.702412802e-02,0
1.481825441,5.701553098e-02,5.701553098e-02,0
1.484893403,5.700680272e-02,5.700680272e-02,0
1.487961364,5.699794629e-02,5.699794629e-02,0
1.491029326,5.698896470e-02,5.698896470e-02,0
1.494097287,5.697986100e-02,5.697986100e-02,0
1.497165249,5.697063821e-02,5.697063821e-02,0
1.500233211,5.696129937e-02,5.696129937e-02,0
1.503301172,5.695184750e-02,5.695184750e-02,0
1.506369134,5.694228562e-02,5.694228562e-02,0
1.509437095,5.693261677e-02,5.693261677e-02,0
1.512505057,5.692284396e-02,5.692284396e-02,0
1.515573018,5.691297022e-02,5.691297022e-02,0
1.518640980,5.690299856e-02,5.690299856e-02,0
1.521708942,5.689293199e-02,5.689293199e-02,0
1.524776903,5.688277353e-02,5.688277353e-02,0
1.527844865,5.687252618e-02,5.687252618e-02,0
1.530912826,5.686219295e-02,5.686219295e-02,0
1.533980788,5.685177684e-02,5.685177684e-02,0
1.537048749,5.684128085e-02,5.684128085e-02,0
1.540116711,5.683070796e-02,5.683070796e-02,0
1.543184673,5.682006116e-02,5.682006116e-02,0
1.546252634,5.680934343e-02,5.680934343e-02,0
1.549320596,5.679855776e-02,5.679855776e-02,0
1.552388557,5.678770710e-02,5.678770710e-02,0
1.555456519,5.677679443e-02,5.677679443e-02,0
1.558524480,5.676582270e-02,5.676582270e-02,0
1.561592442,5.675479487e-02,5.675479487e-02,0
1.564660404,5.674371389e-02,5.674371389e-02,0
1.567728365,5.673258268e-02,5.673258268e-02,0
1.570796327,5.672140419e-02,5.672140419e-02,0
1.573864288,5.671018134e-02,5.671018134e-02,0
1.576932250,5.669891704e-02,5.669891704e-02,0
1.580000212,5.668761421e-02,5.668761421e-02,0
1.583068173,5.667627575e-02,5.667627575e-02,0
1.586136135,5.666490454e-02,5.666490454e-02,0
1.589204096,5.665350348e-02,5.665350348e-02,0
1.592272058,5.664207543e-02,5.664207543e-02,0
1.595340019,5.663062327e-02,5.663062327e-02,0
1.598407981,5.661914984e-02,5.661914984e-02,0
1.601475943,5.660765800e-02,5.660765800e-02,0
1.604543904,5.659615058e-02,5.659615058e-02,0
1.607611866,5.658463040e-02,5.658463040e-02,0
1.610679827,5.657310028e-02,5.657310028e-02,0
1.613747789,5.656156303e-02,5.656156303e-02,0
1.616815750,5.655002143e-02,5.655002143e-02,0
1.619883712,5.653847827e-02,5.653847827e-02,0
1.622951674,5.652693632e-02,5.652693632e-02,0
1.626019635,5.651539833e-02,5.651539833e-02,0
1.629087597,5.650386704e-02,5.650386704e-02,0
1.632155558,5.649234520e-02,5.649234520e-02,0
1.635223520,5.648083552e-02,5.648083552e-02,0
1.638291481,5.646934070e-02,5.646934070e-02,0
1.641359443,5.645786343e-02,5.645786343e-02,0
1.644427405,5.644640641e-02,5.644640641e-02,0
1.647495366,5.643497228e-02,5.643497228e-02,0
1.650563328,5.642356371e-02,5.642356371e-02,0
1.653631289,5.641218332e-02,5.641218332e-02,0
1.656699251,5.640083374e-02,5.640083374e-02,0
1.659767212,5.638951757e-02,5.638951757e-02,0
1.662835174,5.637823741e-02,5.637823741e-02,0
1.665903136,5.636699582e-02,5.636699582e-02,0
1.668971097,5.635579537e-02,5.635579537e-02,0
1.672039059,5.634463860e-02,5.634463860e-02,0
1.675107020,5.633352804e-02,5.633352804e-02,0
1.678174982,5.632246618e-02,5.632246618e-02,0
1.681242944,5.631145553e-02,5.631145553e-02,0
1.684310905,5.630049856e-02,5.630049856e-02,0
1.687378867,5.628959772e-02,5.628959772e-02,0
1.690446828,5.627875546e-02,5.627875546e-02,0
1.693514790,5.626797419e-02,5.626797419e-02,0
1.696582751,5.625725632e-02,5.625725632e-02,0
1.699650713,5.624660422e-02,5.624660422e-02,0
1.702718675,5.623602027e-02,5.623602027e-02,0
1.705786636,5.622550681e-02,5.622550681e-02,0
1.708854598,5.621506617e-02,5.621506617e-02,0
1.711922559,5.620470064e-02,5.620470064e-02,0
1.714990521,5.619441252e-02,5.619441252e-02,0
1.718058482,5.618420407e-02,5.618420407e-02,0
1.721126444,5.617407753e-02,5.617407753e-02,0
1.724194406,5.616403513e-02,5.616403513e-02,0
1.727262367,5.615407907e-02,5.615407907e-02,0
1.730330329,5.614421153e-02,5.614421153e-02,0
1.733398290,5.613443467e-02,5.613443467e-02,0
1.736466252,5.612475063e-02,5.612475063e-02,0
1.739534213,5.611516153e-02,5.611516153e-02,0
1.742602175,5.610566945e-02,5.610566945e-02,0
1.745670137,5.609627647e-02,5.609627647e-02,0
1.748738098,5.608698463e-02,5.608698463e-02,0
1.751806060,5.607779596e-02,5.607779596e-02,0
1.754874021,5.606871246e-02,5.606871246e-02,0
1.757941983,5.605973610e-02,5.605973610e-02,0
1.761009944,5.605086885e-02,5.605086885e-02,0
1.764077906,5.604211262e-02,5.604211262e-02,0
1.767145868,5.603346932e-02,5.603346932e-02,0
1.770213829,5.602494084e-02,5.602494084e-02,0
1.773281791,5.601652902e-02,5.601652902e-02,0
1.776349752,5.600823571e-02,5.600823571e-02,0
1.779417714,5.600006269e-02,5.600006269e-02,0
1.782485676,5.599201176e-02,5.599201176e-02,0
1.785553637,5.598408467e-02,5.598408467e-02,0
1.788621599,5.597628313e-02,5.597628313e-02,0
1.791689560,5.596860887e-02,5.596860887e-02,0
1.794757522,5.596106354e-02,5.596106354e-02,0
1.797825483,5.595364881e-02,5.595364881e-02,0
1.800893445,5.594636629e-02,5.594636629e-02,0
1.803961407,5.593921757e-02,5.593921757e-02,0
1.807029368,5.593220422e-02,5.593220422e-02,0
1.810097330,5.592532779e-02,5.592532779e-02,0
1.813165291,5.591858979e-02,5.591858979e-02,0
1.816233253,5.591199169e-02,5.591199169e-02,0
1.819301214,5.590553497e-02,5.590553497e-02,0
1.822369176,5.589922104e-02,5.589922104e-02,0
1.825437138,5.589305131e-02,5.589305131e-02,0
1.828505099,5.588702715e-02,5.588702715e-02,0
1.831573061,5.588114989e-02,5.588114989e-02,0
1.834641022,5.587542087e-02,5.587542087e-02,0
1.837708984,5.586984136e-02,5.586984136e-02,0
1.840776945,5.586441261e-02,5.586441261e-02,0
1.843844907,5.585913586e-02,5.585913586e-02,0
1.846912869,5.585401230e-02,5.585401230e-02,0
1.849980830,5.584904310e-02,5.584904310e-02,0
1.853048792,5.584422939e-02,5.584422939e-02,0
1.856116753,5.583957228e-02,5.583957228e-02,0
1.859184715,5.583507286e-02,5.583507286e-02,0
1.862252676,5.583073217e-02,5.583073217e-02,0
1.865320638,5.582655121e-02,5.582655121e-02,0
1.868388600,5.582253099e-02,5.582253099e-02,0
1.871456561,5.581867246e-02,5.581867246e-02,0
1.874524523,5.581497653e-02,5.581497653e-02,0
1.877592484,5.581144412e-02,5.581144412e-02,0
1.880660446,5.580807606e-02,5.580807606e-02,0
1.883728408,5.580487321e-02,5.580487321e-02,0
1.886796369,5.580183635e-02,5.580183635e-02,0
1.889864331,5.579896627e-02,5.579896627e-02,0
1.892932292,5.579626368e-02,5.579626368e-02,0
1.896000254,5.579372931e-02,5.579372931e-02,0
1.899068215,5.579136383e-02,5.579136383e-02,0
1.902136177,5.578916787e-02,5.578916787e-02,0
1.905204139,5.578714205e-02,5.578714205e-02,0
1.908272100,5.578528695e-02,5.578528695e-02,0
1.911340062,5.578360311e-02,5.578360311e-02,0
1.914408023,5.578209105e-02,5.578209105e-02,0
1.917475985,5.578075125e-02,5.578075125e-02,0
1.920543946,5.577958417e-02,5.577958417e-02,0
1.923611908,5.577859021e-02,5.577859021e-02,0
1.926679870,5.577776977e-02,5.577776977e-02,0
1.929747831,5.577712320e-02,5.577712320e-02,0
1.932815793,5.577665081e-02,5.577665081e-02,0
1.935883754,5.577635291e-02,5.577635291e-02,0
1.938951716,5.577622974e-02,5.577622974e-02,0
1.942019677,5.577628153e-02,5.577628153e-02,0
1.945087639,5.577650847e-02,5.577650847e-02,0
1.948155601,5.577691072e-02,5.577691072e-02,0
1.951223562,5.577748841e-02,5.577748841e-02,0
1.954291524,5.577824162e-02,5.577824162e-02,0
1.957359485,5.577917042e-02,5.577917042e-02,0
1.960427447,5.578027484e-02,5.578027484e-02,0
1.963495408,5.578155487e-02,5.578155487e-02,0
1.966563370,5.578301047e-02,5.578301047e-02,0
1.969631332,5.578464159e-02,5.578464159e-02,0
1.972699293,5.578644810e-02,5.578644810e-02,0
1.975767255,5.578842989e-02,5.578842989e-02,0
1.978835216,5.579058678e-02,5.579058678e-02,0
1.981903178,5.579291857e-02,5.579291857e-02,0
1.984971140,5.579542504e-02,5.579542504e-02,0
1.988039101,5.579810591e-02,5.579810591e-02,0
1.991107063,5.580096088e-02,5.580096088e-02,0
1.994175024,5.580398964e-02,5.580398964e-02,0
1.997242986,5.580719182e-02,5.580719182e-02,0
2.000310947,5.581056702e-02,5.581056702e-02,0
2.003378909,5.581411482e-02,5.581411482e-02,0
2.006446871,5.581783477e-02,5.581783477e-02,0
2.009514832,5.582172636e-02,5.582172636e-02,0
2.012582794,5.582578908e-02,5.582578908e-02,0
2.015650755,5.583002237e-02,5.583002237e-02,0
2.018718717,5.583442565e-02,5.583442565e-02,0
2.021786678,5.583899830e-02,5.583899830e-02,0
2.024854640,5.584373967e-02,5.584373967e-02,0
2.027922602,5.584864908e-02,5.584864908e-02,0
2.030990563,5.585372581e-02,5.585372581e-02,0
2.034058525,5.585896913e-02,5.585896913e-02,0
2.037126486,5.586437826e-02,5.586437826e-02,0
2.040194448,5.586995239e-02,5.586995239e-02,0
2.043262409,5.587569068e-02,5.587569068e-02,0
2.046330371,5.588159227e-02,5.588159227e-02,0
2.049398333,5.588765625e-02,5.588765625e-02,0
2.052466294,5.589388170e-02,5.589388170e-02,0
2.055534256,5.590026766e-02,5.590026766e-02,0
2.058602217,5.590681314e-02,5.590681314e-02,0
2.061670179,5.591351710e-02,5.591351710e-02,0
2.064738140,5.592037851e-02,5.592037851e-02,0
2.067806102,5.592739629e-02,5.592739629e-02,0
2.070874064,5.593456931e-02,5.593456931e-02,0
2.073942025,5.594189644e-02,5.594189644e-02,0
2.077009987,5.594937652e-02,5.594937652e-02,0
2.080077948,5.595700833e-02,5.595700833e-02,0
2.083145910,5.596479065e-02,5.596479065e-02,0
2.086213872,5.597272223e-02,5.597272223e-02,0
2.089281833,5.598080177e-02,5.598080177e-02,0
2.092349795,5.598902796e-02,5.598902796e-02,0
2.095417756,5.599739945e-02,5.599739945e-02,0
2.098485718,5.600591488e-02,5.600591488e-02,0
2.101553679,5.601457284e-02,5.601457284e-02,0
2.104621641,5.602337190e-02,5.602337190e-02,0
2.107689603,5.603231061e-02,5.603231061e-02,0
2.110757564,5.604138748e-02,5.604138748e-02,0
2.113825526,5.605060100e-02,5.605060100e-02,0
2.116893487,5.605994964e-02,5.605994964e-02,0
2.119961449,5.606943181e-02,5.606943181e-02,0
2.123029410,5.607904595e-02,5.607904595e-02,0
2.126097372,5.608879041e-02,5.608879041e-02,0
2.129165334,5.609866356e-02,5.609866356e-02,0
2.132233295,5.610866373e-02,5.610866373e-02,0
2.135301257,5.611878921e-02,5.611878921e-02,0
2.138369218,5.612903829e-02,5.612903829e-02,0
2.141437180,5.613940921e-02,5.613940921e-02,0
2.144505141,5.614990020e-02,5.614990020e-02,0
2.147573103,5.616050947e-02,5.616050947e-02,0
2.150641065,5.617123517e-02,5.617123517e-02,0
2.153709026,5.618207548e-02,5.618207548e-02,0
2.156776988,5.619302851e-02,5.619302851e-02,0
2.159844949,5.620409236e-02,5.620409236e-02,0
2.162912911,5.621526512e-02,5.621526512e-02,0
2.165980872,5.622654484e-02,5.622654484e-02,0
2.169048834,5.623792954e-02,5.623792954e-02,0
2.172116796,5.624941725e-02,5.624941725e-02,0
2.175184757,5.626100594e-02,5.626100594e-02,0
2.178252719,5.627269357e-02,5.627269357e-02,0
2.181320680,5.628447809e-02,5.628447809e-02,0
2.184388642,5.629635742e-02,5.629635742e-02,0
2.187456604,5.630832944e-02,5.630832944e-02,0
2.190524565,5.632039204e-02,5.632039204e-02,0
2.193592527,5.633254307e-02,5.633254307e-02,0
2.196660488,5.634478035e-02,5.634478035e-02,0
2.199728450,5.635710170e-02,5.635710170e-02,0
2.202796411,5.636950492e-02,5.636950492e-02,0
2.205864373,5.638198776e-02,5.638198776e-02,0
2.208932335,5.639454798e-02,5.639454798e-02,0
2.212000296,5.640718331e-02,5.640718331e-02,0
2.215068258,5.641989146e-02,5.641989146e-02,0
2.218136219,5.643267012e-02,5.643267012e-02,0
2.221204181,5.644551696e-02,5.644551696e-02,0
2.224272142,5.645842963e-02,5.645842963e-02,0
2.227340104,5.647140578e-02,5.647140578e-02,0
2.230408066,5.648444301e-02,5.648444301e-02,0
2.233476027,5.649753892e-02,5.649753892e-02,0
2.236543989,5.651069110e-02,5.651069110e-02,0
2.239611950,5.652389711e-02,5.652389711e-02,0
2.242679912,5.653715449e-02,5.653715449e-02,0
2.245747873,5.655046077e-02,5.655046077e-02,0
2.248815835,5.656381347e-02,5.656381347e-02,0
2.251883797,5.657721008e-02,5.657721008e-02,0
2.254951758,5.659064809e-02,5.659064809e-02,0
2.258019720,5.660412495e-02,5.660412495e-02,0
2.261087681,5.661763812e-02,5.661763812e-02,0
2.264155643,5.663118504e-02,5.663118504e-02,0
2.267223604,5.664476311e-02,5.664476311e-02,0
2.270291566,5.665836975e-02,5.665836975e-02,0
2.273359528,5.667200234e-02,5.667200234e-02,0
2.276427489,5.668565826e-02,5.668565826e-02,0
2.279495451,5.669933488e-02,5.669933488e-02,0
2.282563412,5.671302954e-02,5.671302954e-02,0
2.285631374,5.672673957e-02,5.672673957e-02,0
2.288699336,5.674046231e-02,5.674046231e-02,0
2.291767297,5.675419506e-02,5.675419506e-02,0
2.294835259,5.676793512e-02,5.676793512e-02,0
2.297903220,5.678167977e-02,5.678167977e-02,0
2.300971182,5.679542629e-02,5.679542629e-02,0
2.304039143,5.680917194e-02,5.680917194e-02,0
2.307107105,5.682291397e-02,5.682291397e-02,0
2.310175067,5.683664963e-02,5.683664963e-02,0
2.313243028,5.685037613e-02,5.685037613e-02,0
2.316310990,5.686409070e-02,5.686409070e-02,0
2.319378951,5.687779056e-02,5.687779056e-02,0
2.322446913,5.689147289e-02,5.689147289e-02,0
2.325514874,5.690513488e-02,5.690513488e-02,0
2.328582836,5.691877373e-02,5.691877373e-02,0
2.331650798,5.693238659e-02,5.693238659e-02,0
2.334718759,5.694597063e-02,5.694597063e-02,0
2.337786721,5.695952301e-02,5.695952301e-02,0
2.340854682,5.697304087e-02,5.697304087e-02,0
2.343922644,5.698652135e-02,5.698652135e-02,0
2.346990605,5.699996158e-02,5.699996158e-02,0
2.350058567,5.701335867e-02,5.701335867e-02,0
2.353126529,5.702670976e-02,5.702670976e-02,0
2.356194490,5.704001194e-02,5.704001194e-02,0
2.359262452,5.705326232e-02,5.705326232e-02,0
2.362330413,5.706645799e-02,5.706645799e-02,0
2.365398375,5.707959605e-02,5.707959605e-02,0
2.368466336,5.709267357e-02,5.709267357e-02,0
2.371534298,5.710568765e-02,5.710568765e-02,0
2.374602260,5.711863534e-02,5.711863534e-02,0
2.377670221,5.713151373e-02,5.713151373e-02,0
2.380738183,5.714431986e-02,5.714431986e-02,0
2.383806144,5.715705082e-02,5.715705082e-02,0
2.386874106,5.716970363e-02,5.716970363e-02,0
2.389942068,5.718227537e-02,5.718227537e-02,0
2.393010029,5.719476308e-02,5.719476308e-02,0
2.396077991,5.720716380e-02,5.720716380e-02,0
2.399145952,5.721947457e-02,5.721947457e-02,0
2.402213914,5.723169244e-02,5.723169244e-02,0
2.405281875,5.724381443e-02,5.724381443e-02,0
2.408349837,5.725583758e-02,5.725583758e-02,0
2.411417799,5.726775892e-02,5.726775892e-02,0
2.414485760,5.727957549e-02,5.727957549e-02,0
2.417553722,5.729128430e-02,5.729128430e-02,0
2.420621683,5.730288239e-02,5.730288239e-02,0
2.423689645,5.731436678e-02,5.731436678e-02,0
2.426757606,5.732573449e-02,5.732573449e-02,0
2.429825568,5.733698256e-02,5.733698256e-02,0
2.432893530,5.734810799e-02,5.734810799e-02,0
2.435961491,5.735910782e-02,5.735910782e-02,0
2.439029453,5.736997907e-02,5.736997907e-02,0
2.442097414,5.738071875e-02,5.738071875e-02,0
2.445165376,5.739132391e-02,5.739132391e-02,0
2.448233337,5.740179155e-02,5.740179155e-02,0
2.451301299,5.741211871e-02,5.741211871e-02,0
2.454369261,5.742230241e-02,5.742230241e-02,0
2.457437222,5.743233968e-02,5.743233968e-02,0
2.460505184,5.744222756e-02,5.744222756e-02,0
2.463573145,5.745196306e-02,5.745196306e-02,0
2.466641107,5.746154324e-02,5.746154324e-02,0
2.469709068,5.747096511e-02,5.747096511e-02,0
2.472777030,5.748022574e-02,5.748022574e-02,0
2.475844992,5.748932214e-02,5.748932214e-02,0
2.478912953,5.749825138e-02,5.749825138e-02,0
2.481980915,5.750701049e-02,5.750701049e-02,0
2.485048876,5.751559654e-02,5.751559654e-02,0
2.488116838,5.752400657e-02,5.752400657e-02,0
2.491184800,5.753223764e-02,5.753223764e-02,0
2.494252761,5.754028682e-02,5.754028682e-02,0
2.497320723,5.754815118e-02,5.754815118e-02,0
2.500388684,5.755582778e-02,5.755582778e-02,0
2.503456646,5.756331371e-02,5.756331371e-02,0
2.506524607,5.757060605e-02,5.757060605e-02,0
2.509592569,5.757770187e-02,5.757770187e-02,0
2.512660531,5.758459828e-02,5.758459828e-02,0
2.515728492,5.759129238e-02,5.759129238e-02,0
2.518796454,5.759778125e-02,5.759778125e-02,0
2.521864415,5.760406203e-02,5.760406203e-02,0
2.524932377,5.761013181e-02,5.761013181e-02,0
2.528000338,5.761598772e-02,5.761598772e-02,0
2.531068300,5.762162689e-02,5.762162689e-02,0
2.534136262,5.762704646e-02,5.762704646e-02,0
2.537204223,5.763224356e-02,5.763224356e-02,0
2.540272185,5.763721535e-02,5.763721535e-02,0
2.543340146,5.764195897e-02,5.764195897e-02,0
2.546408108,5.764647160e-02,5.764647160e-02,0
2.549476069,5.765075040e-02,5.765075040e-02,0
2.552544031,5.765479256e-02,5.765479256e-02,0
2.555611993,5.765859525e-02,5.765859525e-02,0
2.558679954,5.766215567e-02,5.766215567e-02,0
2.561747916,5.766547104e-02,5.766547104e-02,0
2.564815877,5.766853854e-02,5.766853854e-02,0
2.567883839,5.767135542e-02,5.767135542e-02,0
2.570951800,5.767391888e-02,5.767391888e-02,0
2.574019762,5.767622618e-02,5.767622618e-02,0
2.577087724,5.767827456e-02,5.767827456e-02,0
2.580155685,5.768006128e-02,5.768006128e-02,0
2.583223647,5.768158359e-02,5.768158359e-02,0
2.586291608,5.768283878e-02,5.768283878e-02,0
2.589359570,5.768382413e-02,5.768382413e-02,0
2.592427532,5.768453694e-02,5.768453694e-02,0
2.595495493,5.768497450e-02,5.768497450e-02,0
2.598563455,5.768513414e-02,5.768513414e-02,0
2.601631416,5.768501317e-02,5.768501317e-02,0
2.604699378,5.768460894e-02,5.768460894e-02,0
2.607767339,5.768391879e-02,5.768391879e-02,0
2.610835301,5.768294008e-02,5.768294008e-02,0
2.613903263,5.768167017e-02,5.768167017e-02,0
2.616971224,5.768010645e-02,5.768010645e-02,0
2.620039186,5.767824631e-02,5.767824631e-02,0
2.623107147,5.767608714e-02,5.767608714e-02,0
2.626175109,5.767362636e-02,5.767362636e-02,0
2.629243070,5.767086140e-02,5.767086140e-02,0
2.632311032,5.766778969e-02,5.766778969e-02,0
2.635378994,5.766440869e-02,5.766440869e-02,0
2.638446955,5.766071584e-02,5.766071584e-02,0
2.641514917,5.765670863e-02,5.765670863e-02,0
2.644582878,5.765238454e-02,5.765238454e-02,0
2.647650840,5.764774107e-02,5.764774107e-02,0
2.650718801,5.764277573e-02,5.764277573e-02,0
2.653786763,5.763748603e-02,5.763748603e-02,0
2.656854725,5.763186953e-02,5.763186953e-02,0
2.659922686,5.762592376e-02,5.762592376e-02,0
2.662990648,5.761964629e-02,5.761964629e-02,0
2.666058609,5.761303469e-02,5.761303469e-02,0
2.669126571,5.760608655e-02,5.760608655e-02,0
2.672194532,5.759879948e-02,5.759879948e-02,0
2.675262494,5.759117108e-02,5.759117108e-02,0
2.678330456,5.758319899e-02,5.758319899e-02,0
2.681398417,5.757488085e-02,5.757488085e-02,0
2.684466379,5.756621432e-02,5.756621432e-02,0
2.687534340,5.755719706e-02,5.755719706e-02,0
2.690602302,5.754782677e-02,5.754782677e-02,0
2.693670264,5.753810113e-02,5.753810113e-02,0
2.696738225,5.752801787e-02,5.752801787e-02,0
2.699806187,5.751757471e-02,5.751757471e-02,0
2.702874148,5.750676940e-02,5.750676940e-02,0
2.705942110,5.749559968e-02,5.749559968e-02,0
2.709010071,5.748406334e-02,5.748406334e-02,0
2.712078033,5.747215815e-02,5.747215815e-02,0
2.715145995,5.745988192e-02,5.745988192e-02,0
2.718213956,5.744723247e-02,5.744723247e-02,0
2.721281918,5.743420762e-02,5.743420762e-02,0
2.724349879,5.742080523e-02,5.742080523e-02,0
2.727417841,5.740702315e-02,5.740702315e-02,0
2.730485802,5.739285926e-02,5.739285926e-02,0
2.733553764,5.737831146e-02,5.737831146e-02,0
2.736621726,5.736337765e-02,5.736337765e-02,0
2.739689687,5.734805576e-02,5.734805576e-02,0
2.742757649,5.733234372e-02,5.733234372e-02,0
2.745825610,5.731623950e-02,5.731623950e-02,0
2.748893572,5.729974106e-02,5.729974106e-02,0
2.751961533,5.728284639e-02,5.728284639e-02,0
2.755029495,5.726555349e-02,5.726555349e-02,0
2.758097457,5.724786039e-02,5.724786039e-02,0
2.761165418,5.722976512e-02,5.722976512e-02,0
2.764233380,5.721126573e-02,5.721126573e-02,0
2.767301341,5.719236029e-02,5.719236029e-02,0
2.770369303,5.717304689e-02,5.717304689e-02,0
2.773437264,5.715332363e-02,5.715332363e-02,0
2.776505226,5.713318862e-02,5.713318862e-02,0
2.779573188,5.711264000e-02,5.711264000e-02,0
2.782641149,5.709167593e-02,5.709167593e-02,0
2.785709111,5.707029457e-02,5.707029457e-02,0
2.788777072,5.704849411e-02,5.704849411e-02,0
2.791845034,5.702627274e-02,5.702627274e-02,0
2.794912996,5.700362870e-02,5.700362870e-02,0
2.797980957,5.698056022e-02,5.698056022e-02,0
2.801048919,5.695706554e-02,5.695706554e-02,0
2.804116880,5.693314295e-02,5.693314295e-02,0
2.807184842,5.690879073e-02,5.690879073e-02,0
2.810252803,5.688400719e-02,5.688400719e-02,0
2.813320765,5.685879065e-02,5.685879065e-02,0
2.816388727,5.683313945e-02,5.683313945e-02,0
2.819456688,5.680705195e-02,5.680705195e-02,0
2.822524650,5.678052653e-02,5.678052653e-02,0
2.825592611,5.675356158e-02,5.675356158e-02,0
2.828660573,5.672615551e-02,5.672615551e-02,0
2.831728534,5.669830676e-02,5.669830676e-02,0
2.834796496,5.667001376e-02,5.667001376e-02,0
2.837864458,5.664127499e-02,5.664127499e-02,0
2.840932419,5.661208894e-02,5.661208894e-02,0
2.844000381,5.658245409e-02,5.658245409e-02,0
2.847068342,5.655236898e-02,5.655236898e-02,0
2.850136304,5.652183213e-02,5.652183213e-02,0
2.853204265,5.649084211e-02,5.649084211e-02,0
2.856272227,5.645939749e-02,5.645939749e-02,0
2.859340189,5.642749686e-02,5.642749686e-02,0
2.862408150,5.639513884e-02,5.639513884e-02,0
2.865476112,5.636232204e-02,5.636232204e-02,0
2.868544073,5.632904513e-02,5.632904513e-02,0
2.871612035,5.629530677e-02,5.629530677e-02,0
2.874679996,5.626110564e-02,5.626110564e-02,0
2.877747958,5.622644045e-02,5.622644045e-02,0
2.880815920,5.619130992e-02,5.619130992e-02,0
2.883883881,5.615571279e-02,5.615571279e-02,0
2.886951843,5.611964782e-02,5.611964782e-02,0
2.890019804,5.608311378e-02,5.608311378e-02,0
2.893087766,5.604610949e-02,5.604610949e-02,0
2.896155728,5.600863375e-02,5.600863375e-02,0
2.899223689,5.597068540e-02,5.597068540e-02,0
2.902291651,5.593226329e-02,5.593226329e-02,0
2.905359612,5.589336630e-02,5.589336630e-02,0
2.908427574,5.585399332e-02,5.585399332e-02,0
2.911495535,5.581414326e-02,5.581414326e-02,0
2.914563497,5.577381506e-02,5.577381506e-02,0
2.917631459,5.573300765e-02,5.573300765e-02,0
2.920699420,5.569172002e-02,5.569172002e-02,0
2.923767382,5.564995115e-02,5.564995115e-02,0
2.926835343,5.560770005e-02,5.560770005e-02,0
2.929903305,5.556496574e-02,5.556496574e-02,0
2.932971266,5.552174727e-02,5.552174727e-02,0
2.936039228,5.547804372e-02,5.547804372e-02,0
2.939107190,5.543385415e-02,5.543385415e-02,0
2.942175151,5.538917769e-02,5.538917769e-02,0
2.945243113,5.534401344e-02,5.534401344e-02,0
2.948311074,5.529836057e-02,5.529836057e-02,0
2.951379036,5.525221823e-02,5.525221823e-02,0
2.954446997,5.520558560e-02,5.520558560e-02,0
2.957514959,5.515846188e-02,5.515846188e-02,0
2.960582921,5.511084631e-02,5.511084631e-02,0
2.963650882,5.506273812e-02,5.506273812e-02,0
2.966718844,5.501413657e-02,5.501413657e-02,0
2.969786805,5.496504095e-02,5.496504095e-02,0
2.972854767,5.491545056e-02,5.491545056e-02,0
2.975922728,5.486536471e-02,5.486536471e-02,0
2.978990690,5.481478276e-02,5.481478276e-02,0
2.982058652,5.476370406e-02,5.476370406e-02,0
2.985126613,5.471212800e-02,5.471212800e-02,0
2.988194575,5.466005397e-02,5.466005397e-02,0
2.991262536,5.460748140e-02,5.460748140e-02,0
2.994330498,5.455440972e-02,5.455440972e-02,0
2.997398460,5.450083841e-02,5.450083841e-02,0
3.000466421,5.444676694e-02,5.444676694e-02,0
3.003534383,5.439219481e-02,5.439219481e-02,0
3.006602344,5.433712154e-02,5.433712154e-02,0
3.009670306,5.428154669e-02,5.428154669e-02,0
3.012738267,5.422546980e-02,5.422546980e-02,0
3.015806229,5.416889047e-02,5.416889047e-02,0
3.018874191,5.411180829e-02,5.411180829e-02,0
3.021942152,5.405422289e-02,5.405422289e-02,0
3.025010114,5.399613391e-02,5.399613391e-02,0
3.028078075,5.393754102e-02,5.393754102e-02,0
3.031146037,5.387844390e-02,5.387844390e-02,0
3.034213998,5.381884226e-02,5.381884226e-02,0
3.037281960,5.375873581e-02,5.375873581e-02,0
3.040349922,5.369812431e-02,5.369812431e-02,0
3.043417883,5.363700753e-02,5.363700753e-02,0
3.046485845,5.357538524e-02,5.357538524e-02,0
3.049553806,5.351325725e-02,5.351325725e-02,0
3.052621768,5.345062340e-02,5.345062340e-02,0
3.055689729,5.338748353e-02,5.338748353e-02,0
3.058757691,5.332383752e-02,5.332383752e-02,0
3.061825653,5.325968524e-02,5.325968524e-02,0
3.064893614,5.319502661e-02,5.319502661e-02,0
3.067961576,5.312986157e-02,5.312986157e-02,0
3.071029537,5.306419006e-02,5.306419006e-02,0
3.074097499,5.299801205e-02,5.299801205e-02,0
3.077165460,5.293132755e-02,5.293132755e-02,0
3.080233422,5.286413655e-02,5.286413655e-02,0
3.083301384,5.279643911e-02,5.279643911e-02,0
3.086369345,5.272823527e-02,5.272823527e-02,0
3.089437307,5.265952511e-02,5.265952511e-02,0
3.092505268,5.259030873e-02,5.259030873e-02,0
3.095573230,5.252058625e-02,5.252058625e-02,0
3.098641192,5.245035780e-02,5.245035780e-02,0
3.101709153,5.237962356e-02,5.237962356e-02,0
3.104777115,5.230838369e-02,5.230838369e-02,0
3.107845076,5.223663840e-02,5.223663840e-02,0
3.110913038,5.216438792e-02,5.216438792e-02,0
3.113980999,5.209163249e-02,5.209163249e-02,0
3.117048961,5.201837238e-02,5.201837238e-02,0
3.120116923,5.194460787e-02,5.194460787e-02,0
3.123184884,5.187033927e-02,5.187033927e-02,0
3.126252846,5.179556692e-02,5.179556692e-02,0
3.129320807,5.172029116e-02,5.172029116e-02,0
3.132388769,5.164451236e-02,5.164451236e-02,0
3.135456730,5.156823092e-02,5.156823092e-02,0
3.138524692,5.149144726e-02,5.149144726e-02,0
3.141592654,5.141416181e-02,5.141416181e-02,0
3.144660615,5.133637503e-02,5.133637503e-02,0
3.147728577,5.125808739e-02,5.125808739e-02,0
3.150796538,5.117929940e-02,5.117929940e-02,0
3.153864500,5.110001159e-02,5.110001159e-02,0
3.156932461,5.102022449e-02,5.102022449e-02,0
3.160000423,5.093993866e-02,5.093993866e-02,0
3.163068385,5.085915471e-02,5.085915471e-02,0
3.166136346,5.077787322e-02,5.077787322e-02,0
3.169204308,5.069609485e-02,5.069609485e-02,0
3.172272269,5.061382023e-02,5.061382023e-02,0
3.175340231,5.053105004e-02,5.053105004e-02,0
3.178408192,5.044778498e-02,5.044778498e-02,0
3.181476154,5.036402577e-02,5.036402577e-02,0
3.184544116,5.027977314e-02,5.027977314e-02,0
3.187612077,5.019502785e-02,5.019502785e-02,0
3.190680039,5.010979069e-02,5.010979069e-02,0
3.193748000,5.002406247e-02,5.002406247e-02,0
3.196815962,4.993784400e-02,4.993784400e-02,0
3.199883924,4.985113615e-02,4.985113615e-02,0
3.202951885,4.976393978e-02,4.976393978e-02,0
3.206019847,4.967625578e-02,4.967625578e-02,0
3.209087808,4.958808507e-02,4.958808507e-02,0
3.212155770,4.949942859e-02,4.949942859e-02,0
3.215223731,4.941028730e-02,4.941028730e-02,0
3.218291693,4.932066218e-02,4.932066218e-02,0
3.221359655,4.923055424e-02,4.923055424e-02,0
3.224427616,4.913996450e-02,4.913996450e-02,0
3.227495578,4.904889402e-02,4.904889402e-02,0
3.230563539,4.895734386e-02,4.895734386e-02,0
3.233631501,4.886531512e-02,4.886531512e-02,0
3.236699462,4.877280892e-02,4.877280892e-02,0
3.239767424,4.867982640e-02,4.867982640e-02,0
3.242835386,4.858636873e-02,4.858636873e-02,0
3.245903347,4.849243708e-02,4.849243708e-02,0
3.248971309,4.839803267e-02,4.839803267e-02,0
3.252039270,4.830315673e-02,4.830315673e-02,0
3.255107232,4.820781051e-02,4.820781051e-02,0
3.258175193,4.811199529e-02,4.811199529e-02,0
3.261243155,4.801571238e-02,4.801571238e-02,0
3.264311117,4.791896309e-02,4.791896309e-02,0
3.267379078,4.782174877e-02,4.782174877e-02,0
3.270447040,4.772407080e-02,4.772407080e-02,0
3.273515001,4.762593056e-02,4.762593056e-02,0
3.276582963,4.752732948e-02,4.752732948e-02,0
3.279650924,4.742826900e-02,4.742826900e-02,0
3.282718886,4.732875057e-02,4.732875057e-02,0
3.285786848,4.722877569e-02,4.722877569e-02,0
3.288854809,4.712834587e-02,4.712834587e-02,0
3.291922771,4.702746264e-02,4.702746264e-02,0
3.294990732,4.692612757e-02,4.692612757e-02,0
3.298058694,4.682434223e-02,4.682434223e-02,0
3.301126656,4.672210824e-02,4.672210824e-02,0
3.304194617,4.661942722e-02,4.661942722e-02,0
3.307262579,4.651630083e-02,4.651630083e-02,0
3.310330540,4.641273076e-02,4.641273076e-02,0
3.313398502,4.630871869e-02,4.630871869e-02,0
3.316466463,4.620426637e-02,4.620426637e-02,0
3.319534425,4.609937555e-02,4.609937555e-02,0
3.322602387,4.599404800e-02,4.599404800e-02,0
3.325670348,4.588828553e-02,4.588828553e-02,0
3.328738310,4.578208996e-02,4.578208996e-02,0
3.331806271,4.567546314e-02,4.567546314e-02,0
3.334874233,4.556840696e-02,4.556840696e-02,0
3.337942194,4.546092332e-02,4.546092332e-02,0
3.341010156,4.535301414e-02,4.535301414e-02,0
3.344078118,4.524468137e-02,4.524468137e-02,0
3.347146079,4.513592700e-02,4.513592700e-02,0
3.350214041,4.502675303e-02,4.502675303e-02,0
3.353282002,4.491716149e-02,4.491716149e-02,0
3.356349964,4.480715443e-02,4.480715443e-02,0
3.359417925,4.469673394e-02,4.469673394e-02,0
3.362485887,4.458590213e-02,4.458590213e-02,0
3.365553849,4.447466112e-02,4.447466112e-02,0
3.368621810,4.436301308e-02,4.436301308e-02,0
3.371689772,4.425096019e-02,4.425096019e-02,0
3.374757733,4.413850468e-02,4.413850468e-02,0
3.377825695,4.402564877e-02,4.402564877e-02,0
3.380893656,4.391239473e-02,4.391239473e-02,0
3.383961618,4.379874487e-02,4.379874487e-02,0
3.387029580,4.368470150e-02,4.368470150e-02,0
3.390097541,4.357026696e-02,4.357026696e-02,0
3.393165503,4.345544364e-02,4.345544364e-02,0
3.396233464,4.334023394e-02,4.334023394e-02,0
3.399301426,4.322464030e-02,4.322464030e-02,0
3.402369388,4.310866516e-02,4.310866516e-02,0
3.405437349,4.299231101e-02,4.299231101e-02,0
3.408505311,4.287558039e-02,4.287558039e-02,0
3.411573272,4.275847582e-02,4.275847582e-02,0
3.414641234,4.264099988e-02,4.264099988e-02,0
3.417709195,4.252315517e-02,4.252315517e-02,0
3.420777157,4.240494433e-02,4.240494433e-02,0
3.423845119,4.228637002e-02,4.228637002e-02,0
3.426913080,4.216743492e-02,4.216743492e-02,0
3.429981042,4.204814176e-02,4.204814176e-02,0
3.433049003,4.192849328e-02,4.192849328e-02,0
3.436116965,4.180849227e-02,4.180849227e-02,0
3.439184926,4.168814153e-02,4.168814153e-02,0
3.442252888,4.156744390e-02,4.156744390e-02,0
3.445320850,4.144640227e-02,4.144640227e-02,0
3.448388811,4.132501952e-02,4.132501952e-02,0
3.451456773,4.120329859e-02,4.120329859e-02,0
3.454524734,4.108124245e-02,4.108124245e-02,0
3.457592696,4.095885410e-02,4.095885410e-02,0
3.460660657,4.083613655e-02,4.083613655e-02,0
3.463728619,4.071309289e-02,4.071309289e-02,0
3.466796581,4.058972619e-02,4.058972619e-02,0
3.469864542,4.046603958e-02,4.046603958e-02,0
3.472932504,4.034203622e-02,4.034203622e-02,0
3.476000465,4.021771932e-02,4.021771932e-02,0
3.479068427,4.009309208e-02,4.009309208e-02,0
3.482136389,3.996815778e-02,3.996815778e-02,0
3.485204350,3.984291971e-02,3.984291971e-02,0
3.488272312,3.971738119e-02,3.971738119e-02,0
3.491340273,3.959154559e-02,3.959154559e-02,0
3.494408235,3.946541631e-02,3.946541631e-02,0
3.497476196,3.933899679e-02,3.933899679e-02,0
3.500544158,3.921229049e-02,3.921229049e-02,0
3.503612120,3.908530093e-02,3.908530093e-02,0
3.506680081,3.895803163e-02,3.895803163e-02,0
3.509748043,3.883048620e-02,3.883048620e-02,0
3.512816004,3.870266824e-02,3.870266824e-02,0
3.515883966,3.857458140e-02,3.857458140e-02,0
3.518951927,3.844622939e-02,3.844622939e-02,0
3.522019889,3.831761593e-02,3.831761593e-02,0
3.525087851,3.818874479e-02,3.818874479e-02,0
3.528155812,3.805961979e-02,3.805961979e-02,0
3.531223774,3.793024477e-02,3.793024477e-02,0
3.534291735,3.780062362e-02,3.780062362e-02,0
3.537359697,3.767076027e-02,3.767076027e-02,0
3.540427658,3.754065869e-02,3.754065869e-02,0
3.543495620,3.741032290e-02,3.741032290e-02,0
3.546563582,3.727975695e-02,3.727975695e-02,0
3.549631543,3.714896493e-02,3.714896493e-02,0
3.552699505,3.701795099e-02,3.701795099e-02,0
3.555767466,3.688671931e-02,3.688671931e-02,0
3.558835428,3.675527411e-02,3.675527411e-02,0
3.561903389,3.662361967e-02,3.662361967e-02,0
3.564971351,3.649176030e-02,3.649176030e-02,0
3.568039313,3.635970036e-02,3.635970036e-02,0
3.571107274,3.622744425e-02,3.622744425e-02,0
3.574175236,3.609499645e-02,3.609499645e-02,0
3.577243197,3.596236143e-02,3.596236143e-02,0
3.580311159,3.582954376e-02,3.582954376e-02,0
3.583379121,3.569654802e-02,3.569654802e-02,0
3.586447082,3.556337887e-02,3.556337887e-02,0
3.589515044,3.543004100e-02,3.543004100e-02,0
3.592583005,3.529653915e-02,3.529653915e-02,0
3.595650967,3.516287812e-02,3.516287812e-02,0
3.598718928,3.502906276e-02,3.502906276e-02,0
3.601786890,3.489509796e-02,3.489509796e-02,0
3.604854852,3.476098869e-02,3.476098869e-02,0
3.607922813,3.462673993e-02,3.462673993e-02,0
3.610990775,3.449235676e-02,3.449235676e-02,0
3.614058736,3.435784429e-02,3.435784429e-02,0
3.617126698,3.422320769e-02,3.422320769e-02,0
3.620194659,3.408845219e-02,3.408845219e-02,0
3.623262621,3.395358306e-02,3.395358306e-02,0
3.626330583,3.381860566e-02,3.381860566e-02,0
3.629398544,3.368352537e-02,3.368352537e-02,0
3.632466506,3.354834767e-02,3.354834767e-02,0
3.635534467,3.341307807e-02,3.341307807e-02,0
3.638602429,3.327772216e-02,3.327772216e-02,0
3.641670390,3.314228557e-02,3.314228557e-02,0
3.644738352,3.300677402e-02,3.300677402e-02,0
3.647806314,3.287119327e-02,3.287119327e-02,0
3.650874275,3.273554917e-02,3.273554917e-02,0
3.653942237,3.259984760e-02,3.259984760e-02,0
3.657010198,3.246409455e-02,3.246409455e-02,0
3.660078160,3.232829605e-02,3.232829605e-02,0
3.663146121,3.219245819e-02,3.219245819e-02,0
3.666214083,3.205658715e-02,3.205658715e-02,0
3.669282045,3.192068919e-02,3.192068919e-02,0
3.672350006,3.178477061e-02,3.178477061e-02,0
3.675417968,3.164883780e-02,3.164883780e-02,0
3.678485929,3.151289722e-02,3.151289722e-02,0
3.681553891,3.137695542e-02,3.137695542e-02,0
3.684621853,3.124101900e-02,3.124101900e-02,0
3.687689814,3.110509465e-02,3.110509465e-02,0
3.690757776,3.096918915e-02,3.096918915e-02,0
3.693825737,3.083330933e-02,3.083330933e-02,0
3.696893699,3.069746214e-02,3.069746214e-02,0
3.699961660,3.056165457e-02,3.056165457e-02,0
3.703029622,3.042589373e-02,3.042589373e-02,0
3.706097584,3.029018678e-02,3.029018678e-02,0
3.709165545,3.015454099e-02,3.015454099e-02,0
3.712233507,3.001896371e-02,3.001896371e-02,0
3.715301468,2.988346238e-02,2.988346238e-02,0
3.718369430,2.974804451e-02,2.974804451e-02,0
3.721437391,2.961271774e-02,2.961271774e-02,0
3.724505353,2.947748975e-02,2.947748975e-02,0
3.727573315,2.934236837e-02,2.934236837e-02,0
3.730641276,2.920736148e-02,2.920736148e-02,0
3.733709238,2.907247707e-02,2.907247707e-02,0
3.736777199,2.893772323e-02,2.893772323e-02,0
3.739845161,2.880310816e-02,2.880310816e-02,0
3.742913122,2.866864014e-02,2.866864014e-02,0
3.745981084,2.853432755e-02,2.853432755e-02,0
3.749049046,2.840017890e-02,2.840017890e-02,0
3.752117007,2.826620277e-02,2.826620277e-02,0
3.755184969,2.813240787e-02,2.813240787e-02,0
3.758252930,2.799880301e-02,2.799880301e-02,0
3.761320892,2.786539711e-02,2.786539711e-02,0
3.764388853,2.773219921e-02,2.773219921e-02,0
3.767456815,2.759921843e-02,2.759921843e-02,0
3.770524777,2.746646403e-02,2.746646403e-02,0
3.773592738,2.733394539e-02,2.733394539e-02,0
3.776660700,2.720167198e-02,2.720167198e-02,0
3.779728661,2.706965342e-02,2.706965342e-02,0
3.782796623,2.693789942e-02,2.693789942e-02,0
3.785864585,2.680641983e-02,2.680641983e-02,0
3.788932546,2.667522462e-02,2.667522462e-02,0
3.792000508,2.654432387e-02,2.654432387e-02,0
3.795068469,2.641372780e-02,2.641372780e-02,0
3.798136431,2.628344675e-02,2.628344675e-02,0
3.801204392,2.615349120e-02,2.615349120e-02,0
3.804272354,2.602387173e-02,2.602387173e-02,0
3.807340316,2.589459909e-02,2.589459909e-02,0
3.810408277,2.576568414e-02,2.576568414e-02,0
3.813476239,2.563713787e-02,2.563713787e-02,0
3.816544200,2.550897142e-02,2.550897142e-02,0
3.819612162,2.538119606e-02,2.538119606e-02,0
3.822680123,2.525382319e-02,2.525382319e-02,0
3.825748085,2.512686437e-02,2.512686437e-02,0
3.828816047,2.500033127e-02,2.509730631e-02,1
3.831884008,2.487423574e-02,2.509730631e-02,1
3.834951970,2.474858973e-02,2.509730631e-02,1
3.838019931,2.462340536e-02,2.509730631e-02,1
3.841087893,2.449869490e-02,2.509730631e-02,1
3.844155854,2.437447075e-02,2.509730631e-02,1
3.847223816,2.425074546e-02,2.509730631e-02,1
3.850291778,2.412753174e-02,2.509730631e-02,1
3.853359739,2.400484242e-02,2.509730631e-02,1
3.856427701,2.388269050e-02,2.509730631e-02,1
3.859495662,2.376108913e-02,2.509730631e-02,1
3.862563624,2.364005160e-02,2.509730631e-02,1
3.865631585,2.351959136e-02,2.509730631e-02,1
3.868699547,2.339972200e-02,2.509730631e-02,1
3.871767509,2.328045727e-02,2.509730631e-02,1
3.874835470,2.316181105e-02,2.509730631e-02,1
3.877903432,2.304379740e-02,2.509730631e-02,1
3.880971393,2.292643051e-02,2.509730631e-02,1
3.884039355,2.280972472e-02,2.509730631e-02,1
3.887107317,2.269369452e-02,2.509730631e-02,1
3.890175278,2.257835456e-02,2.509730631e-02,1
3.893243240,2.246371961e-02,2.509730631e-02,1
3.896311201,2.234980461e-02,2.509730631e-02,1
3.899379163,2.223662463e-02,2.509730631e-02,1
3.902447124,2.212419490e-02,2.509730631e-02,1
3.905515086,2.201253076e-02,2.509730631e-02,1
3.908583048,2.190164772e-02,2.509730631e-02,1
3.911651009,2.179156141e-02,2.509730631e-02,1
3.914718971,2.168228760e-02,2.509730631e-02,1
3.917786932,2.157384218e-02,2.509730631e-02,1
3.920854894,2.146624118e-02,2.509730631e-02,1
3.923922855,2.135950075e-02,2.509730631e-02,1
3.926990817,2.125363717e-02,2.509730631e-02,1
3.930058779,2.114866681e-02,2.509730631e-02,1
3.933126740,2.104460619e-02,2.509730631e-02,1
3.936194702,2.094147192e-02,2.509730631e-02,1
3.939262663,2.083928070e-02,2.509730631e-02,1
3.942330625,2.073804936e-02,2.509730631e-02,1
3.945398586,2.063779478e-02,2.509730631e-02,1
3.948466548,2.053853398e-02,2.509730631e-02,1
3.951534510,2.044028401e-02,2.509730631e-02,1
3.954602471,2.034306202e-02,2.509730631e-02,1
3.957670433,2.024688524e-02,2.509730631e-02,1
3.960738394,2.015177092e-02,2.509730631e-02,1
3.963806356,2.005773639e-02,2.509730631e-02,1
3.966874317,1.996479902e-02,2.509730631e-02,1
3.969942279,1.987297621e-02,2.509730631e-02,1
3.973010241,1.978228538e-02,2.509730631e-02,1
3.976078202,1.969274399e-02,2.509730631e-02,1
3.979146164,1.960436946e-02,2.509730631e-02,1
3.982214125,1.951717926e-02,2.509730631e-02,1
3.985282087,1.943119081e-02,2.509730631e-02,1
3.988350049,1.934642150e-02,2.509730631e-02,1
3.991418010,1.926288871e-02,2.509730631e-02,1
3.994485972,1.918060974e-02,2.509730631e-02,1
3.997553933,1.909960185e-02,2.509730631e-02,1
4.000621895,1.901988221e-02,2.509730631e-02,1
4.003689856,1.894146792e-02,2.509730631e-02,1
4.006757818,1.886437594e-02,2.509730631e-02,1
4.009825780,1.878862315e-02,2.509730631e-02,1
4.012893741,1.871422629e-02,2.509730631e-02,1
4.015961703,1.864120193e-02,2.509730631e-02,1
4.019029664,1.856956652e-02,2.509730631e-02,1
4.022097626,1.849933631e-02,2.509730631e-02,1
4.025165587,1.843052734e-02,2.509730631e-02,1
4.028233549,1.836315548e-02,2.509730631e-02,1
4.031301511,1.829723634e-02,2.509730631e-02,1
4.034369472,1.823278532e-02,2.509730631e-02,1
4.037437434,1.816981753e-02,2.509730631e-02,1
4.040505395,1.810834784e-02,2.509730631e-02,1
4.043573357,1.804839078e-02,2.509730631e-02,1
4.046641318,1.798996063e-02,2.509730631e-02,1
4.049709280,1.793307130e-02,2.509730631e-02,1
4.052777242,1.787773637e-02,2.509730631e-02,1
4.055845203,1.782396905e-02,2.509730631e-02,1
4.058913165,1.777178220e-02,2.509730631e-02,1
4.061981126,1.772118825e-02,2.509730631e-02,1
4.065049088,1.767219925e-02,2.509730631e-02,1
4.068117049,1.762482678e-02,2.509730631e-02,1
4.071185011,1.757908203e-02,2.509730631e-02,1
4.074252973,1.753497568e-02,2.509730631e-02,1
4.077320934,1.749251795e-02,2.509730631e-02,1
4.080388896,1.745171858e-02,2.509730631e-02,1
4.083456857,1.741258679e-02,2.509730631e-02,1
4.086524819,1.737513127e-02,2.509730631e-02,1
4.089592781,1.733936019e-02,2.509730631e-02,1
4.092660742,1.730528116e-02,2.509730631e-02,1
4.095728704,1.727290123e-02,2.509730631e-02,1
4.098796665,1.724222688e-02,2.509730631e-02,1
4.101864627,1.721326399e-02,2.509730631e-02,1
4.104932588,1.718601785e-02,2.509730631e-02,1
4.108000550,1.716049314e-02,2.509730631e-02,1
4.111068512,1.713669394e-02,2.509730631e-02,1
4.114136473,1.711462367e-02,2.509730631e-02,1
4.117204435,1.709428515e-02,2.509730631e-02,1
4.120272396,1.707568054e-02,2.509730631e-02,1
4.123340358,1.705881137e-02,2.509730631e-02,1
4.126408319,1.704367851e-02,2.509730631e-02,1
4.129476281,1.703028218e-02,2.509730631e-02,1
4.132544243,1.701862193e-02,2.509730631e-02,1
4.135612204,1.700869667e-02,2.509730631e-02,1
4.138680166,1.700050464e-02,2.509730631e-02,1
4.141748127,1.699404344e-02,2.509730631e-02,1
4.144816089,1.698930998e-02,2.509730631e-02,1
4.147884050,1.698630054e-02,2.509730631e-02,1
4.150952012,1.698501074e-02,2.509730631e-02,1
4.154019974,1.698543555e-02,2.509730631e-02,1
4.157087935,1.698756930e-02,2.509730631e-02,1
4.160155897,1.699140568e-02,2.509730631e-02,1
4.163223858,1.699693776e-02,2.509730631e-02,1
4.166291820,1.700415797e-02,2.509730631e-02,1
4.169359781,1.701305815e-02,2.509730631e-02,1
4.172427743,1.702362952e-02,2.509730631e-02,1
4.175495705,1.703586273e-02,2.509730631e-02,1
4.178563666,1.704974782e-02,2.509730631e-02,1
4.181631628,1.706527429e-02,2.509730631e-02,1
4.184699589,1.708243106e-02,2.509730631e-02,1
4.187767551,1.710120653e-02,2.509730631e-02,1
4.190835513,1.712158857e-02,2.509730631e-02,1
4.193903474,1.714356452e-02,2.509730631e-02,1
4.196971436,1.716712124e-02,2.509730631e-02,1
4.200039397,1.719224510e-02,2.509730631e-02,1
4.203107359,1.721892202e-02,2.509730631e-02,1
4.206175320,1.724713745e-02,2.509730631e-02,1
4.209243282,1.727687642e-02,2.509730631e-02,1
4.212311244,1.730812355e-02,2.509730631e-02,1
4.215379205,1.734086307e-02,2.509730631e-02,1
4.218447167,1.737507880e-02,2.509730631e-02,1
4.221515128,1.741075424e-02,2.509730631e-02,1
4.224583090,1.744787251e-02,2.509730631e-02,1
4.227651051,1.748641644e-02,2.509730631e-02,1
4.230719013,1.752636854e-02,2.509730631e-02,1
4.233786975,1.756771102e-02,2.509730631e-02,1
4.236854936,1.761042584e-02,2.509730631e-02,1
4.239922898,1.765449469e-02,2.509730631e-02,1
4.242990859,1.769989904e-02,2.509730631e-02,1
4.246058821,1.774662013e-02,2.509730631e-02,1
4.249126782,1.779463902e-02,2.509730631e-02,1
4.252194744,1.784393656e-02,2.509730631e-02,1
4.255262706,1.789449347e-02,2.509730631e-02,1
4.258330667,1.794629029e-02,2.509730631e-02,1
4.261398629,1.799930743e-02,2.509730631e-02,1
4.264466590,1.805352522e-02,2.509730631e-02,1
4.267534552,1.810892384e-02,2.509730631e-02,1
4.270602513,1.816548342e-02,2.509730631e-02,1
4.273670475,1.822318401e-02,2.509730631e-02,1
4.276738437,1.828200558e-02,2.509730631e-02,1
4.279806398,1.834192809e-02,2.509730631e-02,1
4.282874360,1.840293147e-02,2.509730631e-02,1
4.285942321,1.846499560e-02,2.509730631e-02,1
4.289010283,1.852810040e-02,2.509730631e-02,1
4.292078245,1.859222577e-02,2.509730631e-02,1
4.295146206,1.865735163e-02,2.509730631e-02,1
4.298214168,1.872345795e-02,2.509730631e-02,1
4.301282129,1.879052474e-02,2.509730631e-02,1
4.304350091,1.885853205e-02,2.509730631e-02,1
4.307418052,1.892746000e-02,2.509730631e-02,1
4.310486014,1.899728877e-02,2.509730631e-02,1
4.313553976,1.906799865e-02,2.509730631e-02,1
4.316621937,1.913957000e-02,2.509730631e-02,1
4.319689899,1.921198327e-02,2.509730631e-02,1
4.322757860,1.928521903e-02,2.509730631e-02,1
4.325825822,1.935925796e-02,2.509730631e-02,1
4.328893783,1.943408085e-02,2.509730631e-02,1
4.331961745,1.950966863e-02,2.509730631e-02,1
4.335029707,1.958600235e-02,2.509730631e-02,1
4.338097668,1.966306320e-02,2.509730631e-02,1
4.341165630,1.974083251e-02,2.509730631e-02,1
4.344233591,1.981929177e-02,2.509730631e-02,1
4.347301553,1.989842260e-02,2.509730631e-02,1
4.350369514,1.997820680e-02,2.509730631e-02,1
4.353437476,2.005862630e-02,2.509730631e-02,1
4.356505438,2.013966322e-02,2.509730631e-02,1
4.359573399,2.022129983e-02,2.509730631e-02,1
4.362641361,2.030351858e-02,2.509730631e-02,1
4.365709322,2.038630208e-02,2.509730631e-02,1
4.368777284,2.046963313e-02,2.509730631e-02,1
4.371845245,2.055349467e-02,2.509730631e-02,1
4.374913207,2.063786986e-02,2.509730631e-02,1
4.377981169,2.072274201e-02,2.509730631e-02,1
4.381049130,2.080809463e-02,2.509730631e-02,1
4.384117092,2.089391139e-02,2.509730631e-02,1
4.387185053,2.098017616e-02,2.509730631e-02,1
4.390253015,2.106687298e-02,2.509730631e-02,1
4.393320977,2.115398609e-02,2.509730631e-02,1
4.396388938,2.124149989e-02,2.509730631e-02,1
4.399456900,2.132939898e-02,2.509730631e-02,1
4.402524861,2.141766813e-02,2.509730631e-02,1
4.405592823,2.150629231e-02,2.509730631e-02,1
4.408660784,2.159525665e-02,2.509730631e-02,1
4.411728746,2.168454650e-02,2.509730631e-02,1
4.414796708,2.177414734e-02,2.509730631e-02,1
4.417864669,2.186404487e-02,2.509730631e-02,1
4.420932631,2.195422496e-02,2.509730631e-02,1
4.424000592,2.204467365e-02,2.509730631e-02,1
4.427068554,2.213537717e-02,2.509730631e-02,1
4.430136515,2.222632192e-02,2.509730631e-02,1
4.433204477,2.231749446e-02,2.509730631e-02,1
4.436272439,2.240888156e-02,2.509730631e-02,1
4.439340400,2.250047014e-02,2.509730631e-02,1
4.442408362,2.259224728e-02,2.509730631e-02,1
4.445476323,2.268420026e-02,2.509730631e-02,1
4.448544285,2.277631651e-02,2.509730631e-02,1
4.451612246,2.286858361e-02,2.509730631e-02,1
4.454680208,2.296098935e-02,2.509730631e-02,1
4.457748170,2.305352163e-02,2.509730631e-02,1
4.460816131,2.314616856e-02,2.509730631e-02,1
4.463884093,2.323891838e-02,2.509730631e-02,1
4.466952054,2.333175949e-02,2.509730631e-02,1
4.470020016,2.342468046e-02,2.509730631e-02,1
4.473087977,2.351767000e-02,2.509730631e-02,1
4.476155939,2.361071698e-02,2.509730631e-02,1
4.479223901,2.370381042e-02,2.509730631e-02,1
4.482291862,2.379693949e-02,2.509730631e-02,1
4.485359824,2.389009351e-02,2.509730631e-02,1
4.488427785,2.398326192e-02,2.509730631e-02,1
4.491495747,2.407643434e-02,2.509730631e-02,1
4.494563709,2.416960052e-02,2.509730631e-02,1
4.497631670,2.426275032e-02,2.509730631e-02,1
4.500699632,2.435587377e-02,2.509730631e-02,1
4.503767593,2.444896104e-02,2.509730631e-02,1
4.506835555,2.454200240e-02,2.509730631e-02,1
4.509903516,2.463498828e-02,2.509730631e-02,1
4.512971478,2.472790923e-02,2.509730631e-02,1
4.516039440,2.482075593e-02,2.509730631e-02,1
4.519107401,2.491351918e-02,2.509730631e-02,1
4.522175363,2.500618992e-02,2.509730631e-02,1
4.525243324,2.509875920e-02,2.509875920e-02,0
4.528311286,2.519121819e-02,2.519121819e-02,0
4.531379247,2.528355818e-02,2.528355818e-02,0
4.534447209,2.537577058e-02,2.537577058e-02,0
4.537515171,2.546784692e-02,2.546784692e-02,0
4.540583132,2.555977883e-02,2.555977883e-02,0
4.543651094,2.565155806e-02,2.565155806e-02,0
4.546719055,2.574317649e-02,2.574317649e-02,0
4.549787017,2.583462607e-02,2.583462607e-02,0
4.552854978,2.592589888e-02,2.592589888e-02,0
4.555922940,2.601698711e-02,2.601698711e-02,0
4.558990902,2.610788303e-02,2.610788303e-02,0
4.562058863,2.619857905e-02,2.619857905e-02,0
4.565126825,2.628906765e-02,2.628906765e-02,0
4.568194786,2.637934141e-02,2.637934141e-02,0
4.571262748,2.646939302e-02,2.646939302e-02,0
4.574330709,2.655921527e-02,2.655921527e-02,0
4.577398671,2.664880103e-02,2.664880103e-02,0
4.580466633,2.673814327e-02,2.673814327e-02,0
4.583534594,2.682723505e-02,2.682723505e-02,0
4.586602556,2.691606953e-02,2.691606953e-02,0
4.589670517,2.700463994e-02,2.700463994e-02,0
4.592738479,2.709293962e-02,2.709293962e-02,0
4.595806441,2.718096197e-02,2.718096197e-02,0
4.598874402,2.726870051e-02,2.726870051e-02,0
4.601942364,2.735614881e-02,2.735614881e-02,0
4.605010325,2.744330054e-02,2.744330054e-02,0
4.608078287,2.753014945e-02,2.753014945e-02,0
4.611146248,2.761668936e-02,2.761668936e-02,0
4.614214210,2.770291419e-02,2.770291419e-02,0
4.617282172,2.778881791e-02,2.778881791e-02,0
4.620350133,2.787439459e-02,2.787439459e-02,0
4.623418095,2.795963837e-02,2.795963837e-02,0
4.626486056,2.804454344e-02,2.804454344e-02,0
4.629554018,2.812910411e-02,2.812910411e-02,0
4.632621979,2.821331471e-02,2.821331471e-02,0
4.635689941,2.829716968e-02,2.829716968e-02,0
4.638757903,2.838066352e-02,2.838066352e-02,0
4.641825864,2.846379078e-02,2.846379078e-02,0
4.644893826,2.854654611e-02,2.854654611e-02,0
4.647961787,2.862892420e-02,2.862892420e-02,0
4.651029749,2.871091981e-02,2.871091981e-02,0
4.654097710,2.879252779e-02,2.879252779e-02,0
4.657165672,2.887374301e-02,2.887374301e-02,0
4.660233634,2.895456045e-02,2.895456045e-02,0
4.663301595,2.903497512e-02,2.903497512e-02,0
4.666369557,2.911498210e-02,2.911498210e-02,0
4.669437518,2.919457653e-02,2.919457653e-02,0
4.672505480,2.927375363e-02,2.927375363e-02,0
4.675573441,2.935250864e-02,2.935250864e-02,0
4.678641403,2.943083689e-02,2.943083689e-02,0
4.681709365,2.950873375e-02,2.950873375e-02,0
4.684777326,2.958619466e-02,2.958619466e-02,0
4.687845288,2.966321510e-02,2.966321510e-02,0
4.690913249,2.973979062e-02,2.973979062e-02,0
4.693981211,2.981591682e-02,2.981591682e-02,0
4.697049173,2.989158934e-02,2.989158934e-02,0
4.700117134,2.996680390e-02,2.996680390e-02,0
4.703185096,3.004155624e-02,3.004155624e-02,0
4.706253057,3.011584218e-02,3.011584218e-02,0
4.709321019,3.018965757e-02,3.018965757e-02,0
4.712388980,3.026299833e-02,3.026299833e-02,0
4.715456942,3.033586041e-02,3.033586041e-02,0
4.718524904,3.040823982e-02,3.040823982e-02,0
4.721592865,3.048013261e-02,3.048013261e-02,0
4.724660827,3.055153489e-02,3.055153489e-02,0
4.727728788,3.062244281e-02,3.062244281e-02,0
4.730796750,3.069285257e-02,3.069285257e-02,0
4.733864711,3.076276040e-02,3.076276040e-02,0
4.736932673,3.083216260e-02,3.083216260e-02,0
4.740000635,3.090105551e-02,3.090105551e-02,0
4.743068596,3.096943549e-02,3.096943549e-02,0
4.746136558,3.103729898e-02,3.103729898e-02,0
4.749204519,3.110464243e-02,3.110464243e-02,0
4.752272481,3.117146235e-02,3.117146235e-02,0
4.755340442,3.123775530e-02,3.123775530e-02,0
4.758408404,3.130351787e-02,3.130351787e-02,0
4.761476366,3.136874669e-02,3.136874669e-02,0
4.764544327,3.143343843e-02,3.143343843e-02,0
4.767612289,3.149758982e-02,3.149758982e-02,0
4.770680250,3.156119760e-02,3.156119760e-02,0
4.773748212,3.162425858e-02,3.162425858e-02,0
4.776816173,3.168676958e-02,3.168676958e-02,0
4.779884135,3.174872748e-02,3.174872748e-02,0
4.782952097,3.181012919e-02,3.181012919e-02,0
4.786020058,3.187097167e-02,3.187097167e-02,0
4.789088020,3.193125189e-02,3.193125189e-02,0
4.792155981,3.199096689e-02,3.199096689e-02,0
4.795223943,3.205011373e-02,3.205011373e-02,0
4.798291905,3.210868949e-02,3.210868949e-02,0
4.801359866,3.216669133e-02,3.216669133e-02,0
4.804427828,3.222411641e-02,3.222411641e-02,0
4.807495789,3.228096193e-02,3.228096193e-02,0
4.810563751,3.233722514e-02,3.233722514e-02,0
4.813631712,3.239290331e-02,3.239290331e-02,0
4.816699674,3.244799375e-02,3.244799375e-02,0
4.819767636,3.250249381e-02,3.250249381e-02,0
4.822835597,3.255640087e-02,3.255640087e-02,0
4.825903559,3.260971233e-02,3.260971233e-02,0
4.828971520,3.266242565e-02,3.266242565e-02,0
4.832039482,3.271453830e-02,3.271453830e-02,0
4.835107443,3.276604780e-02,3.276604780e-02,0
4.838175405,3.281695168e-02,3.281695168e-02,0
4.841243367,3.286724753e-02,3.286724753e-02,0
4.844311328,3.291693294e-02,3.291693294e-02,0
4.847379290,3.296600558e-02,3.296600558e-02,0
4.850447251,3.301446309e-02,3.301446309e-02,0
4.853515213,3.306230319e-02,3.306230319e-02,0
4.856583174,3.310952360e-02,3.310952360e-02,0
4.859651136,3.315612210e-02,3.315612210e-02,0
4.862719098,3.320209648e-02,3.320209648e-02,0
4.865787059,3.324744456e-02,3.324744456e-02,0
4.868855021,3.329216419e-02,3.329216419e-02,0
4.871922982,3.333625326e-02,3.333625326e-02,0
4.874990944,3.337970969e-02,3.337970969e-02,0
4.878058905,3.342253142e-02,3.342253142e-02,0
4.881126867,3.346471641e-02,3.346471641e-02,0
4.884194829,3.350626268e-02,3.350626268e-02,0
4.887262790,3.354716825e-02,3.354716825e-02,0
4.890330752,3.358743118e-02,3.358743118e-02,0
4.893398713,3.362704955e-02,3.362704955e-02,0
4.896466675,3.366602149e-02,3.366602149e-02,0
4.899534637,3.370434514e-02,3.370434514e-02,0
4.902602598,3.374201866e-02,3.374201866e-02,0
4.905670560,3.377904026e-02,3.377904026e-02,0
4.908738521,3.381540815e-02,3.381540815e-02,0
4.911806483,3.385112061e-02,3.385112061e-02,0
4.914874444,3.388617590e-02,3.388617590e-02,0
4.917942406,3.392057233e-02,3.392057233e-02,0
4.921010368,3.395430824e-02,3.395430824e-02,0
4.924078329,3.398738199e-02,3.398738199e-02,0
4.927146291,3.401979197e-02,3.401979197e-02,0
4.930214252,3.405153658e-02,3.405153658e-02,0
4.933282214,3.408261428e-02,3.408261428e-02,0
4.936350175,3.411302352e-02,3.411302352e-02,0
4.939418137,3.414276280e-02,3.414276280e-02,0
4.942486099,3.417183063e-02,3.417183063e-02,0
4.945554060,3.420022557e-02,3.420022557e-02,0
4.948622022,3.422794617e-02,3.422794617e-02,0
4.951689983,3.425499104e-02,3.425499104e-02,0
4.954757945,3.428135879e-02,3.428135879e-02,0
4.957825906,3.430704807e-02,3.430704807e-02,0
4.960893868,3.433205754e-02,3.433205754e-02,0
4.963961830,3.435638591e-02,3.435638591e-02,0
4.967029791,3.438003189e-02,3.438003189e-02,0
4.970097753,3.440299422e-02,3.440299422e-02,0
4.973165714,3.442527168e-02,3.442527168e-02,0
4.976233676,3.444686306e-02,3.444686306e-02,0
4.979301637,3.446776718e-02,3.446776718e-02,0
4.982369599,3.448798287e-02,3.448798287e-02,0
4.985437561,3.450750900e-02,3.450750900e-02,0
4.988505522,3.452634447e-02,3.452634447e-02,0
4.991573484,3.454448819e-02,3.454448819e-02,0
4.994641445,3.456193909e-02,3.456193909e-02,0
4.997709407,3.457869613e-02,3.457869613e-02,0
5.000777369,3.459475831e-02,3.459475831e-02,0
5.003845330,3.461012463e-02,3.461012463e-02,0
5.006913292,3.462479413e-02,3.462479413e-02,0
5.009981253,3.463876585e-02,3.463876585e-02,0
5.013049215,3.465203888e-02,3.465203888e-02,0
5.016117176,3.466461232e-02,3.466461232e-02,0
5.019185138,3.467648530e-02,3.467648530e-02,0
5.022253100,3.468765696e-02,3.468765696e-02,0
5.025321061,3.469812648e-02,3.469812648e-02,0
5.028389023,3.470789304e-02,3.470789304e-02,0
5.031456984,3.471695587e-02,3.471695587e-02,0
5.034524946,3.472531421e-02,3.472531421e-02,0
5.037592907,3.473296732e-02,3.473296732e-02,0
5.040660869,3.473991449e-02,3.473991449e-02,0
5.043728831,3.474615502e-02,3.474615502e-02,0
5.046796792,3.475168824e-02,3.475168824e-02,0
5.049864754,3.475651350e-02,3.475651350e-02,0
5.052932715,3.476063019e-02,3.476063019e-02,0
5.056000677,3.476403770e-02,3.476403770e-02,0
5.059068638,3.476673544e-02,3.476673544e-02,0
5.062136600,3.476872287e-02,3.476872287e-02,0
5.065204562,3.476999944e-02,3.476999944e-02,0
5.068272523,3.477056464e-02,3.477056464e-02,0
5.071340485,3.477041798e-02,3.477041798e-02,0
5.074408446,3.476955899e-02,3.476955899e-02,0
5.077476408,3.476798722e-02,3.476798722e-02,0
5.080544369,3.476570225e-02,3.476570225e-02,0
5.083612331,3.476270366e-02,3.476270366e-02,0
5.086680293,3.475899109e-02,3.475899109e-02,0
5.089748254,3.475456416e-02,3.475456416e-02,0
5.092816216,3.474942254e-02,3.474942254e-02,0
5.095884177,3.474356592e-02,3.474356592e-02,0
5.098952139,3.473699398e-02,3.473699398e-02,0
5.102020101,3.472970647e-02,3.472970647e-02,0
5.105088062,3.472170313e-02,3.472170313e-02,0
5.108156024,3.471298373e-02,3.471298373e-02,0
5.111223985,3.470354805e-02,3.470354805e-02,0
5.114291947,3.469339591e-02,3.469339591e-02,0
5.117359908,3.468252715e-02,3.468252715e-02,0
5.120427870,3.467094161e-02,3.467094161e-02,0
5.123495832,3.465863917e-02,3.465863917e-02,0
5.126563793,3.464561973e-02,3.464561973e-02,0
5.129631755,3.463188321e-02,3.463188321e-02,0
5.132699716,3.461742954e-02,3.461742954e-02,0
5.135767678,3.460225869e-02,3.460225869e-02,0
5.138835639,3.458637064e-02,3.458637064e-02,0
5.141903601,3.456976539e-02,3.456976539e-02,0
5.144971563,3.455244297e-02,3.455244297e-02,0
5.148039524,3.453440342e-02,3.453440342e-02,0
5.151107486,3.451564680e-02,3.451564680e-02,0
5.154175447,3.449617320e-02,3.449617320e-02,0
5.157243409,3.447598274e-02,3.447598274e-02,0
5.160311370,3.445507554e-02,3.445507554e-02,0
5.163379332,3.443345175e-02,3.443345175e-02,0
5.166447294,3.441111154e-02,3.441111154e-02,0
5.169515255,3.438805510e-02,3.438805510e-02,0
5.172583217,3.436428266e-02,3.436428266e-02,0
5.175651178,3.433979443e-02,3.433979443e-02,0
5.178719140,3.431459068e-02,3.431459068e-02,0
5.181787101,3.428867167e-02,3.428867167e-02,0
5.184855063,3.426203772e-02,3.426203772e-02,0
5.187923025,3.423468913e-02,3.423468913e-02,0
5.190990986,3.420662625e-02,3.420662625e-02,0
5.194058948,3.417784943e-02,3.417784943e-02,0
5.197126909,3.414835905e-02,3.414835905e-02,0
5.200194871,3.411815552e-02,3.411815552e-02,0
5.203262833,3.408723925e-02,3.408723925e-02,0
5.206330794,3.405561069e-02,3.405561069e-02,0
5.209398756,3.402327031e-02,3.402327031e-02,0
5.212466717,3.399021858e-02,3.399021858e-02,0
5.215534679,3.395645601e-02,3.395645601e-02,0
5.218602640,3.392198313e-02,3.392198313e-02,0
5.221670602,3.388680049e-02,3.388680049e-02,0
5.224738564,3.385090865e-02,3.385090865e-02,0
5.227806525,3.381430821e-02,3.381430821e-02,0
5.230874487,3.377699976e-02,3.377699976e-02,0
5.233942448,3.373898395e-02,3.373898395e-02,0
5.237010410,3.370026143e-02,3.370026143e-02,0
5.240078371,3.366083286e-02,3.366083286e-02,0
5.243146333,3.362069894e-02,3.362069894e-02,0
5.246214295,3.357986039e-02,3.357986039e-02,0
5.249282256,3.353831794e-02,3.353831794e-02,0
5.252350218,3.349607235e-02,3.349607235e-02,0
5.255418179,3.345312440e-02,3.345312440e-02,0
5.258486141,3.340947488e-02,3.340947488e-02,0
5.261554102,3.336512461e-02,3.336512461e-02,0
5.264622064,3.332007444e-02,3.332007444e-02,0
5.267690026,3.327432523e-02,3.327432523e-02,0
5.270757987,3.322787786e-02,3.322787786e-02,0
5.273825949,3.318073323e-02,3.318073323e-02,0
5.276893910,3.313289228e-02,3.313289228e-02,0
5.279961872,3.308435594e-02,3.308435594e-02,0
5.283029833,3.303512519e-02,3.303512519e-02,0
5.286097795,3.298520102e-02,3.298520102e-02,0
5.289165757,3.293458443e-02,3.293458443e-02,0
5.292233718,3.288327647e-02,3.288327647e-02,0
5.295301680,3.283127818e-02,3.283127818e-02,0
5.298369641,3.277859064e-02,3.277859064e-02,0
5.301437603,3.272521495e-02,3.272521495e-02,0
5.304505565,3.267115222e-02,3.267115222e-02,0
5.307573526,3.261640361e-02,3.261640361e-02,0
5.310641488,3.256097026e-02,3.256097026e-02,0
5.313709449,3.250485337e-02,3.250485337e-02,0
5.316777411,3.244805413e-02,3.244805413e-02,0
5.319845372,3.239057379e-02,3.239057379e-02,0
5.322913334,3.233241358e-02,3.233241358e-02,0
5.325981296,3.227357479e-02,3.227357479e-02,0
5.329049257,3.221405870e-02,3.221405870e-02,0
5.332117219,3.215386663e-02,3.215386663e-02,0
5.335185180,3.209299993e-02,3.209299993e-02,0
5.338253142,3.203145994e-02,3.203145994e-02,0
5.341321103,3.196924807e-02,3.196924807e-02,0
5.344389065,3.190636570e-02,3.190636570e-02,0
5.347457027,3.184281428e-02,3.184281428e-02,0
5.350524988,3.177859525e-02,3.177859525e-02,0
5.353592950,3.171371009e-02,3.171371009e-02,0
5.356660911,3.164816029e-02,3.164816029e-02,0
5.359728873,3.158194739e-02,3.158194739e-02,0
5.362796834,3.151507291e-02,3.151507291e-02,0
5.365864796,3.144753843e-02,3.144753843e-02,0
5.368932758,3.137934554e-02,3.137934554e-02,0
5.372000719,3.131049585e-02,3.131049585e-02,0
5.375068681,3.124099100e-02,3.124099100e-02,0
5.378136642,3.117083266e-02,3.117083266e-02,0
5.381204604,3.110002250e-02,3.110002250e-02,0
5.384272565,3.102856224e-02,3.102856224e-02,0
5.387340527,3.095645360e-02,3.095645360e-02,0
5.390408489,3.088369836e-02,3.088369836e-02,0
5.393476450,3.081029829e-02,3.081029829e-02,0
5.396544412,3.073625519e-02,3.073625519e-02,0
5.399612373,3.066157090e-02,3.066157090e-02,0
5.402680335,3.058624728e-02,3.058624728e-02,0
5.405748297,3.051028621e-02,3.051028621e-02,0
5.408816258,3.043368959e-02,3.043368959e-02,0
5.411884220,3.035645935e-02,3.035645935e-02,0
5.414952181,3.027859747e-02,3.027859747e-02,0
5.418020143,3.020010591e-02,3.020010591e-02,0
5.421088104,3.012098669e-02,3.012098669e-02,0
5.424156066,3.004124185e-02,3.004124185e-02,0
5.427224028,2.996087345e-02,2.996087345e-02,0
5.430291989,2.987988357e-02,2.987988357e-02,0
5.433359951,2.979827434e-02,2.979827434e-02,0
5.436427912,2.971604790e-02,2.971604790e-02,0
5.439495874,2.963320642e-02,2.963320642e-02,0
5.442563835,2.954975209e-02,2.954975209e-02,0
5.445631797,2.946568715e-02,2.946568715e-02,0
5.448699759,2.938101385e-02,2.938101385e-02,0
5.451767720,2.929573447e-02,2.929573447e-02,0
5.454835682,2.920985132e-02,2.920985132e-02,0
5.457903643,2.912336675e-02,2.912336675e-02,0
5.460971605,2.903628312e-02,2.903628312e-02,0
5.464039566,2.894860283e-02,2.894860283e-02,0
5.467107528,2.886032832e-02,2.886032832e-02,0
5.470175490,2.877146203e-02,2.877146203e-02,0
5.473243451,2.868200647e-02,2.868200647e-02,0
5.476311413,2.859196416e-02,2.859196416e-02,0
5.479379374,2.850133764e-02,2.850133764e-02,0
5.482447336,2.841012950e-02,2.841012950e-02,0
5.485515297,2.831834235e-02,2.831834235e-02,0
5.488583259,2.822597885e-02,2.822597885e-02,0
5.491651221,2.813304168e-02,2.813304168e-02,0
5.494719182,2.803953354e-02,2.803953354e-02,0
5.497787144,2.794545720e-02,2.794545720e-02,0
5.500855105,2.785081542e-02,2.785081542e-02,0
5.503923067,2.775561104e-02,2.775561104e-02,0
5.506991029,2.765984689e-02,2.765984689e-02,0
5.510058990,2.756352587e-02,2.756352587e-02,0
5.513126952,2.746665091e-02,2.746665091e-02,0
5.516194913,2.736922495e-02,2.736922495e-02,0
5.519262875,2.727125100e-02,2.727125100e-02,0
5.522330836,2.717273210e-02,2.717273210e-02,0
5.525398798,2.707367131e-02,2.707367131e-02,0
5.528466760,2.697407175e-02,2.697407175e-02,0
5.531534721,2.687393657e-02,2.687393657e-02,0
5.534602683,2.677326896e-02,2.677326896e-02,0
5.537670644,2.667207216e-02,2.667207216e-02,0
5.540738606,2.657034943e-02,2.657034943e-02,0
5.543806567,2.646810410e-02,2.646810410e-02,0
5.546874529,2.636533952e-02,2.636533952e-02,0
5.549942491,2.626205909e-02,2.626205909e-02,0
5.553010452,2.615826627e-02,2.615826627e-02,0
5.556078414,2.605396453e-02,2.605396453e-02,0
5.559146375,2.594915743e-02,2.594915743e-02,0
5.562214337,2.584384854e-02,2.584384854e-02,0
5.565282298,2.573804150e-02,2.573804150e-02,0
5.568350260,2.563173999e-02,2.563173999e-02,0
5.571418222,2.552494773e-02,2.552494773e-02,0
5.574486183,2.541766851e-02,2.541766851e-02,0
5.577554145,2.530990616e-02,2.530990616e-02,0
5.580622106,2.520166456e-02,2.520166456e-02,0
5.583690068,2.509294766e-02,2.509730631e-02,1
5.586758029,2.498375943e-02,2.509730631e-02,1
5.589825991,2.487410394e-02,2.509730631e-02,1
5.592893953,2.476398529e-02,2.509730631e-02,1
5.595961914,2.465340764e-02,2.509730631e-02,1
5.599029876,2.454237521e-02,2.509730631e-02,1
5.602097837,2.443089229e-02,2.509730631e-02,1
5.605165799,2.431896322e-02,2.509730631e-02,1
5.608233761,2.420659241e-02,2.509730631e-02,1
5.611301722,2.409378433e-02,2.509730631e-02,1
5.614369684,2.398054353e-02,2.509730631e-02,1
5.617437645,2.386687461e-02,2.509730631e-02,1
5.620505607,2.375278225e-02,2.509730631e-02,1
5.623573568,2.363827120e-02,2.509730631e-02,1
5.626641530,2.352334627e-02,2.509730631e-02,1
5.629709492,2.340801237e-02,2.509730631e-02,1
5.632777453,2.329227446e-02,2.509730631e-02,1
5.635845415,2.317613760e-02,2.509730631e-02,1
5.638913376,2.305960692e-02,2.509730631e-02,1
5.641981338,2.294268763e-02,2.509730631e-02,1
5.645049299,2.282538502e-02,2.509730631e-02,1
5.648117261,2.270770448e-02,2.509730631e-02,1
5.651185223,2.258965148e-02,2.509730631e-02,1
5.654253184,2.247123159e-02,2.509730631e-02,1
5.657321146,2.235245045e-02,2.509730631e-02,1
5.660389107,2.223331383e-02,2.509730631e-02,1
5.663457069,2.211382758e-02,2.509730631e-02,1
5.666525030,2.199399764e-02,2.509730631e-02,1
5.669592992,2.187383007e-02,2.509730631e-02,1
5.672660954,2.175333104e-02,2.509730631e-02,1
5.675728915,2.163250681e-02,2.509730631e-02,1
5.678796877,2.151136378e-02,2.509730631e-02,1
5.681864838,2.138990845e-02,2.509730631e-02,1
5.684932800,2.126814743e-02,2.509730631e-02,1
5.688000761,2.114608747e-02,2.509730631e-02,1
5.691068723,2.102373544e-02,2.509730631e-02,1
5.694136685,2.090109834e-02,2.509730631e-02,1
5.697204646,2.077818330e-02,2.509730631e-02,1
5.700272608,2.065499760e-02,2.509730631e-02,1
5.703340569,2.053154865e-02,2.509730631e-02,1
5.706408531,2.040784402e-02,2.509730631e-02,1
5.709476493,2.028389140e-02,2.509730631e-02,1
5.712544454,2.015969867e-02,2.509730631e-02,1
5.715612416,2.003527385e-02,2.509730631e-02,1
5.718680377,1.991062514e-02,2.509730631e-02,1
5.721748339,1.978576090e-02,2.509730631e-02,1
5.724816300,1.966068965e-02,2.509730631e-02,1
5.727884262,1.953542013e-02,2.509730631e-02,1
5.730952224,1.940996123e-02,2.509730631e-02,1
5.734020185,1.928432206e-02,2.509730631e-02,1
5.737088147,1.915851189e-02,2.509730631e-02,1
5.740156108,1.903254025e-02,2.509730631e-02,1
5.743224070,1.890641683e-02,2.509730631e-02,1
5.746292031,1.878015158e-02,2.509730631e-02,1
5.749359993,1.865375464e-02,2.509730631e-02,1
5.752427955,1.852723640e-02,2.509730631e-02,1
5.755495916,1.840060750e-02,2.509730631e-02,1
5.758563878,1.827387882e-02,2.509730631e-02,1
5.761631839,1.814706149e-02,2.509730631e-02,1
5.764699801,1.802016691e-02,2.509730631e-02,1
5.767767762,1.789320676e-02,2.509730631e-02,1
5.770835724,1.776619300e-02,2.509730631e-02,1
5.773903686,1.763913788e-02,2.509730631e-02,1
5.776971647,1.751205396e-02,2.509730631e-02,1
5.780039609,1.738495410e-02,2.509730631e-02,1
5.783107570,1.725785151e-02,2.509730631e-02,1
5.786175532,1.713075970e-02,2.509730631e-02,1
5.789243493,1.700369255e-02,2.509730631e-02,1
5.792311455,1.687666430e-02,2.509730631e-02,1
5.795379417,1.674968954e-02,2.509730631e-02,1
5.798447378,1.662278327e-02,2.509730631e-02,1
5.801515340,1.649596086e-02,2.509730631e-02,1
5.804583301,1.636923810e-02,2.509730631e-02,1
5.807651263,1.624263122e-02,2.509730631e-02,1
5.810719225,1.611615686e-02,2.509730631e-02,1
5.813787186,1.598983212e-02,2.509730631e-02,1
5.816855148,1.586367459e-02,2.509730631e-02,1
5.819923109,1.573770231e-02,2.509730631e-02,1
5.822991071,1.561193386e-02,2.509730631e-02,1
5.826059032,1.548638830e-02,2.509730631e-02,1
5.829126994,1.536108524e-02,2.509730631e-02,1
5.832194956,1.523604486e-02,2.509730631e-02,1
5.835262917,1.511128788e-02,2.509730631e-02,1
5.838330879,1.498683563e-02,2.509730631e-02,1
5.841398840,1.486271005e-02,2.509730631e-02,1
5.844466802,1.473893370e-02,2.509730631e-02,1
5.847534763,1.461552979e-02,2.509730631e-02,1
5.850602725,1.449252221e-02,2.509730631e-02,1
5.853670687,1.436993554e-02,2.509730631e-02,1
5.856738648,1.424779507e-02,2.509730631e-02,1
5.859806610,1.412612681e-02,2.509730631e-02,1
5.862874571,1.400495756e-02,2.509730631e-02,1
5.865942533,1.388431489e-02,2.509730631e-02,1
5.869010494,1.376422715e-02,2.509730631e-02,1
5.872078456,1.364472354e-02,2.509730631e-02,1
5.875146418,1.352583412e-02,2.509730631e-02,1
5.878214379,1.340758978e-02,2.509730631e-02,1
5.881282341,1.329002236e-02,2.509730631e-02,1
5.884350302,1.317316458e-02,2.509730631e-02,1
5.887418264,1.305705012e-02,2.509730631e-02,1
5.890486225,1.294171362e-02,2.509730631e-02,1
5.893554187,1.282719071e-02,2.509730631e-02,1
5.896622149,1.271351802e-02,2.509730631e-02,1
5.899690110,1.260073322e-02,2.509730631e-02,1
5.902758072,1.248887501e-02,2.509730631e-02,1
5.905826033,1.237798319e-02,2.509730631e-02,1
5.908893995,1.226809860e-02,2.509730631e-02,1
5.911961957,1.215926320e-02,2.509730631e-02,1
5.915029918,1.205152007e-02,2.509730631e-02,1
5.918097880,1.194491340e-02,2.509730631e-02,1
5.921165841,1.183948850e-02,2.509730631e-02,1
5.924233803,1.173529184e-02,2.509730631e-02,1
5.927301764,1.163237101e-02,2.509730631e-02,1
5.930369726,1.153077473e-02,2.509730631e-02,1
5.933437688,1.143055286e-02,2.509730631e-02,1
5.936505649,1.133175640e-02,2.509730631e-02,1
5.939573611,1.123443742e-02,2.509730631e-02,1
5.942641572,1.113864909e-02,2.509730631e-02,1
5.945709534,1.104444566e-02,2.509730631e-02,1
5.948777495,1.095188237e-02,2.509730631e-02,1
5.951845457,1.086101549e-02,2.509730631e-02,1
5.954913419,1.077190220e-02,2.509730631e-02,1
5.957981380,1.068460059e-02,2.509730631e-02,1
5.961049342,1.059916957e-02,2.509730631e-02,1
5.964117303,1.051566882e-02,2.509730631e-02,1
5.967185265,1.043415869e-02,2.509730631e-02,1
5.970253226,1.035470013e-02,2.509730631e-02,1
5.973321188,1.027735457e-02,2.509730631e-02,1
5.976389150,1.020218385e-02,2.509730631e-02,1
5.979457111,1.012925006e-02,2.509730631e-02,1
5.982525073,1.005861546e-02,2.509730631e-02,1
5.985593034,9.990342275e-03,2.509730631e-02,1
5.988660996,9.924492630e-03,2.509730631e-02,1
5.991728957,9.861128332e-03,2.509730631e-02,1
5.994796919,9.800310728e-03,2.509730631e-02,1
5.997864881,9.742100530e-03,2.509730631e-02,1
6.000932842,9.686557626e-03,2.509730631e-02,1
6.004000804,9.633740898e-03,2.509730631e-02,1
6.007068765,9.583708020e-03,2.509730631e-02,1
6.010136727,9.536515259e-03,2.509730631e-02,1
6.013204689,9.492217273e-03,2.509730631e-02,1
6.016272650,9.450866898e-03,2.509730631e-02,1
6.019340612,9.412514946e-03,2.509730631e-02,1
6.022408573,9.377209997e-03,2.509730631e-02,1
6.025476535,9.344998192e-03,2.509730631e-02,1
6.028544496,9.315923039e-03,2.509730631e-02,1
6.031612458,9.290025216e-03,2.509730631e-02,1
6.034680420,9.267342390e-03,2.509730631e-02,1
6.037748381,9.247909043e-03,2.509730631e-02,1
6.040816343,9.231756311e-03,2.509730631e-02,1
6.043884304,9.218911839e-03,2.509730631e-02,1
6.046952266,9.209399650e-03,2.509730631e-02,1
6.050020227,9.203240031e-03,2.509730631e-02,1
6.053088189,9.200449440e-03,2.509730631e-02,1
6.056156151,9.201040435e-03,2.509730631e-02,1
6.059224112,9.205021619e-03,2.509730631e-02,1
6.062292074,9.212397606e-03,2.509730631e-02,1
6.065360035,9.223169018e-03,2.509730631e-02,1
6.068427997,9.237332495e-03,2.509730631e-02,1
6.071495958,9.254880728e-03,2.509730631e-02,1
6.074563920,9.275802519e-03,2.509730631e-02,1
6.077631882,9.300082855e-03,2.509730631e-02,1
6.080699843,9.327703005e-03,2.509730631e-02,1
6.083767805,9.358640635e-03,2.509730631e-02,1
6.086835766,9.392869939e-03,2.509730631e-02,1
6.089903728,9.430361788e-03,2.509730631e-02,1
6.092971689,9.471083885e-03,2.509730631e-02,1
6.096039651,9.515000945e-03,2.509730631e-02,1
6.099107613,9.562074868e-03,2.509730631e-02,1
6.102175574,9.612264935e-03,2.509730631e-02,1
6.105243536,9.665528002e-03,2.509730631e-02,1
6.108311497,9.721818697e-03,2.509730631e-02,1
6.111379459,9.781089625e-03,2.509730631e-02,1
6.114447421,9.843291568e-03,2.509730631e-02,1
6.117515382,9.908373685e-03,2.509730631e-02,1
6.120583344,9.976283715e-03,2.509730631e-02,1
6.123651305,1.004696817e-02,2.509730631e-02,1
6.126719267,1.012037251e-02,2.509730631e-02,1
6.129787228,1.019644135e-02,2.509730631e-02,1
6.132855190,1.027511862e-02,2.509730631e-02,1
6.135923152,1.035634774e-02,2.509730631e-02,1
6.138991113,1.044007176e-02,2.509730631e-02,1
6.142059075,1.052623354e-02,2.509730631e-02,1
6.145127036,1.061477588e-02,2.509730631e-02,1
6.148194998,1.070564162e-02,2.509730631e-02,1
6.151262959,1.079877381e-02,2.509730631e-02,1
6.154330921,1.089411580e-02,2.509730631e-02,1
6.157398883,1.099161134e-02,2.509730631e-02,1
6.160466844,1.109120466e-02,2.509730631e-02,1
6.163534806,1.119284061e-02,2.509730631e-02,1
6.166602767,1.129646464e-02,2.509730631e-02,1
6.169670729,1.140202298e-02,2.509730631e-02,1
6.172738690,1.150946261e-02,2.509730631e-02,1
6.175806652,1.161873134e-02,2.509730631e-02,1
6.178874614,1.172977787e-02,2.509730631e-02,1
6.181942575,1.184255182e-02,2.509730631e-02,1
6.185010537,1.195700375e-02,2.509730631e-02,1
6.188078498,1.207308519e-02,2.509730631e-02,1
6.191146460,1.219074866e-02,2.509730631e-02,1
6.194214421,1.230994771e-02,2.509730631e-02,1
6.197282383,1.243063688e-02,2.509730631e-02,1
6.200350345,1.255277176e-02,2.509730631e-02,1
6.203418306,1.267630894e-02,2.509730631e-02,1
6.206486268,1.280120607e-02,2.509730631e-02,1
6.209554229,1.292742180e-02,2.509730631e-02,1
6.212622191,1.305491582e-02,2.509730631e-02,1
6.215690153,1.318364879e-02,2.509730631e-02,1
6.218758114,1.331358241e-02,2.509730631e-02,1
6.221826076,1.344467935e-02,2.509730631e-02,1
6.224894037,1.357690324e-02,2.509730631e-02,1
6.227961999,1.371021867e-02,2.509730631e-02,1
6.231029960,1.384459118e-02,2.509730631e-02,1
6.234097922,1.397998721e-02,2.509730631e-02,1
6.237165884,1.411637412e-02,2.509730631e-02,1
6.240233845,1.425372015e-02,2.509730631e-02,1
6.243301807,1.439199438e-02,2.509730631e-02,1
6.246369768,1.453116676e-02,2.509730631e-02,1
6.249437730,1.467120804e-02,2.509730631e-02,1
6.252505691,1.481208978e-02,2.509730631e-02,1
6.255573653,1.495378431e-02,2.509730631e-02,1
6.258641615,1.509626474e-02,2.509730631e-02,1
6.261709576,1.523950489e-02,2.509730631e-02,1
6.264777538,1.538347931e-02,2.509730631e-02,1
6.267845499,1.552816325e-02,2.509730631e-02,1
6.270913461,1.567353262e-02,2.509730631e-02,1
6.273981422,1.581956402e-02,2.509730631e-02,1
6.277049384,1.596623464e-02,2.509730631e-02,1
6.280117346,1.611352233e-02,2.509730631e-02,1
