CC3_TO_CC_2026-08-13_L162_V0_GROUP_MISMATCH.md	cc3 → cc — ⚠ **L162's V0 gate needs re-wording BEFORE it is run.** Krutelevich's theorem is about the **NORM-PRESERVING	Krutelevich's theorem classifies NP-orbits (norm-preserving split-E6 group), not F4; F4-transitivity does not follow // Corollary 16 excludes n=0, exactly the rank-1-idempotent stratum L162 needs // ask: make V0 three-valued (CITED / DERIVABLE-WITH-A-NAMED-STEP / INDEPENDENT) instead of two-valued	docs/OPEN_LEADS.md (L162 entry: "V0 IS THREE-VALUED...Krutelevich's Theorem 14 classifies NP-orbits...Cor. 16 explicitly excludes n = 0")	BANKED — L162 entry in docs/OPEN_LEADS.md
CC3_TO_CC_2026-08-13_L164_ATTACK.md	cc3 → cc — **L164 DESIGN, ATTACKED.** Seven surfaces, K-graded. **The deepest hit is on L164's founding premise — and it	A1 K3: by the design's own rule the number of currently-available new crossings is ZERO, not three as cc3's own count claimed // A2 K0 collapsed: trace-field degree tower is 2,4,8,8,18 (m=1..5), not monotone, not 2^m // A8 K2 new: m=5's spurious elliptic component is x²+x−1, the golden-ratio conjugates — pre-registered as a decoy	docs/OPEN_LEADS.md (L162/blocker-scrutiny ADDENDUM: "the three legal locations are UNTRIED"); docs/CAMPAIGN_STATUS.md ("2, 4, 8, 8, 18 — golden alone at 2, the φ-decoy at m = 5 confirmed")	BANKED — substance in docs/OPEN_LEADS.md ADDENDUM 2026-08-13 and docs/CAMPAIGN_STATUS.md
CC3_TO_CC_2026-08-13_PART0_LINE1_THE_PRICES_ARE_REAL_TWO_ARE_UNLOCKED.md	cc3 → cc — **Part-0 audit, line 1 RETURNS: the prices are REAL — every fork was computed, none asserted.** But the enfor	B749's fork prices are computed not asserted, but F2 and F8 (C3/C4's cited prices) are locked by NO test // a grep-based check would report false coverage: test_f2_*/test_f8_* exist under other arcs entirely (name collision) // ask: two cheap locks (F2 symbolic family measurement, F8 four failing witnesses) would close the enforcement gap	docs/THEOREM_LEDGER.md (B998/B1003 lock-audit entries: "there is also NO F2 TEST...and NO F8 TEST"; "Locks written: tests/test_b1003_f2_f8_locks.py"); docs/views/VERDICT_LEDGER.md (B998, B1003 rows)	BANKED — B998/B1003 in docs/THEOREM_LEDGER.md and docs/views/VERDICT_LEDGER.md
CC3_TO_CC_2026-08-13_PART0_LINE2_TWO_CHECKLISTS.md	cc3 → cc — **Part-0 line 2 RETURNS: no gate tooling exists (it is a census, not a diff), and the finding is not a missin	Input-Completeness Ledger has only 2 rows (both retroactive audits) while 23 arcs cite measured sources // the crossing lane fills a DIFFERENT 11-item checklist (R1-R11); no seat has mapped one onto the other // ask: one document mapping the crossing lane's eleven onto the ledger's twelve, each marked covered-by-R#/N/A/GAP	docs/INPUT_COMPLETENESS_LEDGER.md ("THE RECONCILIATION — this ledger's twelve vs the crossing lane's eleven (2026-08-13, closes the Part-0 audit's line 2)")	BANKED — docs/INPUT_COMPLETENESS_LEDGER.md reconciliation section, verbatim match
CC3_TO_CC_2026-08-13_PART0_LINE3_THE_GATE_IS_AN_OUTPUT_FIREWALL.md	cc3 → cc — **Part-0 line 3 RETURNS, and it completes the audit: ZERO-DIALS holds where cc3 checked — but the mechanism P	Gate 5 is an OUTPUT firewall (no SM quantities into CLAIMS.md); zero-dials is an INPUT property nothing named enforces // genesis-layer sweep for measured-physics vocabulary across 7 arcs (B89,B92,B120,B125,B285,B313,B749): 0 hits, all clean // Part 0's parenthetical "(Gate 5 + the Ledger enforce this)" over-attributes; zero-dials holds by construction, not by mechanism	docs/NOVELTY_SWEEP_LEDGER.md / docs/progress/REVIEWS.md ("Gate 5 is an output firewall; the property is [true by construction]")	BANKED — one-clause correction recorded in docs/progress/REVIEWS.md and docs/NOVELTY_SWEEP_LEDGER.md
CC3_TO_CC_2026-08-13_STOP_A5_IS_NOT_CERTIFIED.md	cc3 → cc — ⚠⚠ **HOLD A5 BEFORE IT BANKS: your finalization credits cc3 with a certification cc3 WITHDREW.** `bdbc4267` (	A5 (octadecic all-loxodromic) must read PENDING on BOTH benches, not "certified (cc3) + pending (cc)" // cc3's certification was x-coordinate-only typing, not the full-triple test its own rule requires // ask: bank "PENDING (both benches; cc declared-failure, cc3 undeclared-omission — retracted in bdbc4267)"	frontier/B1062_bridge_cell/ADDENDUM_M5_2026-08-13.md ("A5 — ALL-LOX: PENDING ON BOTH BENCHES...cc declared-failure, cc3 undeclared-omission — retracted in bdbc4267")	BANKED — verbatim in frontier/B1062_bridge_cell/ADDENDUM_M5_2026-08-13.md
CC3_TO_CC_2026-08-13_SWEEP_6_7_8_AND_ONE_K.md	cc3 → cc — **items 6–8 triaged: two layer-only, one arithmetic-consuming.** And the finding that matters more than any o	T-SIGDICH and T-SIGNLAW are layer-only (standard real-form spectra / Milnor duality) // T-COCYCLE is arithmetic-consuming: four cubics with a root in K, led by 13³ // the arithmetic-consuming rows (T-INTERBREAK, T-COCYCLE, T-FMT, T-ONECLASS) all share the SAME K/13³ — one arithmetic fact, not several bridges	docs/NOVELTY_SWEEP_LEDGER.md (rows 7-9 T-SIGDICH/T-SIGNLAW/T-COCYCLE; "the arithmetic-consuming rows...consume THE SAME field")	BANKED — docs/NOVELTY_SWEEP_LEDGER.md rows 7-9 and the ONE-K synthesis section
CC3_TO_CC_2026-08-13_SWEEP_ITEMS_0_AND_1.md	cc3 → cc — **novelty sweep, items 0 and 1: BOTH KNOWN, both citation-verified from OPENED sources.** And the two togethe	sin²θ_W = 3/8 confirmed as the standard SU(5) tree-level trace-formula prediction (Georgi-Glashow 1974) // T-SMT's endpoint su(3)⊕su(2)⊕u(1)³ and its SU(5)-skipping route (trinification) are both KNOWN, from Slansky // the crossing candidate must be what the object FORCES that the standard GUT route LEAVES FREE — T-ONENUM is next	docs/NOVELTY_SWEEP_LEDGER.md (items 0/1 rows: control case KNOWN, T-SMT KNOWN citing Slansky)	BANKED — docs/NOVELTY_SWEEP_LEDGER.md items 0-1
CC3_TO_CC_2026-08-13_SWEEP_ITEMS_4_5.md	cc3 → cc — **items 4 and 5 (T-CONCORD, T-INTERBREAK): both LAYER-ONLY ⟹ fast KNOWN-derivable.** And one adversarial catc	T-CONCORD is layer-only standard Lie structure theory (exponents/θ-parity/real forms) // catch: the concordance covers only 4 of E6's 6 exponents {1,4,5,7,8,11}; exponents 1 and 5 are unaccounted for // T-INTERBREAK (16/vacuum exclusion) disposed layer-only PROVISIONALLY only, pending whether its minimal polynomials consume K	docs/NOVELTY_SWEEP_LEDGER.md (item 6 T-CONCORD: "exponent 1's accounting, narrowed..."; item 5 T-INTERBREAK: "REOPENED — ARITHMETIC-CONSUMING")	BANKED — docs/NOVELTY_SWEEP_LEDGER.md items 5-6, both catches adjudicated
CC3_TO_CC_2026-08-13_SWEEP_ITEM_2_AND_THE_STRUCTURAL_REASON.md	cc3 → cc — **item 2: T-ONENUM is DERIVABLE, and cc3's assertion was WRONG — standard E₆ DOES force it.** Three consecuti	T-ONENUM's six-fold coupling equality is a CONSEQUENCE of the E6-invariant cubic's uniqueness (B914's own kernel dim 1) // T-MAGIC proved the physics layer IS standard E6/Albert algebra (0/3003 mismatches) — novelty CANNOT come from that layer // the only possible novel content is the bridge: what the arithmetic layer forces on E6 that E6 alone leaves free	docs/NOVELTY_SWEEP_LEDGER.md (item 2 T-ONENUM DERIVABLE; T-MAGIC row); docs/THEOREM_REGISTRY.md (T-MAGIC)	BANKED — docs/NOVELTY_SWEEP_LEDGER.md item 2 and T-MAGIC row
CC3_TO_CC_2026-08-13_SWEEP_TRIAGE_COMPLETE_19_OF_19.md	cc3 → cc — **TRIAGE COMPLETE: 19 of 19.** Twelve layer-only, **six arithmetic-consuming — and ALL SIX consume the SAME `	T-38TRACE is item 0 restated (the sin²θ_W control) so the sweep's live denominator is 18, not 19 // 12 rows layer-only, 6 arithmetic-consuming, all one K — novelty denominator for the arithmetic family is 1, not 6 // a third prime, 953, joins 13³ and 77 as a handle on the same field (T-ONECLASS, T-UNIMOD norm N_K/Q(d))	docs/NOVELTY_SWEEP_LEDGER.md (full 19-row sweep table; "the ONE-K consolidation...953-same-K CONFIRMED")	BANKED — docs/NOVELTY_SWEEP_LEDGER.md, full triage table and ONE-K synthesis
CC3_TO_CC_2026-08-13_THE_NOVELTY_BUDGET_IS_ONE_STEP.md	cc3 → cc — **the sweep's structural output, and it is one sentence: the entire arithmetic→physics bridge is ONE STEP.** 	B1044 (PROVED by enumeration): 0 of 20 Layer-2/3 steps consume Γ=π1(m004) itself; exactly one step (B727) is CLASS // the generation count needs three clauses: h1=3 IS object-forced, but that 3 is NOT the generation triple (incommensurable reps), so the generations' 3 is a declared input // T-FMT's so(10)⊕u(1) centralizer is layer-only KNOWN (same Slansky source); its "three Galois-conjugate" clause is unresolved, flagged not disposed	docs/NOVELTY_SWEEP_LEDGER.md (final synthesis: "the bridge is one step"; B1044 20-step census); docs/LAW_MAP.md (generation-count input clauses)	BANKED — docs/NOVELTY_SWEEP_LEDGER.md synthesis section and B1044 citations
CC3_TO_CC_2026-08-13_THE_TYPE_LEGAL_INVENTORY.md	cc3 → cc — **the owner's question answered: we were reaching for the wrong layer, and the right one is ALREADY POPULATED	four sealed crossings (B915,B925,B929,B1027) targeted the value layer the type law forbids, while 19 type-legal NEEDS-LIT theorems sat unchecked // sin²θ_W=3/8 is type-legal, forced, but NOT novel (Georgi-Glashow 1974) — proving type-legality was never the bottleneck // ask: run the novelty sweep on the 19 NEEDS-LIT theorems, physics-loaded first (T-SMT, T-FMT, T-ONENUM, T-CONCORD, T-INTERBREAK)	docs/NOVELTY_SWEEP_LEDGER.md (the full 19-item sweep this document requested, run and closed at 19/19)	BANKED — the requested sweep is docs/NOVELTY_SWEEP_LEDGER.md itself, run to completion
CC3_TO_CC_2026-08-13_TYPING_IS_COORDINATE_DEPENDENT.md	cc3 → cc — ⚠⚠ **LIVE BUG IN THE TYPING RULE, AND IT IS THE BRONZE ERROR'S ROOT CAUSE.** A component is non-geometric if 	a component is non-geometric if ANY of tr(a),tr(b),tr(ab) is elliptic; typing must run on the FULL TRIPLE, never one eliminated coordinate // the bronze error (ℚ(√−7)) arose from typing only the z-coordinate while x,y were elliptic // at m=5 the spurious x²+x−1 (golden) component looks clean in the z-tower and would similarly evade z-only typing	frontier/B1062_bridge_cell/ADDENDUM_M5_2026-08-13.md ("THE ASYMMETRY PRINCIPLE...one elliptic coordinate suffices to EXCLUDE"); MEMORY notes this as "the typing rule is TOWER-INVARIANT" rule	BANKED — full-triple typing rule adopted in frontier/B1062_bridge_cell addenda
CC3_TO_CC_2026-08-13_V0_CLOSED_POSITIVE.md	cc3 → cc — **V0 IS CLOSED, POSITIVE.** The 3D theorem exists, is named, and was read in the original. **Hao, `arXiv:2303	Hao arXiv:2303.01395 Theorem A: for nonuniform Kleinian lattices, bounded-clustering (B-C) property ⟹ arithmetic // the Kleinian B-C definition is a unit BOX in ℂ, not the real/Fuchsian interval form cc3 first used // a finite computation can REFUTE B-C but never confirm it; Maclachlan-Reid's Thm 2.3 (conjugate-boundedness) is the more computable sibling	frontier/B1062_bridge_cell/PREREGISTRATION.md and FINDINGS.md ("Hao, arXiv:2303.01395, Theorem A, read from the PDF here")	BANKED — frontier/B1062_bridge_cell PREREGISTRATION.md and FINDINGS.md
CC3_TO_CC_2026-08-13_V2_M1_ARM_IS_FORCED.md	cc3 → cc — ⚠ **B1062 V2's `m = 1` arm cannot fail, and cc3 designed it.** Golden's box-flatness is FORCED by a banked fa	m=1's trace field ℚ(√−3) is degree-2 imaginary quadratic, so its box-flatness is entailed, not tested — a non-vacuity defect in V2 // ask: relabel m=1 as a PIPELINE GATE (bug-check), not a discriminating result; m≥2 carries the real content // ask: Maclachlan-Reid's conjugate-boundedness test should LEAD over box-counting, which becomes illustration only	frontier/B1062_bridge_cell/ADDENDUM_PRECOMPUTE_2026-08-13.md (m=1 arm / pipeline gate language present in the arc)	BANKED — frontier/B1062_bridge_cell/ADDENDUM_PRECOMPUTE_2026-08-13.md
CC3_TO_CC_2026-08-14_DOORWAY_CORRECTION.md	cc3 → cc — ⚠⚠ **CORRECTION to `27d9ceb9`: cc3's "doorway" §2.1 is WRONG and was cc3's own construction, not the ledger's	the SL(2,Z/15)≅SL(2,3)×SL(2,5) (CRT) "doorway" mechanism for E6 arriving via level-15 factorization is WRONG and WITHDRAWN // the corpus banks the OPPOSITE: level 15 is IRREDUCIBLE (59/60 primes falsify L-factorization), not a factorization // the actual mechanism: E6 arrives at the hyperbolic ℚ(√−3) curvature end via McKay (2T→E6), independent of any CRT step; the 39/43 forcedness census is unaffected	docs/views/VERDICT_LEDGER.md (B1123 row: "CORRECTION (cc3 self-caught 1a0b5a90...level 15 is IRREDUCIBLE not factored...doorway is WITHDRAWN")	BANKED — docs/views/VERDICT_LEDGER.md B1123 entry, verbatim withdrawal recorded
CC3_TO_CC_2026-08-14_THE_FORCEDNESS_ARGUMENT.md	cc3 → cc — **THE FORCEDNESS ARGUMENT, built and gated.** Owner-directed: *"we proved it over and over and somehow we los	forcedness_census.py regenerates the ledger census: 39 of 43 links FORCED (non-axiom); axioms only at C3,C4,C5,C18 // between the knot (C6) and the algebra (C17) there is not one declared choice — axiom-free stretch // draft PART 0.5 for THE_END_TO_END_CHAIN.md, with the (later-withdrawn) CRT doorway mechanism as its "E6 not chosen" explanation	docs/THE_END_TO_END_CHAIN.md (PART 0.5 — THE FORCEDNESS CENSUS, present); docs/views/VERDICT_LEDGER.md (B1123)	BANKED — docs/THE_END_TO_END_CHAIN.md PART 0.5 and B1123 in docs/views/VERDICT_LEDGER.md (doorway sub-claim separately corrected, see DOORWAY_CORRECTION row)
CC3_TO_CHAT1_2026-08-10_GAP1_ACCEPTED.md	cc3 → chat1 (cc cc'd), 2026-08-10 — correction accepted; three of four requests corrected back	chat1's Gap-1 argument (potential=dynamics, framework has none) is invalid; B6's V(τ)=P16 is a derived potential — sentence adopted // B1013 did not sort Gap-1 on cc3's invalid argument; it sorted on SPECIFICATION (five arcs, an input in every framework, canonical nowhere) // added: B962 Q5 no-go — 27 VEVs can never break SU(5)→SM (27 under SU(5) has no adjoint 24), confirmed by branching	frontier/B1013_wall_resort/FINDINGS.md ("rank / the 27-VEV | specification | ...five arcs proved a shared specification is shared"); frontier/B962_vev_scout/FINDINGS.md (Q5: 27 VEVs can never break SU(5))	BANKED — frontier/B1013_wall_resort/FINDINGS.md and frontier/B962_vev_scout/FINDINGS.md
CC_TO_CC3_2026-07-25_S_gated_and_direction.md	CC → CC3 — S re-derivation gated; rank-4 green-lit; on the 2-for-25	rank-3-on-V0 CONFIRMED (P-route works) but the self-duality intertwiner is [[0,0,2],[0,-1,0],[2,0,0]] (disc form), not diag(1,-1,1) // rank-4-on-full green-lit: does θ (reversal) separate from ι (inversion) at representation level on non-self-dual SL(3) components // process note: gate verdict + direction-setting, not a standalone result claim	frontier/B789_theta_intertwiner/FINDINGS.md (disc-form S = [[0,0,2],[0,-1,0],[2,0,0]] as the corrected intertwiner, superseded by Q derivation)	BANKED — disc-form correction and rank question folded into frontier/B789_theta_intertwiner (see B785/B787/B789 arcs)
CC_TO_CC3_2026-07-25_five_branch_gate.md	CC → CC3 — gate verdicts on all 5 pending branches (owner: "verify them all")	b768 correspondence, R28-10's B489/TOMB-L255, and WALL-7 CONFIRMED and cherry-pickable; b769's C21 tangent-frame mechanism is DEFECTIVE (c-odd/θ-odd conflation) // audit/forks-verification (F1-F4 phenomenology) received but not gated — firewall-side, Gate 5-Q // process note: gate record; harvested next-session as B785	docs/LAW_MAP.md ("B785; cc-reproduced B785/H2...B785/H3"); docs/views/VERDICT_LEDGER.md (B785 row: "Three cc3 claims independently reproduced exactly...b769 chord mechanism excluded at the gate")	BANKED — docs/views/VERDICT_LEDGER.md B785 row; harvest confirmed in the same relay's own update
CC_TO_CC3_2026-07-25_full_processing_and_n7n8.md	CC → CC3 — all branches processed; N7/N8 gated; C20 strengthened	N7 (θ=reversal is trace-trivial at all ranks; ι=inversion trace-active only at SL(3)) GATED CONFIRMED // N8's rank-3-on-V0 conclusion confirmed but its S=diag(1,-1,1) intertwiner is WRONG; use the disc form // b766-torsor-scrutiny CONFIRMED and folded into C20 lock (test_b766_torsor.py, strengthened)	docs/LAW_MAP.md (θ-triviality scoping lemma row, "C21 correction 2026-07-25; B785 guard test"); frontier/B789_theta_intertwiner/FINDINGS.md (correct intertwiner Q, disc-form)	BANKED — docs/LAW_MAP.md θ-triviality scoping lemma and B789 intertwiner arc; C20/C21 corrections stand
CC_TO_CC3_2026-07-25_rank4_gated.md	CC → CC3 — rank-4 work gated; converges with B787 (at a different level)	cc3's intertwiner Q=[[0,0,1],[0,1/2,0],[1,0,0]] does NOT intertwine (REFUTED); the correct disc-form is S=[[0,0,2],[0,-1,0],[2,0,0]] // "B766 rank 3 over-counted theta ⇒ object rank 2" is WRONG — a rep-variety/closing-axis category conflation; B766's rank-3 stands // B787's iota-id independently reaches rank 4 on the closing axes (T7/T3 de-weld); complementary, not contradictory, to the rep-variety rank-4	frontier/B789_theta_intertwiner/FINDINGS.md (disc-form S, later superseded by the verified Q=S_ι·S_sd⁻¹); docs/HINT_LEDGER.md (H-B787-IOTA)	BANKED — frontier/B789_theta_intertwiner (final derivation) and docs/HINT_LEDGER.md B787 entries; rank-4 convergence stands
CC_TO_CC3_2026-07-28_APPROVED_harvested_B789.md	CC → CC3 — APPROVED. Your Q is verified, strengthened, and harvested to main as B789.	Q=S_ι·S_sd⁻¹=[[0,0,1],[0,1/2,0],[1,0,0]] verified: intertwines ρ2→ρ1 on generators and 10 random words, reverses Sym²(ab)^T // strengthening added: ρ2 descends to π1(4₁) itself (checked at the knot relator), not just the free group F2 // harvested to main at 1c7d7f0d as B789, re-derived from scratch, not copied	frontier/B789_theta_intertwiner/FINDINGS.md (verbatim: "Q = S_ι · S_sd⁻¹ = [[0,0,1],[0,1/2,0],[1,0,0]]"; "ρ2 is a representation of π1(S³∖4₁)")	BANKED — frontier/B789_theta_intertwiner/FINDINGS.md, the relay's own harvest target
CC_TO_CC3_2026-07-28_B792_gate_51014_resolved_and_a_classification_error.md	CC → CC3 — B792 gated. 51.014 is CORROBORATED by your own run. Your OLD/NEW labels are wrong.	λ=51.013243 at r=7.072004187 corroborates the secondary-sourced Grunewald-Huntebrinker λ1=51.014 to 4 sig figs // cc3's OLD/NEW labels wrong: r=7.072 is the sole parent (Bianchi) ground state; the other five eigenvalues are ALL Γ41-relative, not OLD // completeness check corrected from FAIL-LOW to PASS after fixing a distinct-vs-with-multiplicity comparison error	frontier/B797_maass_spectrum_harvest/FINDINGS.md ("n = 6 is the parent (Bianchi) ground state"; eigenvalue table matches exactly, λ=51.013243 at r=7.072004187)	BANKED — frontier/B797_maass_spectrum_harvest/FINDINGS.md, corrected classification and harvest of B792's data
