packet	arc	orientation_source	status	evidence	amphichirality_test	headline	mechanism	note	quoted	files_read
F000	DOC:CLAIMS.md#P34	NOT_ABOUT_CHIRALITY	STANDS	COMPUTED	symmetry_group().is_amphicheiral() (SnapPy three-way cross-check against the palindrome/anti-palindrome criteria, per B134/FINDINGS.md)	Amphichirality of metallic block bundles ⟺ block-length sequence is a cyclic palindrome — a symmetry classification, not a derived handedness.	A combinatorial palindrome condition on the LR-word (derived from the substitution/monodromy) predicts WHETHER the object equals its own mirror; it never picks a side when the word is not a palindrome.	This derives a yes/no amphichirality TEST from the word, not an orientation/handedness value — it answers 'is there a mirror symmetry' not 'which side'. Confirmed by grepping frontier/B134's probe.py, which calls symmetry_group().is_amphicheiral(), the valid test.	CLAIMS.md:86: | P34 | Metallic block bundles are amphichiral ⟺ the block-length sequence is a cyclic palindrome — a corollary of the published Goodman–Heard–Hodgson (2008) criterion plus an exhaustively certified string identity (5460 cases); adversarial novelty audit recorded. | `frontier/B134_chirality_recursion_proved` |	
F000	DOC:CLAIMS.md#P35	NOT_ABOUT_CHIRALITY	STANDS	COMPUTED	symmetry_group().is_amphicheiral() (SnapPy three-way check: pair-criterion == anti-palindromic(word) == is_amphicheiral, per B136/probe.py)	General amphichirality criterion for all once-punctured-torus bundles (reversal + component-swap invariance of the LR word) — again a symmetry test, exhaustively certified.	Reverse-order and component-swap (R↔L) invariance of the cyclic LR word, both computable from σ's word, predict amphichirality across 7380 cases.	Same caveat as P34: this is a mirror-symmetry test on the word, not a mechanism that assigns a side/handedness to a non-amphichiral object.	CLAIMS.md:87: | P35 | The amphichirality criterion for ALL once-punctured-torus bundles (reverse-order + component-swap invariance of the LR word), same GHH-2008 basis, exhaustively certified (7380 cases); specializes to the metallic palindrome law. | `frontier/B136_general_amphichirality` |	
F000	DOC:CLAIMS.md#P39	UNSTATED	STANDS	CITED	none	One of the six 'Ω strict-full theorems' re-derived here is named 'TC-4 orientation no-go' — a NEGATIVE result about deriving orientation.	Not detailed in this row (points to frontier/B156); named as a no-go, i.e. a proof that orientation is NOT derivable in that Ω-cone setting.	The row only names 'TC-4 orientation no-go' without stating its content; consistent with, but not itself proof of, the broader finding that orientation is not object-derivable. Would need frontier/B156/FINDINGS.md to see TC-4's exact statement, not fetched here.	CLAIMS.md:91: | P39 | The six Ω strict-full theorems (R/G algebra; TC-2 reciprocity; history-entropy = log 2; TC-1 unique minimal seed Ω₄; TC-4 orientation no-go; Fibonacci block-count), independently re-derived and adversarially verified (novelty NOT claimed — NEEDS-SPECIALIST stands). | `frontier/B156_omega_strict_full_cone` |	
F000	DOC:TERMINOLOGY.md#c-as-swap	OBSERVER_CHOICE	STANDS	ASSERTED	none (this is a glossary/terminology entry, not a computation)	'c-as-swap' term: complex conjugation/orientation/time-reversal SWAPS the object's two chiral copies; the object is swap-symmetric and the observer breaks the symmetry by CHOOSING a side.	The object (its two saddles, ρ_geom↔ρ̄_geom, τ↔τ̄) is invariant under the swap map c; nothing in the object singles out one copy, so 'which side' is left to the observer's choice of embedding/conjugation.	This is the record's canonical terminology answer to the seat's question: the object is symmetric under the swap and a side is always chosen by the observer, never derived from the object/rule.	TERMINOLOGY.md:192-195: - **c-as-swap**: the observer's conjugation c (complex conjugation / orientation / time reversal) acts as a SWAP that exchanges the object's two chiral copies everywhere (two saddles σ₁↔σ₂, ρ_geom↔ρ̄_geom, τ↔τ̄). The object is swap-symmetric; the observer breaks the symmetry by CHOOSING a side.	
F000	DOC:TERMINOLOGY.md#B1083-origin-torsor	OBSERVER_CHOICE	STANDS	COMPUTED	none (algebraic/combinatorial: exhaustive orbit enumeration to length 8, det M = -1, M^2 = RL verified by own code in frontier/B1083_origin_torsor_typed)	The founding substitution rule a→ab, b→a is itself a basepoint choice on a free-transitive K4-torsor whose spendable bits are C (swap/chirality) and P (reversal); the arrow is NOT a torsor bit.	The four Fibonacci-type rules form one free transitive K4-orbit under reversal-conjugation and swap-conjugation; picking σ: a→ab, b→a is a basepoint-taking on that torsor, i.e. an arbitrary choice among 4 symmetric alternatives, not a forced/derived selection. Swap (chirality) and reversal (parity) are both 'spendable choices'; only the arrow (monoid non-surjectivity, 'bb' has no preimage) is intrinsic/unspendable.	This is the single most direct answer to the seat's question about σ itself: even the choice of the specific rule a→ab,b→a is a basepoint choice among 4 symmetric alternatives on a free-transitive torsor, and the chirality bit (swap) is explicitly one of the 'spendable choices', not an intrinsic/forced feature. Arc verdict: PROVED (B1083, frontier/B1083_origin_torsor_typed/arc_verdict.json).	"TERMINOLOGY.md:420-424: The four natural Fibonacci substitution rules form one free transitive K₄-orbit under reversal-conjugation and swap-conjugation; the founding choice `a→ab, b→a` is a basepoint-taking on this torsor. The original typing (""reversal = time's arrow, swap = chirality"") is **corrected**: all four orbit points are FORWARD substitutions (no K₄ element inverts the dynamics), so reversal is a **P-type** bit (parity, reading direction) and swap is the **C-type** bit (chirality) — but **the arrow is not on the torsor at all**."	
F000	DOC:TERMINOLOGY.md#B1095-mirror-isospectral	UNSTATED	STANDS	COMPUTED	none (spectral/numerical: eigenvalue agreement to 1.3e-15 over 2584 eigenvalues, per B1095)	At a reversal-closed cut window the two hands (of the substitution's bi-infinite word) are exactly isospectral but localize complementarily — the P-bit (parity) is realized physically, but this is about the origin torsor's P-bit, not chirality per se, and no orientation is derived, only a spectral symmetry.	An exchange matrix J conjugates one half-line Hamiltonian into the other (J·H_R·J = H_L), forcing spectral agreement; which shared eigenstate localizes left vs right is the free (P-equivariant) half, distinguishing FORCED (energies) from FREE (localization side).	This concerns the P-bit (parity/reversal), a different bit from the C-bit (chirality/swap) per B1083's typing; included because the question also asks about 'a side always chosen', and here again which-side (of localization) is explicitly labeled FREE/chosen, not forced.	TERMINOLOGY.md:461-467: at a reversal-closed window the cut's two hands are **exactly isospectral**... The **energies are P-invariant (forced); the localization is P-equivariant (free)** — the origin torsor's P-bit (B1083) physically realized as *which* shared state binds where.	
F000	DOC:TERMINOLOGY.md#location-theorem	NONE_OBJECT_AMPHICHIRAL	STANDS	MIXED	none stated in this glossary row (see individual arcs B1084/B1086/B1087 for their own instruments)	THE LOCATION THEOREM (four independent registers): no CLOSED assembly of the object can be chiral in matter counts; chirality becomes measurable only where the object is NOT closed (at a cut or an isolated point) — i.e. never derived from the closed object/rule itself.	Four independent proofs (Poincaré-duality pairing forcing h¹(D;27)=h¹(D;27̄); non-isolated ADE enhancement on the flat G2 cone; the substitution rule's completion-kernel; charge/holonomy non-commutativity on any closed object) converge on: closed ⟹ vector-like/achiral; chirality only appears at a boundary/cut/hatch, i.e. where an external structure (the cut, the observer) is introduced.	This is a strong, repeatedly-fenced claim that the closed object (the rule σ's natural closed geometric realization) cannot supply chirality at all; a side only becomes definable once an external cut/observer structure is introduced.	TERMINOLOGY.md:488-490: Chirality becomes measurable exactly where the object is **not** closed: at a cut (the edge, B1085/B1095) or an isolated transversal point (the hatch, B1084/B1098). Fence carried verbatim at every landing: **chirality-at-count is NOT claimed** even where the matter content is representation-level complex (B1100).	
F000	DOC:docs/RETRACTIONS.md	UNSTATED	CANNOT_CHECK	ASSERTED	none	No row in RETRACTIONS.md mentions chirality, orientation, mirror, amphichirality, parity, complex conjugation, or 'choosing a side'.	n/a	No chirality-related retraction exists in this file as of the read; this means no arc's chirality finding is flagged as retracted THROUGH this specific ledger (individual arc_verdict.json supersedes/retraction fields were checked separately per-arc instead).	grep -ni chirality|orientation|mirror|amphich|parity|conjug|c-swap|choos.*side docs/RETRACTIONS.md returned zero matches (file is 87 lines, present, read via grep).	
F000	DOC:docs/ERROR_LEDGER.md#E16	NOT_ABOUT_CHIRALITY	RETRACTED	COMPUTED	none (this is an Atkin-Lehner sign/root-number computation, not a manifold amphichirality test)	E16: a prior seat over-read opposite Atkin-Lehner signs as an emergent 'chirality'/c-breaking at level 15; corrected — the signs are a GENERIC even-rank elliptic-curve fact, zero 3-vs-5 (being/hearing) content.	Root number ε=w∞w3w5=(−1)^rank forces opposite AL signs whenever rank is even, independent of any 3-vs-5 (chirality-relevant) structure; verified against other curves 14a/26a/57a.	A cautionary instance: a chirality label was mistakenly attached to a generic arithmetic fact and then retracted — reinforces that claimed chirality-derivations in this record need independent verification, not citation.	"docs/ERROR_LEDGER.md:30: | E16 | **Chirality over-reading (my E-2a/S067 read)** | I read the opposite Atkin-Lehner signs w₃=+1, w₅=−1 as an emergent bifocal ""chirality"" / c-breaking at level 15 | they are FORCED by E₁₅'s EVEN RANK (root number ε=w_∞ w₃ w₅=(−1)^rank; opposite signs ⟺ even rank), a GENERIC elliptic-curve fact (verified 14a/26a/57a) — zero 3-vs-5 content | cc2 caught it in E-3b; verified this seat; S067 row-3 falsified; owned (B695)"	
F000	DOC:LAW_MAP.md#B713	ARITHMETIC_GALOIS	STANDS	COMPUTED	symmetry_group().is_amphicheiral() plus is_isometric_to(mirror) used only as a non-load-bearing optional cross-check (frontier/B713_chirality/b713_probe3.py, 'W1+W2 already suffice')	CHIRALITY IS THE OBSERVER'S, NOT THE OBJECT'S: 'which chirality' is a non-canonical ℤ/2 Galois torsor bit = the observer's fiber-functor choice; chirality enters through the coupling, not the object.	The two chirality labels correspond to the two roots of y²−3y+3 (disc −3, irreducible over ℚ); Gal(ℚ(√−3)/ℚ) acts simply transitively (free+transitive, 0 fixed points) on this pair, so there is no canonical/Galois-fixed chirality — selecting one is an arbitrary choice of embedding.	Directly answers the seat's question: nothing derives a specific handedness from the object; the Galois torsor is free and transitive (no fixed point), so a side is always chosen (here, a choice of complex embedding). Arc verdict NEGATIVE (i.e. the hypothesis that chirality is object-intrinsic is negatived).	docs/LAW_MAP.md:150: | **CHIRALITY IS THE OBSERVER'S, NOT THE OBJECT'S (B713)** | ... 'which chirality' is a non-canonical ℤ/2 Galois torsor bit (fiber y²−3y+3, disc −3, simply-transitive; same V₄ as the fiber functor) = the observer's fiber-functor choice. Chirality enters through the COUPLING, not the object |	
F000	DOC:LAW_MAP.md#B717	OBSERVER_CHOICE	SUPERSEDED	ASSERTED	none in this synthesis row	THE OBSERVER-EMERGENCE SPINE (capstone): CHIRALITY is one of the object's incompletenesses, closed by the observer via 'Galois-sheet/c-swap'; c-as-SWAP means the observer breaks the object's swap-symmetry by choosing a side. Measurement = the choosing.	Synthesizes B713-B716: space (Dehn slope), time (flow continuation), chirality (Galois-sheet/c-swap), value (torsor basepoint) are all closings supplied by the observer, none intrinsic to the timeless/vector-like object.	Marked SUPERSEDED because the 'Galois-sheet' framing for chirality (identifying it with the β=1 SSB's Gal(K^ab/K) label) was later retracted by B942/B1004 (see next result) — the underlying conclusion (a side is chosen by the observer, not derived from the object) survives even though the specific Galois-group identification does not.	docs/LAW_MAP.md:156: | **THE OBSERVER-EMERGENCE SPINE (B717, capstone)** | ... CHIRALITY (Galois-sheet/c-swap), VALUE (torsor basepoint). Two motifs: boundaries↔closings; c-as-SWAP (observer breaks the object's swap-symmetry by choosing a side). Measurement = the choosing |	
F000	DOC:LAW_MAP.md#B942-B957	ARITHMETIC_GALOIS	STANDS	COMPUTED	none (pure Galois-group membership computation, not a manifold isometry/CS test)	B942 (kill condition executed) + B957: the earlier 'chirality = Gal(K^ab/K) label produced by β=1 cooling' identification is REFUTED (c ∉ Gal(K^ab/K), computed 2 ways); chirality is relocated one level up to the ℤ/2 quotient Gal(K/ℚ), present at every temperature, produced by no cooling — c-swap is arithmetic, not thermodynamic.	In 1→Gal(K^ab/K)→Gal(K^ab/ℚ)→Gal(K/ℚ)→1, complex conjugation c fixes K pointwise's negation (sends √−3↦−√−3) so c is never in the kernel Gal(K^ab/K) (verified symbolically and in 14 cyclotomic layers, index 2 throughout); no canonical ℤ/2 quotient exists in the profinite tower (census 0…31, unbounded) so even the relabeled group does not pin a canonical chirality value.	This retracts B723's specific SSB/thermal-cooling mechanism for chirality but keeps the fiber-functor-choice structure of B713/B717: chirality's existence as a ℤ/2 label is arithmetically forced (Gal(K/ℚ), from the object's own trace field ℚ(√−3)) but WHICH element (which side, i.e. the c-swap value) is still not object-derived — it remains the observer's fiber-functor/embedding choice per B713 (unretracted).	docs/LAW_MAP.md:218: ...c ∉ Gal(K^ab/K) (computed 2 ways, 14 cyclotomic layers, index 2 throughout), no canonical ℤ/2 quotient exists (census 0…31, unbounded), K has zero real places ⟹ **chirality is arithmetic (ℚ vs K), not thermal — present at every temperature, produced by no cooling** | `frontier/B942_l113_bc_falsifier` ... docs/LAW_MAP.md:222: B723 placed **chirality** and **values** in Gal(K^ab/K); chirality actually lives in **Gal(K/ℚ)** (B942) ... The *structure* — measurement = fiber-functor choice with Galois ambiguity — survives; the group assignment does not |	
F000	DOC:LAW_MAP.md#B945	UNSTATED	STANDS	COMPUTED	GHH criterion (ρσ = amphichirality) verified computationally per B945/tests/test_b945_l126.py	TIME-REVERSAL AND CHIRALITY ARE INDEPENDENT: reversal (ρ, time) and R↔L swap (σ, chirality) generate a Klein group on cyclic LR-words; GHH amphichirality = ρσ. One closing does not supply both arrow and handedness.	Stab(m004) is the FULL Klein group; both ρ and σ individually fix the word RL, so the amphichirality of m004 doesn't privilege either bit alone; of 31 amphichiral classes at length≤10, 18 are diagonal-only vs 13 full, showing the two ℤ/2's are genuinely separate structures.	Confirms chirality (the R↔L swap bit) is a distinct, separately-tracked ℤ/2 from time/parity, consistent with B1083's later C/P split; does not itself derive a specific handedness, only classifies the symmetry structure.	docs/LAW_MAP.md:109: | **TIME-REVERSAL AND CHIRALITY ARE INDEPENDENT *HERE* (B945 — L126 closed negative)** | on cyclic LR-words ρ = reversal (base S¹ ⟹ time) and σ = R↔L (fiber flip ⟹ chirality) generate a Klein group; GHH amphichirality = ρσ. **Stab(m004) = FULL Klein** ... One closing does NOT supply both arrow and handedness; B717's two closings stand |	
F000	DOC:LAW_MAP.md#B994	OBSERVER_CHOICE	STANDS	COMPUTED	none in this row (cites B713's result)	THE CASCADE'S ENDPOINT IS RULE-INDEPENDENT: 'registerable = chirality', and B713/B760 prove the object does not supply chirality — the SM endpoint is forced by an input (chirality) the object does not have.	Enumerating every registerable-respecting selection function over the cascade's rule-variation axis gives six chains, all landing on the SM; but 'registerable' at each step is exactly the requirement 'the generation stays chiral', and chirality itself is externally supplied, not object-derived (citing B713/B760).	Directly states, in the physics-facing part of the record, that chirality is an EXTERNAL input to the cascade, not something derived from the object/rule — consistent with B713/B717/B942.	"docs/LAW_MAP.md:330: ...**THE LIMIT, and it is the point: registerability IS CHIRALITY** (*""registerable = the generation stays chiral""*), and **B713/B760 prove the object does not supply chirality** — *the object cannot close itself*. **So the endpoint is forced by an input the object does not have.** Honest statement: *given E₆ ... and given CHIRALITY (external), six paths land on the SM.*"	
F000	DOC:philosophy/P019_the_genesis_axiom_chain.md#A6	OBSERVER_CHOICE	STANDS	ASSERTED	none	A6 [AXIOM]: orientability itself is a CHOSEN axiom — the monodromy is taken orientation-preserving (σ² not σ) — with the non-orientation-preserving sibling (det −1, the Gieseking manifold) explicitly a 'legitimate discarded object'.	σ's own matrix has trace 1, det −1 (non-orientation-preserving); the record takes the SQUARE (trace 3, det +1) to get an orientable object (m004/figure-eight). Choosing to square rather than keep σ itself is flagged as a hand-made 'engineering choice', not a theorem.	This is upstream of chirality/amphichirality entirely: even ORIENTABILITY (a precondition for asking 'chiral or not') is not derived from σ alone but is a chosen axiom (squaring), with the non-orientable alternative (Gieseking, from σ itself) explicitly named as a discarded, equally legitimate sibling — reinforced later by B1083's finding that 'orientability and amphichirality are bought together at tick two' (i.e., only after the chosen squaring).	philosophy/P019_the_genesis_axiom_chain.md:52-54: **A6 [AXIOM — orientability, the squaring].** The monodromy is taken orientation-preserving: not σ's matrix (trace 1, det −1) but its square (trace 3, det +1, dilatation φ²). *(The figure-eight is golden SQUARED — banked long ago as B122. The det −1 sibling is a legitimate discarded object; see fork F5.)*	
F000	B1033_generation_adjudication	UNSTATED	STANDS	MIXED	none (this arc is about E6 representation content/generation counting, not manifold chirality)	B1033 (generation adjudication, PROVED) does not itself compute chirality/orientation, but its ADDENDUM explicitly states the programme DECLARES chirality as an input rather than deriving it.	B1033 adjudicates whether the su(3)' index in the 27's flavor structure is a generation-count or a chiral/trinification algebra (finding: chiral/trinification, orthogonal to generation count); its addendum situates this against the Distler–Garibaldi framework and states the programme's own posture toward chirality.	Confirmed via git grep that B1033 is not retracted or superseded (frontier/B1034, B1036, B1044 all cite/build on it without contradiction). Its content is orthogonal to the core chirality-derivation question but its addendum is a rare explicit programme-level admission that chirality is declared/input, not derived — consistent with B713/B994/B942 above. FINDINGS.md and PREREGISTRATION.md were read; no chirality-specific computation appears in the main body.	frontier/B1033_generation_adjudication/ADDENDUM_2026-08-12.md: this arc's chain sits outside DG's hypothesis precisely because the programme DECLARES chirality as an input rather than deriving it — not a lucky escape but the price paid in the open	
F001	B1036_mirror_double	NOT_ABOUT_CHIRALITY	STANDS	COMPUTED	none	Uses the mirror-double M ∪_∂ M̄ as a cohomological construction (to gain multiplicity classes), not as an amphichirality test; no orientation is derived or tested.	Mayer-Vietoris on the double built from M glued to its orientation-reversed copy M̄ (mirror rep composed with sp.conjugate); the 'mirror' here is a fixed construction ingredient, not a computed handedness result.	No σ:a→ab,b→a rule appears in this arc; the 'mirror' is an algebraic doubling device (M̄), and no side/orientation is derived from it -- it's given as input to build the double, not tested for handedness.	"b1036_cells.py:1: ""B1036 -- THE MIRROR-DOUBLE SYMMETRIC TEXTURE (sealed a10ae240 pre-compute).""; PREREGISTRATION.md: ""the mirror side built by the banked twisted-double machinery (B639 precedent; the mirror rep composed with conjugation -- sp.conjugate, never subs)"""	
F001	B1086_spectrum_law	ARITHMETIC_GALOIS	STANDS	COMPUTED	none (direct cohomological equality h¹(27)=h¹(27̄), not a snappy is_isometric_to/symmetry_group call)	Chirality at count level is proved ZERO for every closed double (h¹(D;27)=h¹(D;27̄) in every cell); the mirror is identified with the Galois conjugation on the trace field, not with any σ-derived intrinsic orientation.	Poincare duality forces h¹(D_t;27)=h¹(D_t;27̄) on any closed double; separately, gal(ρ(λ))=ρ(λ)⁻¹ (meridian fixed) shows the geometric mirror acts exactly as the Galois automorphism of K=ℚ(√-3).	The arc computes that closed doubles are count-achiral and that the geometric mirror coincides with an arithmetic (Galois) label; it does not derive handedness from σ:a→ab,b→a, and treats the mirror as an externally-fixed Galois twist rather than an intrinsic byproduct of the substitution rule.	"FINDINGS.md:44-46: ""h¹(D_t; 27) = h¹(D_t; 27̄) in EVERY cell ... exactly as Poincaré duality forces for any closed double""; FINDINGS.md:66-67: ""The mirror=Galois identity that rides this arc (gal(ρ(λ)) = ρ(λ)⁻¹ exactly, meridian fixed) was independently verified ... B570's c-chirality line is now a computed peripheral fact."""	
F001	B1095_mirror_isospectral	OBSERVER_CHOICE	STANDS	COMPUTED	none (spectral/numerical eigenvalue comparison, not a snappy amphichirality call)	The two 'hands' (left/right half-lines) share their spectrum exactly at reversal-closed windows; the hand is only WHICH SIDE the observer/detector localizes states to -- a free (equivariant), not forced, choice.	At even-Fibonacci-index windows the left word is the letter-reversal of the right word, giving a conjugation J with J·H_R·J=H_L; energies are P-invariant (forced by this symmetry) but which hand binds which state is P-equivariant, i.e. hand-dependent/free.	This arc is about a substitution word's left/right halves (Fibonacci-type, structurally the same family as σ:a→ab,b→a) but explicitly frames handedness/side as which-hand-binds -- a free/equivariant fact, not something forced or intrinsically derived; no result here claims σ itself picks a side.	"FINDINGS.md:34-36: ""the exact statement is stronger: the energies are P-invariant (forced); the localization is P-equivariant (free). The origin torsor's P-bit (B1083: reversal = parity, not arrow) is physically realized as WHICH shared states bind -- the forced/free ontology instantiated in one computation."""	
F001	B1127_antilinear_completion	OBSERVER_CHOICE	STANDS	MIXED	none (Lie-algebra signature/automorphism-count detector, not a knot-amphichirality call)	Compact color requires a generic (non-object) complex conjugation; the object's own arithmetic mirror is proved trivial on the color layer, so the compactifying handedness is explicitly the OBSERVER'S, not the object's.	I1,I2 are ℚ-rational, hence fixed pointwise by any field automorphism of ℂ/ℚ, so the object's own Galois mirror (√-3↦-√-3) acts as the identity on color; the τ that actually flips (5,3)→(0,8) is the generic (non-arithmetic) complex conjugation.	The arc explicitly overrules its own headline/agent framing (which claimed the object's own mirror supplies compact color) in favor of the fence: handedness/compactification here is asserted to be the observer's choice, not derived from the object; this is the clearest single statement in the packet that a side is chosen, not computed from the object's own structure.	"FINDINGS.md:36-43: ""The object's OWN arithmetic mirror does NOT supply this. ... the literal ℚ(√−3)-Galois twist ... acts as the identity on the color layer and can carry no antilinear structure there. ... The τ that actually flips (5,3)→(0,8) is the GENERIC complex conjugation -- B1114's 'the observer's choice of real structure, not the object's.' So compact color is the OBSERVER'S archimedean closing -- into the object's own M(𝕆,ℂ) form."""	
F001	B1168_c5_investigation	OBSERVER_CHOICE	STANDS	MIXED	"none run in this arc; amphichirality of m004 is asserted/cited as background (""m004 is amphichiral"")"	A decidable parity+dimension law: object-canonical archimedean data are exactly the mirror-EVEN, dimensionless ones; orientation (mirror-odd) and scale are proved to be exactly what the OBSERVER supplies -- m004's amphichirality is cited, not re-derived, as the underlying fact.	Classify each ∞-place datum by mirror-parity (orientation-reversing self-isometry action) and dimensionfulness; Vol/cusp-shape/length-spectrum are mirror-even (object); Chern-Simons/torsion-sign/orientation are mirror-odd (observer); CS≡0 because m004 is amphichiral.	No σ:a→ab,b→a rule appears here; the arc's whole conclusion is that orientation is by construction the observer-supplied (mirror-odd) complement to the object's mirror-even data, i.e. a side is chosen, not derived, and m004's amphichirality (no intrinsic orientation) is exactly why.	"FINDINGS.md:11-12: ""Classify each datum the object carries at the archimedean (∞) place by how the mirror (the orientation-reversing self-isometry -- m004 is amphichiral) acts on it""; FINDINGS.md:29-32: ""THE DECIDER: an archimedean datum is object-canonical iff it is mirror-EVEN and dimensionless ... The observer supplies exactly the complement: the mirror-odd completion (the orientation bit ...)"""	
F001	B1169_qualia_parity_synthesis	OBSERVER_CHOICE	STANDS	MIXED	none run directly in this arc (re-cites B1168's parity facts and B1163's amphichirality result)	Synthesis: 'CHOICE' is explicitly named as the mirror-odd orientation bit, always observer-supplied (never object-derived); the rule σ:a→ab,b→a is cited only as the arithmetic root of a conserved trace κ, not as a source of orientation.	Four independent probes (QP-4 no-hatch, B1163 amphichiral⇒no canonical orientation, B1168/C5 parity, B1134/5 real-structure fork) converge on: the object cannot self-close/self-orient; the missing bit is named CHOICE = mirror-odd orientation = observer-supplied.	This is the one arc in the packet that literally quotes σ:a→ab,b→a; it uses σ only to source a conserved arithmetic quantity (κ=tr[a,b], the Perron eigenvalue φ) in a field, and explicitly does NOT use σ to derive orientation -- orientation is defined as exactly the observer-supplied bit the object provably lacks.	"FINDINGS.md:20-23: ""The arithmetic ties it to the σ/κ root: the object-paid phase is μ₆ ... the blanket's shape carries √3 ... Both live in the field σ: a→ab, b→a generates (Perron eigenvalue φ, conserved κ=tr[a,b]). The recessive root was quietly active under this week's archimedean work.""; FINDINGS.md:25-28: ""CHOICE = the mirror-odd orientation, observer-supplied ... The 'choice the object lacks' is the mirror-odd orientation bit."""	
F001	B1174_z2_identification	ARITHMETIC_GALOIS	STANDS	COMPUTED	none (a Galois/trace-conjugation identification, not an is_isometric_to or symmetry_group call)	Proves the mirror = chirality = the generator c of Gal(K/ℚ), K=ℚ(√-3), via SnapPy trace-conjugation on m004; orientation is an arithmetic (Galois) label, not something σ derives, and other program ℤ/2's are proved to be different legs (not the same involution).	Reversed m004's holonomy traces on generators a,b,ab are the field-automorphism conjugates of the unreversed traces (SnapPy, 1e-9 numeric); this identifies the geometric mirror with the Galois generator c of K=ℚ(√-3)/ℚ, located exactly inside two Klein four-groups by exact reduction mod Φ₁₂.	The generators a,b here are m004's fundamental-group/holonomy generators (SL2C representation), not the substitution-rule letters of σ:a→ab,b→a; this arc derives orientation from Galois/arithmetic structure on the trace field, explicitly not from the substitution rule, and no result claims σ intrinsically picks a side.	"verification/z2_identification.txt lines under '(1)': ""mirror traces = conjugate traces (up to sign lift): True"" / ""=> on K=Q(sqrt-3) inside C, the mirror acts as complex conjugation c = Gal(K/Q)'s generator.""; FINDINGS.md:18-21: ""c = the mirror = chirality = Gal(K/ℚ)'s generator, verified: The mirror acts on traces as complex conjugation (SnapPy: the reversed m004's holonomy traces are the conjugates ...)"""	
F001	B1181_amphichirality_closure	NONE_OBJECT_AMPHICHIRAL	STANDS	COMPUTED	"is_isometric_to(mirror) -- verification/reproduce.sh: ""W = M.copy(); W.reverse_orientation() ... amph = M.is_isometric_to(W) ... assert amph is True"""	Confirms 83/83 amphichirality across the corrected family (m004 included) using is_isometric_to(reverse_orientation-copy) -- i.e. exactly the is_isometric_to(mirror) test the audit flags as known-vacuous -- despite the record's own claim to be avoiding a 'vacuity trap'.	For each named manifold M, build W=M.copy(); W.reverse_orientation(); assert M.is_isometric_to(W) is True across randomize() retries; this is is_isometric_to(mirror), not symmetry_group().is_amphicheiral() or a Chern-Simons computation.	The document's own framing text names 'isometry_signature' as the vacuity trap it avoided, but the actual method run -- M.is_isometric_to(reverse_orientation copy) -- is precisely the is_isometric_to(mirror) call the audit brief identifies as the known-vacuous amphichirality test; this is a genuine mislabeling risk worth flagging to the seat even though the underlying conclusion (m004 and 82 siblings amphichiral) is not itself about deriving an orientation from σ.	"verification/reproduce.sh:1-2: ""# B1181 -- the amphichirality debt closed: cc3's 83/83, spot-verified here 5/5 by MIRROR-ISOMETRY (deliberately not isometry_signature -- the known vacuity trap).""; reproduce.sh body: ""M = snappy.Manifold(name); W = M.copy(); W.reverse_orientation() ... amph = M.is_isometric_to(W); ... assert amph is True, name"""	
F002	B1208_cross_seat_harvest	ARITHMETIC_GALOIS	STANDS	MIXED	none (this leg identifies the mirror map with Galois/complex conjugation on the trace field; no is_isometric_to/is_amphicheiral call is run here)	LEG 5: mirror = complex conjugation = the Φ3-root swap = c, derived from t satisfying the same relator under conj; LEG 6: κ separates object's point from its Galois-conjugate/mirror point, proving the mirror is irremovable by any internal symmetry.	t^2=t-1 makes t a primitive 6th root, ω=t^2 a primitive cube root; conj(t)=1-t satisfies the same relator so conjugation acts on the character variety and reverses orientation, i.e. mirror=c. Separately κ(P0)=1+ω vs κ(gal P0)=2-ω and every internal group element preserves κ identically, so nothing carries gal(P0) back to P0.	This arc derives handedness from a Galois/complex-conjugation structure on the trace field, i.e. an arithmetic label, not from σ:a→ab,b→a directly nor by observer fiat. No B1208 hits appear in docs/RETRACTIONS.md; not retracted.	"frontier/B1208_cross_seat_harvest/FINDINGS.md:141-142: ""involution on them; `ω² = conj(ω)`; and `conj(t) = 1 − t` **satisfies the same relator**, so\nconjugation acts on the character variety and reverses orientation. **⟹ mirror = conjugation = the"	
F002	B1224_amphichiral_cs_torsion	GEOMETRY_CS_OR_TORSION	STANDS	COMPUTED	M.symmetry_group().is_amphicheiral() (kappa_cs.py line 8: a = M.symmetry_group().is_amphicheiral())	Amphichirality (SnapPy symmetry_group().is_amphicheiral()) forces Chern-Simons to be exactly 2-torsion {0,1/4}; m004 happens to sit at 0 — a contingent datum, not something the mechanism singles out.	Amphichirality gives CS=-CS hence 2*CS=0 in R/(1/2)Z, whose 2-torsion subgroup is exactly {0,1/4}; census check finds 6/6 amphichiral one-cusped manifolds landing exactly on {0,1/4} with m004 at 0.	Amphichirality itself is treated as a given manifold property (checked via the valid test, not the vacuous is_isometric_to); m004's landing at 0 rather than 1/4 is explicitly called contingent, not forced by the mechanism. Not retracted (no B1224 hits in docs/RETRACTIONS.md); addendum resolves an internal Atlas wording tension in the arc's own favour.	"frontier/B1224_amphichiral_cs_torsion/FINDINGS.md:1: ""# B1224 — A GATE OF OURS KILLED A POSITIVE: amphichirality forces CS to be 2-TORSION, and the thesis survives on its own quantity"" ; kappa_cs.py:8: ""a = M.symmetry_group().is_amphicheiral()"""	
F002	B1226_the_beta_odd_box	GEOMETRY_CS_OR_TORSION	STANDS	COMPUTED	symmetry_group().is_amphicheiral() (cross-checked by cusp-map determinant sign); is_isometric_to(mirror) explicitly named and shown vacuous/misleading	Names the correct amphichirality test explicitly and shows the CS=0-iff-amphichiral equivalence is refuted both directions; m004's blindness-to-k is reclassified as a contingent datum (which ℤ/2 element the object sits at), not a symmetry theorem.	Counterexamples on the 600-manifold census: m208 is chiral but has CS=0 (kills CS=0=>amph), and m003/m135/m207 are amphichiral but CS=1/4 (kills amph=>CS=0). M.is_isometric_to(mirror) is shown to be a false test (finds orientation-reversing isometries, not amphichirality) via m208, where symmetry_group().is_amphicheiral() cross-checked by cusp-map determinant gives the correct answer.	Directly documents the vacuity of is_isometric_to(mirror) named in the seat's question. Reclassifies m004's CS=0 as a contingent object datum (which element of the forced Z/2 it occupies), not something derived from an intrinsic rule. Not retracted.	"frontier/B1226_the_beta_odd_box/FINDINGS.md:35-39: ""`M.is_isometric_to(mirror)` returns `True` for m208 — and\nit is **not a chirality test**: it finds *orientation-reversing* isometries. The authoritative test is\n`symmetry_group().is_amphicheiral()`, cross-checked here by cusp-map determinant: m208's isometries to\nits mirror all have `det = −1`; m004's and m003's carry **both** `+1` and `−1`."""	
F002	B1227_one_theorem_two_regimes	NONE_OBJECT_AMPHICHIRAL	STANDS	ASSERTED	none (amphichirality is the hypothesis of the theorem, not tested here; relies on B1224's prior SnapPy computation)	Generalizes B1224's argument: for any amphichiral M and mirror-odd invariant I valued in abelian group A, 2*I(M)=0 in A — a conditional theorem taking amphichirality as a given hypothesis, not deriving it from σ.	"Amphichirality is assumed (""Let M be amphichiral, so the mirror μ is a self-isometry""); invariance under an isometry plus mirror-oddness of I forces 2*I(M)=0; torsion of A then decides whether I lands in {0,1/4} (B1224) or is forced to exactly 0 (B1225's regime)."	Purely a consolidation theorem conditioned on amphichirality; does not itself derive orientation from σ or test m004's amphichirality (imports it from B1224). Not retracted.	"frontier/B1227_one_theorem_two_regimes/FINDINGS.md:8-9: ""Let `M` be amphichiral, so the mirror `μ` is a **self**-isometry: `μ(M) ≅ M`. Let `I` be an\nisometry invariant valued in an abelian group `A`, and mirror-**odd**: `I(μM) = −I(M)`."""	
F002	B1234_a6_built_the_walls	OBSERVER_CHOICE	STANDS	COMPUTED	is_isometric_to used only to confirm m004 = orientation cover of m000 (a distinct claim from amphichirality); amphichirality of the 40-manifold cover set is asserted/counted from construction (deck transformation argument), not via symmetry_group().is_amphicheiral() call shown in this arc	Traces amphichirality of m004 to a single upstream construction choice (A6: 'take M-squared, the orientable one') rather than to any intrinsic property of the object; orientation double covers are amphichiral 100% by construction (40/40) vs a 3% base rate.	m004 is the orientation double cover of the non-orientable Gieseking manifold m000 (isometric, volume ratio exactly 2.0); an orientation double cover always carries the orientation-reversing deck transformation, forcing amphichirality by construction (100% vs 3% control base rate). A6, the step choosing the orientable square M^2 over the det=-1 M, is explicitly labeled a choice/[AXIOM], not a derivation.	This is the arc most directly answering the seat's question for the arc set: it argues explicitly that amphichirality (hence CS=0, hence all eight downstream 'walls' including chirality-not-self-supplied) traces to a chosen construction step (A6), not to the substitution rule or object intrinsically. Not retracted (no B1234 hits in docs/RETRACTIONS.md).	"frontier/B1234_a6_built_the_walls/FINDINGS.md:25,56: ""## Cell 1 — amphichirality is *forced by the construction*, not found in the object"" ... ""**A6 is a choice.** P019 already labels it `[AXIOM]`. B749 already priced its fork **F5 as FRAGILE**,\nnaming the det −1 sibling as the Gieseking. **The record priced the choice and never connected it to\nthe walls.**"""	
F002	B124_time_reversal_reciprocity	RULE_INTRINSIC	STANDS	COMPUTED	none run in this arc; it cross-references B118/B121's amphichirality result rather than computing it	A det=-1 handedness (parity-type) asymmetry is found intrinsically in the SL(n) trace-map tower's mode-count spectrum (algebraic, not a manifold's amphichirality), cross-referenced to B118/B121 amphichirality but explicitly scoped as a different (representation-theoretic) chirality from the topological one.	At SL(n>=3), det=-1 spectra carry char(-M^h) negative-mode sectors absent at det=+1, an O(n/2) sign/chirality imbalance tied to the inversion identity char(M^-1)=char(-M); expanding and contracting mode counts are exactly equal at every n and both det signs, so there is a P-type asymmetry but no T-type arrow.	B127 later explicitly notes this is the algebraic P-parity of the representation tower, orthogonal to and distinct from the manifold's topological CS/amphichirality; it does not derive m004's orientation from σ. Not retracted (grep hits are cross-refs only).	"frontier/B124_time_reversal_reciprocity/FINDINGS.md:55: ""**Is:** a generic symplectic time-reversal structure (§1) + one real metallic-specific residue — a det=−1 *handedness*\n  (P) asymmetry (§2), exact constant open."""	
F002	B127_chirality_arithmetic_naming	RULE_INTRINSIC	STANDS	COMPUTED	none named explicitly in this file beyond citing SnapPy complex_volume=0 (machine zero) as the CS witness; amphichirality is inferred from the word-palindrome argument rather than a direct is_amphicheiral() call shown here	M-2: the word R^m L^m (m=1 corresponds to m004 via RL) is palindromic under reverse+swap, an orientation-reversing symmetry intrinsic to the word, hence amphichiral — computed to give CS=0 exactly (m=1..6) confirmed by SnapPy against a discriminating census mix.	The swap conjugation sends L^m R^m -> R^m L^m; this reverse+swap palindrome structure of the word itself is an orientation-reversing symmetry of the manifold, forcing amphichirality (and hence CS=0) directly from the combinatorial structure of the substitution word, not from an external choice.	This is the clearest case in the record of an intrinsic (RULE_INTRINSIC) derivation: the word's own palindrome-under-swap structure is what forces amphichirality/orientation-symmetry, for the pure single-block case that includes m004 (m=1, RL). B128 later scopes this as the k=1 corner of a broader recursion (see B128). Not retracted; verdict NEGATIVE for the physics-bridge claims but M-2 (math) stands.	"frontier/B127_chirality_arithmetic_naming/FINDINGS.md:19-20: ""Structural reason: `R^m L^m`\n  is palindromic under reverse+swap (the swap conjugation sends `L^m R^m → R^m L^m`) — an orientation-reversing\n  symmetry, hence amphichiral."""	
F002	B128_symmetry_breaking_chirality	OBSERVER_CHOICE	STANDS	COMPUTED	M.symmetry_group().is_amphicheiral(), gated on M.symmetry_group().is_full_group()==True; explicitly validated against and contrasted with the vacuous naive M.is_isometric_to(M_mirror) (false positives on known-chiral m015/m016/m009)	Central theorem: the metallic structure PERMITS symmetry breaking (chirality) but never FORCES it — for k=1 (m004) it is forced achiral by the R<->L block swap = word reversal; a genuinely chiral (handed) object only appears when multiple towers are glued in a non-palindromic ORDER, and that order is an explicit free choice, not derived.	Chirality recursion theorem (M-A): W=R^m1 L^m1...R^mk L^mk is amphichiral iff the block-length sequence (m1,...,mk) is itself amphichiral (its reversal is a cyclic rotation of itself); block-reversal = mirror image = exact CS negation (M-C). For k=1 (m004) this always closes achiral by cyclic conjugacy. Only non-palindromic multi-tower gluing (e.g. order (1,2,3)) breaks CS=0, and 'which arrangement is chiral is fixed by the gluing order = a free choice.'	This is the single most decisive arc for the seat's question: for the pure/single-block case containing m004, amphichirality is intrinsically forced (RULE_INTRINSIC, agreeing with B127's M-2), but any actual handedness/chirality in the broader family is an explicit ORDER choice ('a free ordering choice the structure does not dictate'), i.e. chosen, not derived from sigma alone. Also gives the exact valid amphichirality test and documents the naive-isometry vacuity bug. Not retracted (no B128 hits in docs/RETRACTIONS.md).	"frontier/B128_symmetry_breaking_chirality/FINDINGS.md:15,20,54,64-66: ""Naive `M.is_isometric_to(M_mirror)` is orientation-blind and gives FALSE POSITIVES for amphichirality."" ... ""**Correct test:** `M.symmetry_group().is_amphicheiral()`, gated on `M.symmetry_group().is_full_group() == True`."" ... ""**The metallic structure PERMITS symmetry breaking but never FORCES it.**"" ... ""*which* arrangement is chiral is fixed by the gluing **order** = a free choice. Composition **permits** the break and **does not force** it."""	
F003	B132_quantum_layer	NONE_OBJECT_AMPHICHIRAL	STANDS	COMPUTED	is_amphicheiral (SnapPy) used to select the achiral control set in S7	SU(2)_k eigenvalue field content is quantum-group arithmetic (word spin-content mod 4), NOT chirality-linked; original chirality-arithmetic claim withdrawn as a sampling artifact.	Field content tracks the word's spin-content mod 4 (SU(2)_k T-twist phase); achiral words alone span all three fields (RRLL->Q(zeta12), RRRLLL->Q(sqrt-3), RLRLRL->Q), so chirality does not drive the arithmetic.	No orientation is derived from sigma:a->ab,b->a here; the arc explicitly retracts its own earlier chirality-derives-arithmetic reading as a confound. Handedness/chirality is treated as an external label (via SnapPy is_amphicheiral) applied to words, not produced by the substitution rule itself.	"frontier/B132_quantum_layer/FINDINGS.md:47-49: ""S7 — [WITHDRAWN by B133] the field content is quantum-group, not chirality (compositions at k=4). ... The decisive control (all words below are achiral by `is_amphicheiral`):"""	
F003	B134_chirality_recursion_proved	RULE_INTRINSIC	STANDS	MIXED	GHH 2008 anti-palindromic word criterion (cited/proved-corollary), cross-checked against SnapPy is_amphicheiral on a 16-case sample	Proves (as a corollary of Goodman-Heard-Hodgson 2008): a metallic-block bundle is amphichiral iff its block-length sequence is a cyclic palindrome.	GHH 2008's theorem: amphichiral iff the LR monodromy word is anti-palindromic (reverse = L<->R swap, cyclically). The arc lifts this to block-length sequences algebraically (reverse of R^m1L^m1...R^mkL^mk vs its L<->R swap), showing anti-palindromicity of W is equivalent to the block-length sequence being a cyclic palindrome.	This IS the closest thing in the record to deriving orientation intrinsically from the word/monodromy structure -- amphichirality (a mirror/no-mirror fact) is derived purely from the combinatorics of the R/L word itself, not chosen by an observer. However the mechanism is explicitly attributed to GHH 2008 (published, not novel); the project's own contribution is only the elementary block-length lift. It is about m004 specifically only insofar as m004 = the RL (m=1, figure-eight) case of this family.	"frontier/B134_chirality_recursion_proved/FINDINGS.md:161-163: ""Theorem. For a metallic-block word `W = R^{m1}L^{m1} R^{m2}L^{m2} … R^{m_k}L^{m_k}`, the once-punctured-torus bundle is amphichiral ⟺ the block-length sequence `(m1,…,m_k)` is a cyclic palindrome"""	
F003	B136_general_amphichirality	RULE_INTRINSIC	STANDS	COMPUTED	GHH anti-palindromic criterion (proved corollary), cross-checked with SnapPy is_amphicheiral on metallic and non-metallic words	Generalizes B134 to all once-punctured-torus bundles: amphichiral iff the block-pair sequence is invariant under reverse-order-plus-component-swap up to cyclic rotation.	Same GHH anti-palindromic mechanism, generalized from metallic (a_i=b_i) blocks to general R^{a_i}L^{b_i} blocks; verified exhaustively (7380 cases) and against SnapPy is_amphicheiral including genuinely non-metallic words.	Again orientation (amphichirality) is derived intrinsically from the LR word's block-pair structure, not chosen by hand; explicitly a restatement/specialization of GHH 2008, not claimed as a new theorem about 3-manifolds.	"frontier/B136_general_amphichirality/FINDINGS.md:8-11: ""amphichiral ⟺ the block-pair sequence `((a1,b1),…,(ak,bk))` is invariant under (reverse the order and swap each pair's components `(a,b)→(b,a)`) up to cyclic rotation."""	
F003	B139_firewall_cartography	GEOMETRY_CS_OR_TORSION	STANDS	COMPUTED	SnapPy symmetry_group/complex_volume control (CS sign flip, volume/H1 invariance) — not is_isometric_to(mirror); is_amphicheiral not directly run here (used in companion arcs)	Chirality is structurally blocked at every standard invariant computed: mirror (swap R<->L, reverse) preserves trace, char poly, Perron field, volume; only Chern-Simons sign flips.	R and L are transposes of each other as SL(2,Z) matrices (L=R^T), so mirroring a word sends the monodromy matrix M to M^T, which has the same trace/char-poly/volume; CS is the one quantity that flips sign under orientation reversal.	No preferred side is derived; a side (handedness) only shows up as a sign on Chern-Simons, and the arc treats CS-sign itself as the mirror label rather than a forced choice. The one place a distinguishing invariant could in principle live (genus>=2) is flagged open, not resolved, here.	"frontier/B139_firewall_cartography/FINDINGS.md:24-27: ""for any metallic-block word the mirror (`swap_{R↔L} ∘ reverse`) is a relabeling preserving the trace ⟹ same char poly ⟹ same Perron field ⟹ same volume; only CS flips sign. The bundle and its mirror are the same geometry with opposite CS (a symmetric pair)."""	
F003	B140_compute_reconciliation	GEOMETRY_CS_OR_TORSION	STANDS	MIXED	none run directly in this item; relies on the general orientation-reversal theorem (volume invariant, CS opposite, trace field conjugate) verified in-sandbox on named examples; separately records the RL^m/N^2 identity tying metallic bundles to B134's palindrome criterion	Closes the B139 open lead: the chirality firewall (mirror preserves all standard invariants except CS sign) is genus-general via the standard orientation-reversal theorem, not just a genus-1 relabeling trick.	For any oriented hyperbolic 3-manifold M, the mirror M-bar has same volume, opposite CS, and a Galois-conjugate-isomorphic trace field (orientation reversal conjugates the complex volume) -- a genus-independent theorem, verified on genus-1 bundles and chiral knots (5_2, 6_1).	Handedness/orientation-reversal is again a structural, mirror-symmetric relation (M vs M-bar), not something derived as a preferred side from sigma; the arc explicitly frames this as strengthening, not breaking, the no-preferred-handedness firewall.	"frontier/B140_compute_reconciliation/FINDINGS.md:10-13: ""The load-bearing content is the standard orientation-reversal theorem (genus-independent): for an oriented hyperbolic 3-manifold `M`, the mirror `M̄` has same volume, opposite Chern–Simons, conjugate-isomorphic trace field (orientation reversal conjugates the complex volume)."""	
F003	B143_interaction_feasibility	UNSTATED	STANDS	ASSERTED	none run in this item; is_amphicheiral is cited as the venue's only orientation-relevant handle (for notion i), planned for a future construction	The algebraic (trace) venue is structurally mirror-blind, so the chirality-of-interactions question cannot be settled there; needs orientation-sensitive topological tooling (Regina/JSJ) not installed.	B131's interaction lives in trace invariants (kappa, trT); the mirror preserves every trace exactly, so it acts as the identity on all algebraic data -> the venue cannot see true mirror-distinctness (notion ii), only the trivially-generic 'no orientation-reversing self-homeo' fact (notion i, already achieved by composites).	No orientation is derived here at all; this is a scoping/feasibility verdict stating that the current venue cannot even test for a preferred side, and that testing it requires tooling (Regina/JSJ or a hyperbolic-link realization) not yet available.	"frontier/B143_interaction_feasibility/FINDINGS.md:9-11: ""The chirality-of-interactions question cannot be answered in the algebraic (trace) venue — that venue is mirror-blind — and needs orientation-sensitive tooling not yet installed."""	
F003	B144_interaction_chirality	OBSERVER_CHOICE	STANDS	COMPUTED	SnapPy is_amphicheiral used as the premise check (both metallic pieces b++RL, b++RRLL confirmed amphichiral, both True); no is_isometric_to(mirror) used	Cusp-glued composites of amphichiral pieces are mirror-closed (mirror of any composite is another composite in the same family via a verified GL(2,Z) identity), so seed-heterogeneity cannot produce preferred handedness; several 'crack' targets shown vacuous by MB12.	Mirror-closure identity: M-bar(m1,m2,phi) is orientation-preserving-isomorphic to M(m1,m2, h2*phi*h1^-1) for h_i the amphichiral self-homeo's peripheral action; since h2*phi*h1^-1 is always in GL(2,Z), the mirror is always another member of the same construction family.	Directly answers the seat's question in the negative: no orientation/handedness is derived from the construction (mirror-closure means the family never picks a side); the redirect explicitly states preferred handedness would require a 'chirally-asymmetric input... not fixed by swap+reverse' -- i.e. it would have to be put in by hand, not derived from sigma.	"frontier/B144_interaction_chirality/FINDINGS.md:24-25: ""Since `h₂·φ·h₁⁻¹ ∈ GL(2,ℤ)` always (checked), the mirror is just another composite of the same pieces ⟹ the family is mirror-closed ⟹ no preferred handedness can arise."""	
F003	B145_forced_chirality	NONE_OBJECT_AMPHICHIRAL	STANDS	MIXED	GHH anti-palindromic criterion cross-checked against SnapPy is_amphicheiral on all 39 cataloged bundles (exact agreement); trace-field degree via Sage; NOTE: the arithmetic-arm sub-claim ('every quadratic-trace-field bundle is amphichiral') is later refuted by B146 using the invariant trace field (RRL/RLL have invariant field Q(sqrt-7) but are chiral)	Chirality cannot be forced: canonical/minimal criteria (minimal volume, quadratic trace field, simplest substitution = Fibonacci sigma:a->ab,b->a) all coincide with the self-mirror (amphichiral) locus; chirality only appears by leaving the canonical locus.	Across a 39-bundle catalog, the minimal-volume, arithmetic-candidate (quadratic trace field), and simplest-substitution (Fibonacci RL) objects are all anti-palindromic/self-mirror; chiral bundles (RRL etc.) are strictly larger/higher-degree, i.e. non-canonical.	This is the arc that directly names sigma:a->ab,b->a: it finds the substitution's own object (RL, figure-eight, i.e. m004) is amphichiral/self-mirror, and concludes handedness cannot be derived from any canonical/forced principle -- it is 'irreducibly contingent,' requiring a by-hand choice of handedness. B146 (not in this packet but grepped) refutes the arithmetic sub-arm specifically.	"frontier/B145_forced_chirality/FINDINGS.md:34-35: ""The simplest/forced substitution (Fibonacci `a→ab,b→a`, monodromy `RL`) is self-mirror; the metallic incidence `[[m,1],[1,0]]` (det −1) squares to `RᵐLᵐ`"" and FINDINGS.md:12-15: ""canonicity coincides with the self-mirror (amphichiral) condition; chirality requires leaving the canonical locus."""	
