arc	source	kind	detail
B25_fibonacci_spectrum_anchor	main	SUPERSEDED_UNMARKED	FINDINGS.md still states 'Mid-scale box-counting slopes are near 0.75' without any correction note, even though the README's own later addendum revises this to a not-converged range [0.78,0.93] (Aitken ~0.86) -- a materially different estimate that FINDINGS.md does not reflect.
B69_metallic_apoly_family	main	SUPERSEDED_UNMARKED	NOVELTY_CHECK.md (same arc directory, same date) explicitly RETRACTS/downgrades the arc's own novelty framing: 'the cusp-torsion law is NOT new... B69 is re-labeled STANDARD_REPACKAGE: a verified... computer-assisted observation that is a special case of the Baker-Petersen / Culler-Shalen theory... drop any novelty framing.' Yet arc_verdict.json's claim_one_line makes no mention of this downgrade and reads as if the result is an original contribution ('extends the figure-eight A-polynomial... verified m=1..6'), with no cross-reference to NOVELTY_CHECK.md's STANDARD_REPACKAGE verdict.
B70_trace_ring	main	SUPERSEDED_UNMARKED	"e2_sector_closure.py's generic-epsilon-series result is explicitly superseded by e2_unipotent_bound.py per an inline CORRECTION docstring, but the file is still committed and referenced as ""kept as contrast"" rather than deleted or clearly marked stale in FINDINGS' headline; the correction is well-documented in-file so this is a minor/handled case."
B92_metallic_classification	main	SUPERSEDED_UNMARKED	the FINDINGS.md body (main classification section) still contains 'MyCalc-2' text asserting 'all are conjugate to the companion M_m' as a settled claim, which is corrected by the 2026-06-15 correction block and then RE-corrected by the 2026-08-18 addendum; the arc_verdict.json claim_one_line and README.md still say '...period-1 slice; m is free' without surfacing the two-layer correction history, though the addendum text itself is present in FINDINGS.md
B111_sign_structure	main	SUPERSEDED_UNMARKED	B111's own arc_verdict.json still records verdict PROVED for the 'closed form + one promotion' framing with no supersedes/superseded_by pointer, even though B117's FINDINGS.md and arc_verdict.json (supersedes: B111) explicitly state 'the promotion framing is superseded' and 'there is no promotion' (a Sym^1 absence instead). A reader consulting B111's verdict file alone would not learn it has been superseded.
B113_sl5_resolution	main	SUPERSEDED_UNMARKED	arc_verdict.json for B113 records verdict PROVED with no supersedes/superseded_by, but B117's FINDINGS.md explicitly lists B113 among arcs whose 'promotion' framing is superseded (section 3b: 'B111/B113 superseded'). B113's own claim rests on a 'localization' of the promotion that B117 says does not exist as a promotion at all (it reframes it as Sym^n presence).
B123_arithmeticity_m1	main	SUPERSEDED_UNMARKED	B123's own arc_verdict.json shows superseded_by: null and claim_one_line unchanged, but the project's own progress log (same day, 2026-06-08) records B125 as overturning exactly this claim ('the B123/K009 third independent/unique m=1 arithmetic criterion, which mis-applied Reid 1991'), and B125's arc_verdict.json carries supersedes: 'B123'. The retraction is one-directional (B125 -> B123) and not reflected back in B123's own verdict file, so a reader consulting B123 alone would not learn its headline claim is overturned.
B131_two_seed_fork	main	SUPERSEDED_UNMARKED	B134's novelty audit found B131's headline framing ('heterogeneity makes the choice') to be scope-limited to the identity gluing specifically (Kitano-Nozaki 2020 shows a same-seed splice/swap gluing also forks) -- a qualification, not a full retraction, but B131's own arc_verdict.json (claim_one_line, supersedes/superseded_by both null) does not reflect this scoping; a reader of B131 alone would not learn the 'heterogeneity, not multiplicity' framing needs the identity-gluing caveat.
B134_chirality_recursion_proved	main	SUPERSEDED_UNMARKED	B134's arc_verdict.json declares supersedes: 'B128', but B128's own arc_verdict.json (read in this batch) shows superseded_by: null and its original claim_one_line unchanged. This is an upgrade (computer-assisted 15/15 -> proved) rather than a contradiction, so the practical risk is lower than the B123/B125 case, but the pattern (supersedes field populated one-directionally, never reflected back in the superseded arc's own file) recurs across this batch and is worth flagging systematically.
B141_s031_split	main	SUPERSEDED_UNMARKED	The ADDENDUM (2026-08-13) explicitly retracts Item 3's stated mechanism ('finite image => reducible tower' is false in general; counterexample SL(2,3)=2T). FINDINGS.md, README.md, and arc_verdict.json's claim_one_line still state the finiteness-vs-density mechanism as the conclusion, with no inline correction pointing to the addendum (the addendum is a separate file, not merged into the sealed text). The bottom-line conclusion (Q8 tower reducible for n>=3) survives, but the stated general principle does not.
B145_forced_chirality	main	SUPERSEDED_UNMARKED	B145's FINDINGS.md, README.md, and arc_verdict.json all still state as a load-bearing fact 'every quadratic-trace-field (arithmetic-candidate) bundle is amphichiral -- there is no arithmetic chiral o-p-t bundle' (and cite it as part of 'the strongest canonicity implies amphichirality'). B146 (same batch) documents this arm as refuted-as-stated (wrong trace field used) and B147 documents it as refuted outright (RRL/RLL are fully arithmetic and chiral). None of B145's own files (FINDINGS/README/arc_verdict) were edited to retract or flag this; a reader of B145 alone would believe the false claim. (Note: B146/B147 as separate arcs do correctly supersede it -- this is a within-B145 uncorrected residue, not a project-wide silence.)
B154_silver_bundle_foundation	main	SUPERSEDED_UNMARKED	arc_verdict.json's verdict is still 'PROVED' with supersedes:'B153' and superseded_by:null even though the FINDINGS.md's own CORRECTION banner says the closed-form part of the claim (k=4-m(o-3)) is REFUTED by B157; the verdict JSON does not record that a piece of what it certified was later refuted, so a reader who only consults arc_verdict.json (as the campaign's claim-of-record convention instructs) would not learn of the refutation.
B157_metallic_exponent	main	SUPERSEDED_UNMARKED	FINDINGS.md carries three layered updates in one file (original REFUTED result -> 'NEEDS-SPECIALIST' update -> CORRECTION saying the NEEDS-SPECIALIST mark was premature); the top banner/status line and arc_verdict.json still read only the original REFUTED claim and do not mention the SL(5) o=5 extension or the walked-back NEEDS-SPECIALIST claim, so a reader of the verdict alone would miss the corrected state.
B198_metallic_exponent_CAS	main	SUPERSEDED_UNMARKED	B198's arc_verdict.json still reads verdict PROVED with claim_one_line asserting the k=2 result 'certified to 23 digits' without qualifying the scope; the scope correction (the identity holds only on a ~1% sublocus of the loxodromic component, not on the whole geometric component as B198's original FINDINGS implied) is recorded in B198's FINDINGS.md prose (added later) and in B199, but the verdict JSON's one-line claim does not carry the sublocus caveat.
B199_metallic_exponent_law	main	SUPERSEDED_UNMARKED	B199's own FINDINGS.md documents that B198's original claim of '305/305 unanimous k=2 on the geometric component' was a filter artifact and the true clean fraction is ~1%; B198's arc_verdict.json (see B198 entry) still states the claim without this qualifier, so the correction is recorded in B199 but not reflected in B198's verdict record.
B215_class_field_period_law	main	SUPERSEDED_UNMARKED	B215's arc_verdict.json still lists 'PROVED' with superseded_by: null even though the f>=8 boundary it names as 'open, NEEDS-SPECIALIST' was later resolved (and B215's own d_scalar formula shown to be a special case of B219's content() law); the f in {2,3,4} claim itself stands, but the verdict record does not point forward to B219 which subsumes/generalizes it
B234_handoff_verification	main	SUPERSEDED_UNMARKED	FINDINGS.md ends with an explicit blockquote: 'Superseded framing (B239): the trace-1, disc=1-4det statement here is fragile ... Use the reconciled unimodular law (B239)' — yet arc_verdict.json still carries claim_one_line built entirely on the superseded 'disc=1-4det' framing and superseded_by:null, so a reader of the verdict file alone would not learn the framing was retracted three arcs later.
B235_metallic_table	main	SUPERSEDED_UNMARKED	FINDINGS.md closes with 'See B239 for the referee-proof restatement of the field-ladder closure' pointing to a later, corrected framing, but arc_verdict.json superseded_by remains null.
B265_e6_integrability	main	SUPERSEDED_UNMARKED	"arc_verdict.json's claim_one_line still reads 'establishing E6-irreducible flat connections ... exist' in the present/factual tense, verdict PROVED — but the arc's own in-file correction (2026-06-28) says this 'should read ""they are expected to exist""' pending the still-uncomputed {4,8} obstruction (later closed in B273/B274, separate arcs). The registry line (arc_verdict.json) was never updated to match the softened FINDINGS.md text."
B267_e6_coherence	main	SUPERSEDED_UNMARKED	arc_verdict.json (verdict PROVED) still literally reads 'the arithmetically-selected E6 and the character-variety E6 are the same Lie object' as of the digest date (2026-09-01) — this is exactly the wording an in-directory ADDENDUM (same date) identifies as an unearned 'X IS Y' identification riding on a type-coincidence, and even the earlier B272 correction (2026-06-28) already downgraded the FINDINGS.md prose to a 'consistency check' with only two genuine (non-automatic) facts. The registry line was not corrected by either the 2026-06-28 audit or (as of the files read) the 2026-09-01 proposal, which explicitly states 'Original files unedited.'
B282_e6_is_arithmetic_not_geometric	main	SUPERSEDED_UNMARKED	the addendum notes B727 found the ORIGINAL knot table's headline (2T surjection unique to arithmetic knots) was itself too narrow — 4/13 hyperbolic knots surject onto 2T, including non-arithmetic 7_2,7_3,8_1 — but the FINDINGS body above the addendum still states 'The 2T surjection ... is present ONLY for the arithmetic cusped manifolds' as an unqualified headline; only the addendum at the bottom, and the arc_verdict.json claim_one_line, carry the corrected framing (the overall NEGATIVE conclusion survives, but the specific '2T surjection = arithmetic-only' body claim is superseded in-place and not edited out)
B296_seam_arc_verification	main	SUPERSEDED_UNMARKED	B855 (progress log, 2026-08-02) found m003 IS amphichiral, contradicting this arc's own VERDICTS.md line describing m003 as a 'non-amphichiral control' on the exact line concluding the CS sign law is object-specific; arc_verdict.json here still reads PROVED with no correction/addendum in this arc's own files.
B310_cascade_realization_exhausted	main	SUPERSEDED_UNMARKED	this arc's own FINDINGS.md contains a later-dated 'Refinement (B311, 2026-06-30)' section admitting 'no new object-specific content beyond the banked ω' was 'slightly too strong', because B311 subsequently found the trinification point IS a genuine irreducible A-polynomial branch point — so the FINDINGS text is self-corrected in place (properly marked, not unmarked), but arc_verdict.json's claim_one_line still reads the pre-correction NEGATIVE framing without a superseded_by pointer to B311 despite B311's own arc_verdict.json listing 'supersedes: B310'.
B342_z3_trimaximal_symmetry	main	SUPERSEDED_UNMARKED	B343 (same arc batch, 'supersedes': 'B342' in its own arc_verdict.json) explicitly retracts B342's TM2 identification as a double under-specification (charged-lepton vs neutrino sector conflation) and replaces it with exact TBM (theta_13=0). B342's own arc_verdict.json still has 'superseded_by': null — the supersession is not recorded on the superseded arc's own record, only asserted from the superseding side.
B357_e6_boundary_restriction	main	SUPERSEDED_UNMARKED	B357's FINDINGS.md and arc_verdict.json describe the universal-tau identity as holding 'uniformly in m' with no order qualifier, but a later log entry ('depth-2 bending is theta-graded', 2026-07-03) reports the identity does NOT persist at depth 2 and calls it 'an order-1 rigidity, now sharply bounded.' B357's own committed FINDINGS/verdict.json carry no addendum or cross-reference recording this narrowing (superseded_by: null in arc_verdict.json), so a reader of B357 alone would take the tau identity as unconditional rather than leading-order-only.
B361_seam_local_law	main	SUPERSEDED_UNMARKED	arc_verdict.json for B361 has 'superseded_by': null and FINDINGS.md's own hedge ('stated as a law of the computed range, not proved') is present, but the claim_one_line still asserts 'zero counterexamples' unconditionally and PROVED — while the log shows the very next day's probe (B367) found a counterexample at pair (3,4) and the log explicitly says the law's row needed updating. The committed B361 FINDINGS/verdict were not updated with a superseded_by pointer or corrective addendum at the time of this digest read.
B362_seam_law_confirmations	main	SUPERSEDED_UNMARKED	Same defect as B361: the individual pair computations are fine, but this arc's headline claim ('the law ... zero counterexamples') was refuted the next day by B367's pair (3,4). arc_verdict.json still reads PROVED with superseded_by:null.
B370_massey_depth2	main	SUPERSEDED_UNMARKED	FINDINGS.md and arc_verdict.json both still describe the result as computer-assisted/conditional ('no smooth, period claim'), but the log_index shows a later arc (B578, 2026-07-14) claims the same third-order obstruction 'vanishes exactly' and that B370's conditionality is 'discharged'. Neither B370's FINDINGS nor its arc_verdict.json (this seat's snapshot) reflects that later exact upgrade — the older conditional framing stands uncorrected inside this arc's own files.
B408_seam_hierarchy	main	SUPERSEDED_UNMARKED	The original Phase-1b verdict (PERSISTENCE/EXPANSION, ratio 1.217>1) is explicitly reversed by an adversarial-panel CORRECTION within the same FINDINGS.md file (the seam CONTRACTS, ratio 0.765<1) due to a biased statistic (max over unequal embedding counts). The correction is clearly marked in this file and the arc_verdict.json reflects only the corrected NEGATIVE conclusion, so this is properly propagated here — flagged only because the earlier PERSISTENCE claim could still exist uncorrected in other documents (papers, handoffs) that cited the pre-correction 1.217 ratio; not checked in this pass.
B411_field_dictionary	main	SUPERSEDED_UNMARKED	This arc's own file contains an 'UPDATE (TW4/B418)' appendix stating the actionable 'work upstairs' direction proposed in the main body is REFUTED for the mirror (B418 found no Galois element realizes the mirror cell-locally even in the full field Q(zeta60)) — the update IS present and marked in this file, but the arc_verdict.json's claim_one_line still only states the original (unretracted) 'dictionary killed, boundary/generic split' finding and does not mention that the arc's own proposed follow-up direction was subsequently refuted. Not a full SUPERSEDED_UNMARKED case since the update is visibly appended, but the verdict record does not carry the correction forward.
B426_scale_lever_closed_form	main	SUPERSEDED_UNMARKED	FINDINGS.md still asserts 'every Galois-invariant functional of the orbit is <1' and arc_verdict.json's claim_one_line repeats it verbatim, even though the arc's own ADDENDUM_BOUNDARY_2026-08-14.md proves this false and gives the exact boundary p*=5.5932...; a reader of FINDINGS.md or the verdict alone would not learn the claim was retracted.
B436_child_identity	main	SUPERSEDED_UNMARKED	FINDINGS.md still uses the phrase '−283 field is shared with 5₂, so it is a commensurability-class property' — language B855 (2026-08-02, quoted verbatim inside sibling arcs B438/B440/B443) explicitly retracts as WRONG (4_1 is the unique arithmetic knot complement, so nothing is commensurable with it; the correct framing is non-commensurable coincidence at slope 5 only). B436's own FINDINGS.md was never updated with this correction, unlike B438/B440/B443 which each carry the B855 correction banner.
B437_child_abelian_book	main	SUPERSEDED_UNMARKED	FINDINGS.md still uses 'commensurability class'/'commensurability-shared' language throughout (e.g. 'a commensurability class — the value records the parent's own Alexander data', 'THE INVERSION LAW ... sharpened by B438 ... commensurability-shared') that the later B855 correction (verbatim, in B438/B440/B443) explicitly retracts as wrong (4_1 is the unique arithmetic knot complement — nothing is commensurable with it). This arc's own FINDINGS.md carries no B855 correction banner.
B470_reflection_campaign	main	SUPERSEDED_UNMARKED	"FINDINGS.md's RF1 section still states, uncorrected, 'the theorem: metallic letters are revswap-palindromes, and any word in a palindromic alphabet is word-mirror (uv ~cyc vu)' -- but BREATH_HIERARCHY.md's own later CORRECTION section (dated 2026-07-08, same arc) explicitly retracts exactly this claim as FALSE in that generality for k>=3 blocks (600 counterexamples found), stating '""Every metallic-word bundle is amphichiral"" is retracted as a theorem'. FINDINGS.md was not updated to reflect this retraction, so a reader of FINDINGS alone would carry the false general theorem forward."
B500_child_hunt	main	SUPERSEDED_UNMARKED	"an earlier version of this same FINDINGS.md claimed ""completed 141 of 150, 0/141""; the file now carries the CORRECTION inline, so the retraction IS propagated in this file — flagged here only because downstream logs (B1187 REFUTED-ROUTE) still treat the depth-5 census as usable evidence while it is only 115/150 analyzed."
B511_physics_verdict	main	SUPERSEDED_UNMARKED	"D1_ADVERSARIAL_REVIEW.md's body text still reads ""No standard 3d Rauzy fractal exists"" / ""golden 3d impossible"" as the main argument, with only a short CORRECTION appended at the very end retracting it; a reader stopping partway through the file (as the file's own internal structure invites) would come away with the wrong conclusion. The correction is present (not fully unmarked) but the ratio of retracted-text to correction-text is large."
B518_k025_confirmation	main	SUPERSEDED_UNMARKED	"B518's CORRECTION says Tier B is ""NOT a firewall crossing"" citing B519's original refutation; but B519's own VERDICT.md is later corrected (by the B525 audit) to say the refutation was wrong and the mixed-chain gap-opening pattern IS a live falsifiable prediction. B518's FINDINGS.md, as committed, still carries the now-outdated ""NOT a crossing"" framing without a second correction reflecting B519's own reversal."
B519_re_mining	main	SUPERSEDED_UNMARKED	"arc_verdict.json's own claim_one_line states the arc supersedes nothing formally (""supersedes"": null) despite the content explicitly retracting the arc's OWN prior headline and cell A2's own prior closure — a genuinely self-retracting arc whose verdict.json field for supersession is left null rather than pointing at its own earlier content."
B529_qca_covariance	main	SUPERSEDED_UNMARKED	A CORRECTION dated 2026-07-12 (B530 movement XXIX) is appended at the bottom of FINDINGS.md, reclassifying the golden-angle-coin kill as 'over-strong': the earlier body text ('the golden-angle coin is NOT robustly special either... it does not pass as a clean selection') is not edited or struck through, so the un-corrected verdict text still stands alongside the correction. However arc_verdict.json's claim_one_line/status ('NEGATIVE... loses to 2 of 10') was NOT updated to reflect the CORRECTION's reclassification to OPEN (a real F≠F² coupling resonance, 240,000x lower cost than uncoupled Fibonacci) — the verdict file is stale relative to the arc's own most recent correction.
B530_natural_history	main	SUPERSEDED_UNMARKED	PORTRAIT.md presents itself as the arc's capstone/'complete portrait' covering movements I-XX and declares closure ('the object has said what it has to say at this level of listening'), but FINDINGS.md continues to movement XXXVIII with material corrections (Galois group S4->D4 in movement XXX, parity-label interpretation REFUTED in movement XXXVII, gap-rank and seam-selection reopenings in movement XXIV) that are never folded back into PORTRAIT.md. A reader consulting only PORTRAIT.md (the designated synthesis document) would carry the superseded S4 Galois claim and the closed-door reading of the second-seed seam.
B533_coupling_invariance	main	SUPERSEDED_UNMARKED	B533's headline claim is literally 'exactly 5 types'; this is corrected to 6 types by B535 for length-5 windows. FINDINGS.md itself carries the correction inline ('Census completion (B535...)'), so it is NOT unmarked in this file — but the arc_verdict.json claim_one_line still reads 'exactly 5 depth-stable Perron types' with no reference to the B535 correction, so a reader of only the verdict file would be misled.
B535_coupling_space	main	SUPERSEDED_UNMARKED	B535's own census (6 types, 7 systems, saturating at window length 8) is later shown by B540 to be window-length-limited: the observer flow finds 5 more canonical systems (12 total) beyond windows of length 8. FINDINGS.md's C1 header still reads 'The coupling space is FINITE and now fully mapped' with no inline correction pointing to B540's supersession (B540's own verdict.json lists 'supersedes: B535', so the linkage exists in the registry but not as text edited into this file).
B540_observer_flow	main	SUPERSEDED_UNMARKED	arc_verdict.json for B540 lists 'supersedes: B535' — this is correctly propagated at the registry level, but B535's own FINDINGS.md text (read separately) still describes its census as 'now fully mapped,' i.e. the superseded document's prose was not edited to point forward to B540.
B557_escalator_campaign	main	SUPERSEDED_UNMARKED	FINDINGS.md was only written 2026-08-01 (B840) to consolidate results that had existed since 2026-07-13 in CARRIERS_FINDINGS.md/E2_FINDINGS.md; between those dates a project audit (B837) counted this arc as having no result at all -- an internal filename-drawer failure the project caught and fixed itself, but a stranger reading only FINDINGS.md's creation date without the log could mistake the arc's actual completion timeline.
B571_day0_internalization	main	SUPERSEDED_UNMARKED	The log (Review 16) documents that this arc's CHIRALITY_DOSSIER.md and REPORT.md were merged carrying the pre-correction wording 'the amphichiral involution IS theta, canonically' (a conflation of two distinct involutions later corrected in T-θTANGENT); a CORRECTION note was appended at the end of both files fixing this, but the uncorrected sentence (CHIRALITY_DOSSIER.md line 23, REPORT.md line ~115) still stands verbatim in the body text, relying on the reader reaching the appended note. This matches the arc's own diagnosed burial mode #1 ('the recognized-but-unjoined identity ... a respectable parking lot with no exit ramp') applied to itself.
B582_chiral_play	main	SUPERSEDED_UNMARKED	FINDINGS.md and arc_verdict.json for B582 make no mention that the closure step's supporting code was uncommitted at publication time and only certified the next day by a different arc (B598); a reader of B582's own files alone would not know the PROVED verdict briefly rested on formal argument rather than committed code.
B596_cat_map	main	SUPERSEDED_UNMARKED	arc_verdict.json still reads verdict='NEGATIVE' / claim_one_line describing the failed naive law, with superseded_by=null, even though FINDINGS.md's own later ADDENDUM (2026-07-17) states the status upgraded 'DATA -> DERIVED' and the clock law was in fact found (as ord(A1 mod 3*kappa)). The verdict-of-record file was never updated to reflect the arc's own addendum.
B598_l85_campaign	main	SUPERSEDED_UNMARKED	FINDINGS.md's P2 section header ('the arrow is quadratic') and the flow into 'P3 RESOLVED ... OUTCOME B' are written as if the quadratic-arrow framing stands, but PROGRESS_LOG.md records that framing (including 'B599 is the classical side of P3') as explicitly RETRACTED the same day. The retraction is recorded only in P1_ERRATUM.md's 'SECOND AMENDMENT' subsection, not propagated into FINDINGS.md's main text or arc_verdict.json.
B609_sealed_values	main	SUPERSEDED_UNMARKED	The B601 log_index entry for B611 states: 'B609's exploratory note conflated the listener's matrix element with the spectrum (superseded; sealed values untouched)' and REVIEW 19 confirms 'B609's exploratory unit-modulus note superseded by B611'. The files this seat read for B609 (FINDINGS.md, SEALED_VALUE_TABLE.md) still present the 'finite-order off golden ... law-candidate' exploratory claim without any visible correction/addendum pointing to B611 inside B609's own directory as sampled.
B610_m136_weld	main	SUPERSEDED_UNMARKED	FINDINGS.md still titles/labels the object 'm136' throughout the body text (with only a trailing naming-correction note appended) even though B621 established that census m136 is actually the RRLL bundle; the correction is present but the whole document is written under the superseded name.
B632_cubic_route	main	SUPERSEDED_UNMARKED	arc_verdict.json's claim_one_line still reads 'a graded three-slot cohomological generation structure ... plus a canonical invariant vev' — but REPAIR_ADJUDICATION.md (in the same arc, same day) explicitly retracted this exact language: v0 relabeled from 'forced vev' to 'invariant-section generator' ('nothing selects it dynamically'), and the three H1 summands relabeled from 'generation slots'/'generation structure' to 'three inequivalent local-system modes' ('three copies of one representation is exactly what this is NOT — the physics-type check is open, not implied'). The verdict file was never updated to match the correction.
B634_conductor_chord	main	SUPERSEDED_UNMARKED	The prereg's central claim ('THE MIRROR IS THE SECOND AXIOM ... the mirror-twist's torsion conductor selects the stage: kappa=5 forced') is corrected by ERRATUM_1 in the same arc directory to a weaker claim (5 divides kappa is a gate; kappa=5 is a choice, not a forced equality) — but because there is no FINDINGS.md/arc_verdict.json for this arc, the uncorrected framing is what appears in the progress-log entry that opened the arc (PROGRESS_LOG.md 2026-07-15), and a reader of the log alone would carry the stronger, since-retracted claim.
B637_corrected_cell3	main	SUPERSEDED_UNMARKED	FINDINGS.md's 'Cross-adjudication' section (dated 2026-07-15) still presents cc2's h1=3 D_conjtheta claim as a confirmed 'fifth manifold' without any in-file correction note, even though the progress log for 2026-07-16 records cc2 explicitly WITHDRAWING that h1=3 value (assumed lambda-sign, superseded by B637 part2a). A reader of FINDINGS.md alone would not learn the value was withdrawn; the withdrawal is recorded only in the log and in B639's FINDINGS ('cc2's withdrawal of their h¹ = 3 ... stands').
B647_core_mechanism	main	SUPERSEDED_UNMARKED	the verdict record (arc_verdict.json) still carries the cell-1-only framing ('the ratio is forced') even though the arc's own FINDINGS.md later (cell 3) dissolves that framing entirely (the ratio is gauge, not forced or an object law); the verdict json's 'superseded_by: null' gives no indication it is stale relative to the arc's later cells.
B660_structure_campaign	main	SUPERSEDED_UNMARKED	The progress log (B662, same day 2026-07-17) records that S4's 'solo block exactly zero' finding was BASIS-LOCAL, not an invariant statement -- yet B660's own FINDINGS.md and arc_verdict.json (this arc's claim of record) still state 'the ENTIRE solo-triple {2,3,4} block is the ZERO MATRIX' as an unqualified banked fact with no correction note in the arc's own files.
B670_anatomy_full	main	SUPERSEDED_UNMARKED	FRONTIER.md, STATUS.md, ATLAS.md and VERDICT_LEDGER.md (the 'living memory' files) all still narrate C1's original synthesis-2 language ('the fifth level speaks'; 'THE ZERO LAW BREAKS UPSTAIRS') without repeating D1's correction (slot-wise, not global, blindness) inline — the correction lives only in c1_vecmassey/FINDINGS_CC2.md's appended note and d1_pairing/FINDINGS_CC2.md. A reader of ATLAS.md alone (ORGAN 8) would not learn the overstatement was retracted.
B673_loop4_integration	main	SUPERSEDED_UNMARKED	d3_results.json's own committed verdict field says 'PARTIAL/MIXED ... does not cleanly match golden's all-nonzero pattern' and 'form_match: null', but FINDINGS_CC2.md, FINDINGS.md, and arc_verdict.json all state the D3 verdict as clean 'FORM-MATCH' / 'K020 satisfied' without ever updating the underlying witness json to reflect the reinterpretation -- the raw computed artifact and the narrative claim disagree and the disagreement is never resolved in a committed re-run.
B674_generation_leg	main	SUPERSEDED_UNMARKED	FINDINGS.md and arc_verdict.json record only the original 'route 1' Eichler-Shimura trace-silence result (2026-07-18, early). But the arc directory (same date-stamped, same session) contains a much larger subsequent campaign not reflected in either: a full W2 Molien-cell design cycle that ran to completion and was KILLED-AT-(iii) (w2_step3/STEP3_VERDICT.md), a formal W3 terminal enumeration naming a sole survivor class (w3_enum_cc), and a currently-STOPPED, unresolved one-shot design attempt on that survivor (w3_support/SUPPORT_PRETEST_STOP.md) whose stop reason raises a live circularity concern. None of this downstream state -- including the genuinely still-open question -- is surfaced in the arc's own claim-of-record files.
B682_habiro_dictionary	main	SUPERSEDED_UNMARKED	PHASE0_EXTRACTION_CC.md contains an inline '[CORRECTED B685]' fixing an earlier {3,5} misreading to 'PURE BEING, not {3,5}' -- the correction IS marked in this file, but there is no arc_verdict.json/FINDINGS.md for this arc at all, so a reader who only sees B682 referenced elsewhere (e.g. B1155's log line, or the DICTIONARY.md table) has no single canonical status pointer; the correction lives only inside prose.
B685_generation_terminal	main	SUPERSEDED_UNMARKED	This packet's FINDINGS.md/arc_verdict.json carry no addendum reflecting the multi-month partial-correction chain (B776, B800, B839, B1187) that the progress log documents against this exact arc's central claim; a reader of only the arc's own files would not know the discriminator was reconstructed from first principles later, nor that a piece of it is still open.
B709_turok_marriage_adjudication	main	SUPERSEDED_UNMARKED	The KEEP kernel bullet 'Strong-CP-by-mirror' carries a later inline FENCE (dated 2026-08-10) noting a downstream nine-file overclaim seeded by this exact phrasing was withdrawn; the fence is present in this file (good — it is marked), so this is NOT itself unmarked, but flags that the underlying identification (CS=0 explaining θ_QCD=0) is refused pending a typed functor per B1009/B813.
B717_observer_emergence	main	SUPERSEDED_UNMARKED	B1000/B1001 (2026-08-09, per log) states its declared prior expectation was 'to correct B717' and finds the correct closing count is 5 (not B717's 4), reconciling B717's '4' as a count of SECTORS rather than CLOSINGS. B717's own arc_verdict.json still has superseded_by: null and FINDINGS.md is unedited to reflect this refinement — a reader of B717 alone would take '4 closings' at face value.
B723_build_the_observer	main	SUPERSEDED_UNMARKED	arc_verdict.json's claim_one_line ('the type-III observer apparatus is built... measurement is identified as the β=1 KMS symmetry breaking') is left unedited despite FINDINGS.md's own correction banner retracting the chirality and values/torsor group-identification clauses that underpinned the SSB/measurement reading being 'identified'; a reader consulting only arc_verdict.json (as this campaign's per-arc claim-of-record convention does) would not learn of the retraction.
B734_m004_is_congruence	main	SUPERSEDED_UNMARKED	The ADDENDUM (filed one day after FINDINGS/verdict, in the same directory) computes and states that under the STANDARD principal-congruence definition the level is (4), not (8); it explicitly says 'LAW_MAP rows 128/129 keep their (8) wording until [cc2] consensus lands' — but arc_verdict.json's claim_one_line and FINDINGS.md's header still assert level (8) uncorrected, and this is the file a stranger reading only claim_of_record would take as final.
B746_golden_ledger	main	SUPERSEDED_UNMARKED	The log records a later challenge (B857, 2026-08-02) to exactly the F11 absence claim this arc's central finding rests on ('a grep over artifacts is not a proof of absence... those artifacts PREDATE B797 BY A WEEK'), but this arc's FINDINGS.md and arc_verdict.json carry no correction header or note reflecting that challenge -- the original grep-based GAP claim still stands uncorrected in the arc's own files.
B759_qp3_integration	main	SUPERSEDED_UNMARKED	B759's FINDINGS.md states as a general law 'for a manifold with trace field Q(sqrt(-d)), the coupling is sqrt(d)' — this was tested out-of-family at 5_2 by B764 (same day, 2026-07-22) and found to FAIL, with a corrected pair-separation law substituted. B759's own FINDINGS.md carries no addendum or correction pointer to B764; a reader of B759 alone would take the false general law at face value.
B767_stabilizations	main	SUPERSEDED_UNMARKED	FINDINGS.md/output.txt/results.json still present the TOMB-L34 '3 seeds' stability claim and the WALL-7 'no-roots' interpolation logic as originally written; the correction lives only in a separate ADDENDUM file in the same directory, not inline in FINDINGS.md or reflected in output.txt/results.json themselves.
B781_m003_sister	main	SUPERSEDED_UNMARKED	FINDINGS.md documents the audit correction in its own 'AUDIT UPGRADE' section (so the FINDINGS text is not unmarked), but the underlying results.json and compute.py were never updated to reflect the corrected derivation — they still encode/print the pre-audit assertion as if final, so a reader of results.json alone (without FINDINGS.md's addendum) sees the unresolved candidate set silently collapsed to -3.
B786_torsor_theta_iota	main	SUPERSEDED_UNMARKED	B786's FINDINGS.md and arc_verdict.json (superseded_by: null) still present the rank-4 (full non-self-dual SL(3)) claim as CONDITIONAL on cc3's S-derivation, but the log records a same-day follow-up arc B787 sharpening this to UNCONDITIONAL via an independent mechanism (A5-ambivalence + monodromy inversion), and a later audit (B817, 2026-07-30) explicitly calls out that 'B786's claim stopping at its own content' without reaching B787's refinement is a known gap. B786's own committed files were not updated to point forward.
B787_interaction_programme	main	SUPERSEDED_UNMARKED	FINDINGS.md section 3's completion checklist still says the test-lock is 'NOT DONE', while section 4 (later in the same file) says it 'is written' — an internal inconsistency in the banked document, not corrected in place. (The file does in fact exist and does lock the claims, so the newer statement is the accurate one, but the stale row was never struck or updated.)
B792_maass_m004_eigenvalues	audit/b775-braver-questions	SUPERSEDED_UNMARKED	groundwork.txt and sector_projection_results.txt (raw stdout artifacts) still literally say 'transcription VERIFIED' for the 51.014 parent value; this phrasing is explicitly retracted in FINDINGS.md's own header ('This section previously said transcription VERIFIED — the durable statement is weaker') and in B791/PROVENANCE_ALERT.md. The retraction is visible in FINDINGS.md itself so this is a frozen-log artifact, not an active uncorrected claim, but a reader consulting groundwork.txt alone would be misled.
B794_congruence_level4	main	SUPERSEDED_UNMARKED	"arc_verdict.json's claim_one_line still reads ""refuting the narrower norm-split claim,"" but FINDINGS.md's own later addendum (dated 2026-08-06, headed 'LEVEL RECONCILIATION') concludes the opposite for the norm-level statement: 'The hint H-B788-NORMSPLIT ... therefore SURVIVES at its own level.' The verdict record was not updated to reflect the addendum that supersedes part of its own one-line claim."
B801_negative_census	main	SUPERSEDED_UNMARKED	B801's coverage_pct=66.08 in census.json and the claim_one_line in arc_verdict.json ('coverage at 66%') stand uncorrected in this arc's own committed files even though a later arc corrected the figure to 33.5% for arc-level coverage.
B817_verdict_wave2	main	SUPERSEDED_UNMARKED	Section 6's original claim about the unverdicted residue is struck through and replaced in-place with a note pointing to B819's correction -- this IS marked (good practice), included here only to note that the arc_verdict.json's claim_one_line does not carry the correction forward; a reader of arc_verdict.json alone would not see the B819 fix.
B827_progresslog_recovery	main	SUPERSEDED_UNMARKED	B827 asserts 'four duplicated authoritative filenames' found in one review; a later arc (B830, same batch) computes the true count is two and says B827's claim 'is wrong.' B827's own FINDINGS.md file as read here is not marked with this correction inline.
B850_length_spectrum_type	main	SUPERSEDED_UNMARKED	FINDINGS.md's own section 4a (dated 2026-08-03) corrects the Cell 4 multiplicity ordering and explicitly says the original reading 'does not survive', but the committed results.json artifact in this same arc directory was NOT updated to include the corrected m009/m136 data -- it still shows only the superseded m003/m015-only comparison. A downstream reader consulting results.json rather than the full FINDINGS.md prose would see the old, now-retracted table.
B862_global_form	main	SUPERSEDED_UNMARKED	ADDENDUM_2026-09-01.md explicitly deflates two headline claims in the banked FINDINGS.md ('resolving a genuine structural ambiguity of the SM, for free' and 'the first place in the programme where the selected structure outperforms the SM's own data'), stating per B1221 that the Z6 form is path-independent and was 'known since 1980' so 'the selection framing adds nothing... and that is exactly why it is not new.' But arc_verdict.json's claim_one_line was NOT updated and still states the unscoped framing ('resolving a structural ambiguity the SM itself cannot') without any pointer to the addendum's correction.
B874_measurement_ladder	main	SUPERSEDED_UNMARKED	arc_verdict.json's claim_one_line (the file recorded as the 'claim of record') states the step-2 negative unqualified ('the complete ladder is {78,46,30,12}... SU(5)xU(1) is not a charge-measurement stratum') and does not mention either the 2026-08-05 AMENDMENT (which explicitly calls this an overgeneralization and adds ladder values {18,14}) or the 2026-08-18 scope-narrowing to the real field. A reader who consults only arc_verdict.json (the designated claim-of-record file) would carry an overclaim that the arc's own FINDINGS.md later retracts in two separate dated sections.
B885_interbreaking	main	SUPERSEDED_UNMARKED	arc_verdict.json's 'creates_law_corrected' block records that this arc's law status was originally recorded as ABSENT and was only added retroactively on 2026-08-29 by a separate re-audit arc (B1214) -- the correction is present and dated in the verdict file, so this is properly marked, not unmarked; noting for completeness that the base claim_one_line text itself was never edited, only the metadata block was appended
B892_second_measurement	main	SUPERSEDED_UNMARKED	arc_verdict.json's claim_one_line text still reads verbatim 'take E6 to the Standard Model algebra' -- the correction banner lives only in FINDINGS.md and a metadata field (creates_law_reviewed); the verdict's own headline sentence was never edited to reflect either the B950 dimension-count correction (14 vs 12) or the B951 finding that the endpoint is a 77-year-old catalogued Levi subalgebra, not a novel landing
B907_real_form_selector	main	SUPERSEDED_UNMARKED	DRAFT_COMPLETENESS.md is explicitly marked 'Status: computation agent (deliverable for the banking seat; NOT banked by this draft)' yet FINDINGS.md's own ADDENDUM section presents its C1/C2/C3 results as settled ('THE SIGN-LOCKING THEOREM -- the completeness follow-up is PAID') without flagging that the underlying DRAFT_COMPLETENESS.md document itself is titled DRAFT and states its own 'honest gap' at the form level is not closed. The ADDENDUM's headline ('is PAID') is stronger than the draft document's own stated residual gap; both are consistent on inspection (the draft's gap is explicitly about existence of OTHER forms beyond e6(2), not about the e6(2) result itself), but the FINDINGS-level headline compresses away the caveat in a way that could read as fully closed to a reader who does not open DRAFT_COMPLETENESS.md.
B921_branch_harvest	main	SUPERSEDED_UNMARKED	The harvested cell9_sec16_verdict.md documents a STOP-severity review (4 defects: dead PSLQ tolerance, non-functional P3 control, unvalidated Y=0.80, unsupported mult-2 claim) against the sealed prereg chain that B921's own FINDINGS.md/arc_verdict.json describe only as '4/4 seal hashes verified... the chain's internal citations close' -- a reader of B921's claim_of_record alone would not learn that the sealed content it preserves was, per its own harvested verdict.md, arithmetically defective at seal time (v3's resolution status was not independently confirmed here; only grepped, not fully read).
B932_chain_selection	main	SUPERSEDED_UNMARKED	A 2026-08-19 ADDENDUM (from a later arc B1079) states the universal reading of theorem T1 ('every charge wall has center >= 1') is 'computably FALSE beyond this arc's own sweep' at orders 2 and 3 (specific counterexamples given: su(6)+su(2) at order 2, su(3)^3 at order 3), and narrows T1's true scope to toral/order->=5 elements only. The addendum is present and the main-text T1 bullet in LEG 2 is NOT itself edited to add the scope caveat inline -- a reader of LEG 2 alone (before the addendum) would still read T1 as an unscoped universal theorem.
B959_nontoral_rank4	main	SUPERSEDED_UNMARKED	arc_verdict.json's claim_one_line and 'superseded_by': null still assert the unqualified headline ('no centralizer construction whatsoever ... can produce chiral matter') even though the arc's own 2026-08-20 ADDENDUM explicitly re-scopes this to 'every TORAL route' after B1098/B1100 found a working nilpotent-stratum counter-route (centralizer su(3)+su(3), rank 4, 27 computed complex). The verdict.json machine-readable record was never updated to reflect the addendum.
B960_l136_adjoint	main	SUPERSEDED_UNMARKED	This arc's headline claim ('B959's no-go is complete within the centralizer class: no centralizer construction ... can produce chiral matter') is contradicted by B959's own later (2026-08-20) addendum, which records that B1098/B1100 opened a DIFFERENT hatch (a nilpotent-stratum, non-toral centralizer of rank 4 with the 27 computed complex) that B960's argument (about elementary-abelian subgroups and the adjoint form specifically) never closes. B960's directory carries no addendum or correction acknowledging this, and arc_verdict.json still reads 'complete'.
B963_tau_double_duty	main	SUPERSEDED_UNMARKED	arc_verdict.json's stored claim_one_line still asserts the full original argument including the now-retracted 'compete for one budget' corollary language, without reflecting the 2026-08-10 (B1017) correction; only FINDINGS.md carries the correction banner inline at the top.
B970_L134_exotics	main	SUPERSEDED_UNMARKED	arc_verdict.json's claim_one_line still says 'the twelve exotic states per generation' as the headline count, while WORK.md (same arc, sec 1.4) and the later PROGRESS_LOG entry (B993/B994) both establish the correct count is ELEVEN (10+1), with twelve being a different count of a different thing (beyond a 15-fermion SM generation, including nu^c which sits inside the 16). The arc's own FINDINGS.md title even writes 'THE TWELVE (ELEVEN)' -- the correction is present in-arc but the verdict's one-line summary was not updated to reflect it.
B972_L137_split	main	SUPERSEDED_UNMARKED	SCOUT.md gives T's |P_lead| >= 4 and F(T) >= 6; WORK.md (the later, more refined pass in the same directory) gives |P_lead| >= 5 and F(T) >= 7 for the same object T. Both numbers stand side by side in the same arc directory with no cross-reference marking the SCOUT.md figures as superseded by the WORK.md figures, though the conclusion (refutation) is unaffected either way.
B973_L135_frame	main	SUPERSEDED_UNMARKED	"SCOUT.md and WORK.md name specific corrections owed to B958/FINDINGS.md:11,19 and B961/FINDINGS.md:60-62 (""these are incorrect as stated""), but spot-checking those two files directly shows the original uncorrected sentences still stand verbatim in B958 and B961's own FINDINGS.md — the correction has not been propagated into the arcs it corrects."
B994_rule_variation	main	SUPERSEDED_UNMARKED	the arc's own FINDINGS.md, arc_verdict.json claim_one_line, and results.json's all_reachable_chains list all six chains -- including 'SU(3)^3 -> Pati-Salam -> SM' and 'SU(3)^3 -> SU(5)xU(1) -> SM' -- as valid reachable chains, but a same-day addendum proves both are group-theoretically void (su(4), dim 15, and su(5), dim 24, being simple cannot inject into the non-simple su(3)^3). The addendum stands beside, not inside, the banked FINDINGS/results.json, so a reader of only FINDINGS.md or results.json still sees the uncorrected six-chain claim.
B997_golden_conductor_uniqueness	main	SUPERSEDED_UNMARKED	arc_verdict.json's claim_one_line still reads '|SL(2,Z/N)| is a McKay-group order for EXACTLY N in {3,4,5} -- 24=2T->E6, 48=2O->E7, 120=2I->E8 ... the whole exceptional series and nothing else', which the addendum explicitly refutes (SL(2,Z/4) is order 48 but is NOT isomorphic to 2O -- it has 7 involutions vs 2O's 1, and 0 elements of order 8 vs 2O's 12). The addendum's own header says 'Not an edit' and the claim_one_line in the primary banked verdict file is unchanged.
B1003_axiom_prices	main	SUPERSEDED_UNMARKED	arc_verdict.json's claim_one_line still states 'the discarded child is GIESEKING', which the same-batch addendum explicitly refutes with a computed volume ratio (Gieseking is the PARENT, m004 the double cover). The addendum notes THEOREM_LEDGER.md's C5 entry already has the direction right, so the arc's own verdict text disagrees with the corpus's other record of the same fact -- and per a later progress-log entry (2026-08-30, Cell 5), this error was still uncorrected in the banked verdict line as of that later read.
B1012_branch_verifications	main	SUPERSEDED_UNMARKED	FINDINGS.md:18-19 states 'blind-to-k <=> CS=0 <=> the object equals its mirror' as a sharpening this bench adds; B1226 (2026-08-31, ~2.5 months later) refutes this exact equivalence in both directions (m208: chiral, CS=0; m003/m135/m207: amphichiral, CS=1/4). The original FINDINGS.md and arc_verdict.json are left uncorrected/unedited; only a 2026-09-01 addendum by a fresh physics seat notes the propagation gap ('B1226 corrected six downstream surfaces but not this file'). A reader of THEOREM_REGISTRY following the row back to B1012 would still meet the refuted claim as live.
B1024_l153_bits	main	SUPERSEDED_UNMARKED	arc_verdict.json's verdict field ('PROVED') and claim_one_line assert d=2 as settled, but FINDINGS.md's own top banner (added the same day) downgrades this to PROVISIONAL pending three amendment controls that per the log were still undelivered three reviews later. The verdict file was not updated to reflect the re-grade.
B1043_triple_assembly	main tree, frontier/B1043_triple_assembly	SUPERSEDED_UNMARKED	arc_verdict.json's claim_one_line (the machine-readable claim of record) still reads '...the new fact h0(M;27)=1 (the solo invariant line — identification open, a lead candidate)' even though ADDENDUM_2026-08-13.md, filed the next day, resolves the identification as definitional (= B632's forced VEV). The verdict JSON was never updated to reflect the addendum.
B1046_the_arc_graph	worktree [seat]_new-session-qor5up (frontier/B1046_the_arc_graph)	SUPERSEDED_UNMARKED	12 of 41 one-way supersedes links point at targets still cited on a curated surface, including B123 (which B1037 explicitly declined to restore because B125 refutes it) and B111 (dispositioned SUBSUMED) — nothing in the metadata graph itself would tell a reader these targets are dead.
B1077_intrinsic_split	main	SUPERSEDED_UNMARKED	arc_verdict.json's creates_law was flipped to false by the B1214 re-audit on the stated basis that these thirteen 'passed' laws were read in full while this one and its siblings were not -- the FINDINGS.md headline text itself still reads as a first-time general theorem ('the 77 requires a twist... unique non-circular door') without any in-file correction reflecting the downgrade; only the verdict JSON's creates_law_reviewed block carries the correction.
B1080_global_form	main	SUPERSEDED_UNMARKED	The banked FINDINGS.md headline still calls the uniform Z6 result 'the paper's cleanest new line,' but ADDENDUM_2026-09-01.md (per B1221) states the kernel itself is not new (known since 1980) and only the uniformity/MB12 sweep is the arc's real contribution. The addendum is a separate file beside the original FINDINGS.md, which is explicitly left uncorrected ('the banked FINDINGS are untouched') -- so a reader of FINDINGS.md alone, without noticing the addendum file, would carry the overclaimed novelty forward.
B1085_edge_observability	main	SUPERSEDED_UNMARKED	FINDINGS.md's own body text (sections 1-2) still states the plain, uncorrected framing ('bulk hand-blindness... differ by AT MOST ONE state') alongside the later CORRECTION ADDENDUM that says this framing 'undersells the truth' at reversal-closed windows (exact isospectrality). The correction is appended below rather than integrated into the body sections, though it is clearly labeled and dated, so a careful reader would catch it -- borderline case.
B1127_antilinear_completion	main	SUPERSEDED_UNMARKED	The FINDINGS.md text itself states the underlying agent's 'final-report headline' claimed the object's OWN mirror supplies compact color, and that this bank keeps a fence over-riding that headline — this is a good-faith internal correction already marked in this arc's own FINDINGS (not unmarked), included here for visibility that the stronger claim was made and walked back within the same arc.
B1136_genericity_on_the_wins	main	SUPERSEDED_UNMARKED	ADDENDUM_2026-09-01 explicitly states 'Original FINDINGS.md left unedited' after correcting the family count from 14 to 21 (census truncation bug in verify_genericity.py:29-30) and the 'all 14 amphichiral' claim (only 6/14 are actually amphichiral; the original check was orientation-blind and could not fail). FINDINGS.md and arc_verdict.json still state 'exactly 14' and 'ALL thirteen others' amphichiral as if uncorrected, though the addendum notes the headline H1=Z separator conclusion survives.
B1137_regulator_probe	main	SUPERSEDED_UNMARKED	A same-day ADDENDUM (2026-09-01) demonstrates via a planted-positive control run through the arc's own unmodified code that the instrument has zero statistical power to detect any true relation at physically-available precision (best case 10 digits vs a required ~176+ exact digits) -- meaning the correct PREREG-Section-E outcome type is FLOOR, not DISJOINT. FINDINGS.md and arc_verdict.json still assert DISJOINT (a 'theorem-shaped negative') unmodified after this addendum was filed; the addendum explicitly proposes a reclassification but leaves the original text unedited pending a banking-seat decision.
B1141_spin_payment	main	SUPERSEDED_UNMARKED	Not applicable here -- the earlier 'two errata' claim is explicitly struck through and marked WITHDRAWN in-place in FINDINGS.md itself (not merely in a separate addendum left unresolved), so this is a correctly-propagated retraction rather than a superseded-unmarked case; noted for contrast with B1137/B1143's pattern in this same batch.
B1148_carrier_harvest	frontier/B1148_carrier_harvest	SUPERSEDED_UNMARKED	FINDINGS.md still states the chain as '6615 -> 4 -> 1' (memo 48 row and the 'through-line' section) though the arc's own addendum shows the honest full-ordered-tensor chain is 6615 -> 9 -> 1, and that '4' is only correct under a different (Sym3) convention silently swapped in mid-chain; FINDINGS.md and b1148_results.json are explicitly left unedited by the addendum's own admission.
B1153_peripheral_and_superposition	frontier/B1153_peripheral_and_superposition	SUPERSEDED_UNMARKED	the arc's own title and body (FINDINGS.md line 1: '...closes *positive* as the exact 2-fold GUE superposition...'; also line 25) still use the word 'exact' to describe the spacing-law fit, but ADDENDUM_grade_note_R015.md (adopting codex R015) explicitly states this headline word 'reads stronger than the shipped computation' and that the correct grade is 'a SURMISE-LEVEL model identification... not a theorem.' FINDINGS.md's own prose is not edited to reflect this; the progress log itself records this as 'adopted, nothing withdrawn' rather than a text fix.
B1155_seam_a	frontier/B1155_seam_a	SUPERSEDED_UNMARKED	B1155's FINDINGS.md and arc_verdict.json still present the full three-point 'leaning MISMATCH' argument as standing project reasoning, but the very next arc in this packet (B1156_seam_a_gate2/FINDINGS.md) states explicitly: 'This arc sharpens B1155: it removes B1155's leaning MISMATCH... The a-priori MISMATCH is REFUTED (2 of 3 lenses)... B1155's 'leaning MISMATCH' WITHDRAWN' per the progress log. No addendum or correction note exists in B1155's own directory pointing a reader to B1156.
B1158_cloud_wave2_harvest	frontier/B1158_cloud_wave2_harvest	SUPERSEDED_UNMARKED	FINDINGS.md's Habiro-germ section states the coherence mechanism 'transports uniformly (local v_pi=N at every level)', but the arc's own ADDENDUM_fence_note_R016.md (adopting codex R016) states this universal phrasing 'remains stronger than the shipped computation... proved only for p in {5,7}, r in {1,2}, Taylor order <=8' and that 'a universal statement still needs an all-level Habiro/local-ring argument'. FINDINGS.md's body text is not edited to narrow the quantifier.
B1161_frontier_sweep	main	SUPERSEDED_UNMARKED	arc_verdict.json's claim_one_line (the machine-readable claim of record) repeats the un-hedged 'the bypass door and SEAM-A are ONE obstruction' framing verbatim, without any note that this was later downgraded to conjectural-supported by the same arc's own addenda.
B1163_w0_attempt	main	SUPERSEDED_UNMARKED	FINDINGS.md's main body and arc_verdict.json do not mention the family-wide amphichirality strengthening or its subsequent full retraction at all (they predate it), so a reader of the claim-of-record alone would not learn that a load-bearing-sounding companion claim (83/83 amphichirality) was found to rest on a vacuous SnapPy instrument that returns True on every manifold including known-chiral controls — though to the arc's credit, the addenda explicitly state the core W0 headline is untouched by this retraction.
B1164_cc_masterplan	main	SUPERSEDED_UNMARKED	The arc's title itself ('the observer freedom is 2 discrete + 1 continuous bits (all archimedean)') and its FINDINGS.md §E body text assert 'everything the observer supplies is archimedean data' as the arc's convergent finding, but this arc's own ADDENDUM_price_reconciliation.md (filed the same day, 2026-08-26) states explicitly 'WITHDRAW all archimedean. The observer supplies closings at both places' and 'B1164's headline thesis... is falsified as stated' by a finite-place VEV closing cc3 found was missed. The main FINDINGS.md file is never edited to remove or hedge the retracted claim, per house discipline of append-only addenda, so a reader who stops at the title or §E would carry the retracted claim forward unaware.
B1175_charter_close_harvest	frontier/B1175_charter_close_harvest	SUPERSEDED_UNMARKED	FINDINGS.md line 4 and arc_verdict.json still assert `verification/reproduce.sh` → `REPRODUCES`, but the currently committed reproduce.sh (corrected by B1215's honesty pass) explicitly prints 'RECORD', not 'REPRODUCES', and states it re-runs nothing. FINDINGS.md/arc_verdict.json were never updated to match the corrected script's actual output.
B1186_family_is_112	frontier/B1186_family_is_112	SUPERSEDED_UNMARKED	"FINDINGS.md line 44 ('Amphichirality strengthens a third time: 112/112') is directly contradicted by this same directory's own 2026-09-01 addendum ('amphichirality 112/112 is false; the true count is 38/112' — the instrument was orientation-blind and returns True on every input). The original FINDINGS.md was left unedited per the addendum's own note ('Original FINDINGS.md left unedited'), and reproduce.sh's committed assertion `d[""amphichirality_failures""] == []` still encodes the false claim and would still pass."
B1192_close_loop_batch4	main	SUPERSEDED_UNMARKED	arc_verdict.json's claim_one_line still asserts unqualified that X0's action on both spectral fields shows 'the class restricts to c', but this arc's own ADDENDUM 1 (appended to FINDINGS.md) proves that exact clause is a mathematically-automatic (MB12-vacuous) fact about any hyperbolic anti-conjugator, hence non-discriminating; the verdict json was not revised.
B1196_close_loop_batch5b	main	SUPERSEDED_UNMARKED	arc_verdict.json's claim_one_line still states, unqualified, that the three-regime dichotomy explains why sigma AND lambda are anchors on the SAME (non-normalizable) side; this arc's own dated ADDENDUM (2026-08-30) documents that GC-27's actual verdict is PARTIAL, places sigma and lambda on OPPOSITE sides, and that lambda fails the theorem's first hypothesis entirely -- 'the summary is wrong in the direction that makes the record look more finished'. The verdict json was never edited to match.
B1198_lee_motives_retrieval	main	SUPERSEDED_UNMARKED	arc_verdict.json's claim_one_line still states as the headline retrieved fact that the tangential base point is 'NOT canonical' and that 'the outside chooses the marking' -- but this arc's own same-batch ADDENDUM_corrected_B1201.md withdraws this exact claim for the object in question (4_1: the admissible vector is unique, |a1|=1 at all four ideal points). The verdict json's claim_one_line was never edited to reflect the withdrawal; a reader of arc_verdict.json alone would carry the retracted claim forward.
B1210_paper_spine_sweep	main	SUPERSEDED_UNMARKED	Checked: the ADDENDUM correctly marks the arc's own pool criterion as superseded by B1213, so this is NOT an instance of the flag -- recorded here to note the check was made, not to raise it.
B1220_campaign_premise_audit	main	SUPERSEDED_UNMARKED	The arc's own dated ADDENDUM (same file set, 2026-08-30) explicitly retracts the FINDINGS.md/arc_verdict.json Cell-1 statement that lambda's gate is merely 'written but unsatisfied' -- the addendum reports B1195/GC-22 (PROVED) already places lambda EXTERNAL BY THEOREM via an exact constructive exclusion. But arc_verdict.json's claim_one_line was never updated: it still ends with 'lambda needs a (T,G) pair read off D (the gate is written; nothing satisfies it yet)', with no reference to the addendum or its stronger conclusion. A reader of the verdict alone (not the addendum) gets the superseded, weaker claim.
B1221_global_form_path_independence	main	SUPERSEDED_UNMARKED	arc_verdict.json's claim_one_line was not updated after the addendum: it still states the Z_6 result unconditionally ('kernel on the 27 = order 6 ... Z6 EXACTLY') without the addendum's caveat that this holds only at the primitive (or unit-rescaled) hypercharge normalisation, which the programme's own no-go theorem (B991/B864, hypercharge normalisation not derivable in principle) means is a convention, not forced.
B1222_symmetry_vanishing_thesis	main	SUPERSEDED_UNMARKED	The arc's own dated ADDENDUM retracts the decisive-test conclusion outright ('What is retracted: that the decisive test refuted it. The test did not address it' -- because H1-torsion is not a quantity the thesis mentions; the correct decisive test, re-run in the sibling arc B1224 on Chern-Simons, instead SUPPORTS the mechanism at ~200x the predicted direction). Despite this, arc_verdict.json's claim_one_line is unchanged and still asserts 'a thesis failing its decisive test at +0.50 against a predicted negative is refuted, not partially confirmed' with no mention of the addendum's retraction.
B1230_consistency_campaign_run1	main	SUPERSEDED_UNMARKED	arc_verdict.json's claim_one_line still asserts C-5b's 'restriction-free' recovery ('the object's own arithmetic selects E6 alone') as the arc's stronger, corrected headline, and c5b_results.json still carries 'b1229_headline_support_restated': true, even though the arc's own same-day ADDENDUM_2026-09-01_C5b_IS_NOT_RESTRICTION_FREE.md explicitly withdraws exactly this claim as an unearned identification 'of the same species as B1228's retracted nomination'.
B8068_j2t_charge_field	paper/structure-genesis-first	SUPERSEDED_UNMARKED	CELL_ITEM1_FINDINGS.md's own body text (below its added warning box) still narrates the original 254/254 su(5)-not-real claim as the finding, with the corrective note only in a header box saying the conclusion (but not the argument) survives per B8073 -- B8073 itself is outside this packet and not independently verified by this reader.
B8075_rung_spectrum_audit	paper/structure-genesis-first	SUPERSEDED_UNMARKED	this arc's own results.json explicitly frames its 16-subset table as a sample ('a full subspace sweep of C would only ADD values'), and it is later shown by B8078/B8079 to have been an under-sample (three of eleven attainable values found, not all eleven). B8075 itself has no verdict/arc_verdict.json marking it superseded -- the correction lives only in the later arcs' files, and this directory carries no ADDENDUM or pointer forward.
B8094_L173_anchors	paper/structure-genesis-first	SUPERSEDED_UNMARKED	results.json's 'precision_figures_extracted' field contains an inline note dated 2026-08-27 ('COMPLETED BY B8146… as a NEGATIVE: the anchor literature reports no error bars… mode identification is QUALITATIVE, not a count') that updates/answers an item FINDINGS.md and arc_verdict.json still describe as simply 'NOT extracted' / open and owed — the summary-level claim-of-record files were not revised to reflect this later resolution, so a reader of FINDINGS.md/arc_verdict.json alone would not know the precision-figures question was later closed (as a negative) by a different arc.
B8098_L1_verified	unknown (packet did not surface a source hash)	SUPERSEDED_UNMARKED	The arc itself states the target defect: 'm004 is THE selected object' is banked (elsewhere in the corpus) wider than what was proved ('m004 extremal along m=1..7'); this arc computationally narrows two of five criteria but the digest packet gives no evidence the original overclaiming banked statement was itself corrected/retracted in its home document -- only that this arc 'measures the gap' without reopening L1.
B8134_codex_branch_stale_claim	paper/structure-genesis-first	SUPERSEDED_UNMARKED	the arc's own claim_one_line in arc_verdict.json begins with a bracketed '[CORRECTED 2026-08-26 ...]' notice and the FINDINGS.md 'Verdict' section is itself the corrected text — i.e. the correction is embedded inline in the sole claim_of_record rather than as a separate superseding document; this is handled reasonably (no stale uncorrected copy found in the digest sample) but is the same file serving as both the original claim and its own retraction, which is fragile bookkeeping
B8142_residue2_bridge	paper/structure-genesis-first	SUPERSEDED_UNMARKED	arc_verdict.json's claim_one_line and verdict ('PROVED') were never updated after FINDINGS.md's same-day CORRECTED banner refuted the reflection formula's antecedent and withdrew its three numeric predictions; a reader consulting only arc_verdict.json (the claim-of-record file) would not learn of the retraction.
B8143_anomaly_lane	paper/structure-genesis-first	SUPERSEDED_UNMARKED	arc_verdict.json's claim_one_line is the pre-correction claim ('the SM is NOT the minimal rigid chiral content', 13-state witness) verbatim, unedited after FINDINGS.md's own CORRECTED banner retracted exactly this claim in the same arc; a downstream reader of arc_verdict.json alone gets the withdrawn conclusion.
tierB_opening	audit/b775-braver-questions	SUPERSEDED_UNMARKED	P0-0_GENERICITY_CONTROL.md's own body text in §4 still contains the original closure clause ('closes for good') inline in the document even though a same-day owner-caught correction banner at the top of the file explicitly withdraws it and says 'The sentence was unsupported and is struck.' The struck sentence is not actually removed/struck-through in the body -- it must be located and manually discounted by the reader following the correction banner's pointer. This is a soft case (the correction is prominent and dated, but the older text remains literally present in §4 rather than being edited out or visibly struck).
