ic_index,psi0_real,psi0_imag,r0,ever_on_floor,floor_active_fraction,r_min,r_max,r_final,gamma,eps,h,n_steps
0,-0.7480425978200493,-1.6086019670940306,1.774025934616558,True,0.8225,0.04999999999999999,1.774025934616558,0.049999999999999996,1.0,0.05,0.01,2000
1,-0.08867381168028146,-0.3811651786575722,0.3913437597547314,True,0.898,0.049999999999999996,0.3913437597547314,0.049999999999999996,1.0,0.05,0.01,2000
2,0.14953286823168416,0.27770307637120434,0.3154030394711268,True,0.9085,0.05,0.3154030394711268,0.05,1.0,0.05,0.01,2000
3,-0.15798609597758861,-0.62257002180296,0.6423029180768042,True,0.873,0.05,0.6423029180768042,0.05,1.0,0.05,0.01,2000
4,-0.647564589134747,-0.022250335801309102,0.6479467374287217,True,0.873,0.049999999999999996,0.6479467374287217,0.05000000000000001,1.0,0.05,0.01,2000
5,-1.2420492964062948,-1.225524306872586,1.7448771536812855,True,0.8235,0.05,1.7448771536812855,0.05,1.0,0.05,0.01,2000
6,1.810622462942317,0.3296256820096337,1.840382241153076,True,0.821,0.05,1.840382241153076,0.05,1.0,0.05,0.01,2000
7,0.017357708695526945,-1.1883480868101026,1.188474848482874,True,0.8425,0.04999999999999999,1.188474848482874,0.04999999999999999,1.0,0.05,0.01,2000
8,1.216656674125087,-0.45554245195693227,1.2991429437240738,True,0.838,0.049999999999999996,1.2991429437240738,0.049999999999999996,1.0,0.05,0.01,2000
9,0.09111038789849128,-0.4465594259971329,0.4557591729520124,True,0.8905,0.049999999999999996,0.4557591729520124,0.05,1.0,0.05,0.01,2000
10,-0.5564125015790496,0.5632293139912592,0.7917209938182266,True,0.863,0.049999999999999996,0.7917209938182266,0.05,1.0,0.05,0.01,2000
11,0.6946324798963752,-0.026571691089831734,0.6951405159349882,True,0.8695,0.049999999999999996,0.6951405159349882,0.05,1.0,0.05,0.01,2000
12,-0.15382719604629252,0.973902445110203,0.9859760538852332,True,0.852,0.049999999999999996,0.9859760538852332,0.049999999999999996,1.0,0.05,0.01,2000
13,1.6967096158550172,-0.6692642388412318,1.8239347965118198,True,0.8215,0.049999999999999996,1.8239347965118198,0.049999999999999996,1.0,0.05,0.01,2000
14,-0.30338295067141663,-1.1382406903154956,1.1779783885318063,True,0.843,0.05,1.1779783885318063,0.05,1.0,0.05,0.01,2000
15,-0.365048181831673,0.26262359536122143,0.449701376358873,True,0.891,0.049999999999999996,0.449701376358873,0.05,1.0,0.05,0.01,2000
16,0.45618630789217374,0.7189178857810765,0.8514392955485588,True,0.859,0.04999999999999999,0.8514392955485588,0.05,1.0,0.05,0.01,2000
17,-0.8994230753563295,0.3684797328775442,0.971976945212665,True,0.8525,0.049999999999999996,0.971976945212665,0.049999999999999996,1.0,0.05,0.01,2000
18,-0.6034795927932332,0.01903449114765171,0.6037797038416715,True,0.8765,0.05,0.6037797038416715,0.05,1.0,0.05,0.01,2000
19,-0.2154801880456461,0.3146724547319343,0.381379686411335,True,0.899,0.049999999999999996,0.381379686411335,0.049999999999999996,1.0,0.05,0.01,2000
20,-0.007331225797087895,-0.2531474529506051,0.2532535879451004,True,0.9195,0.05,0.2532535879451004,0.05,1.0,0.05,0.01,2000
21,-1.9649799302457676,-0.21456875059711783,1.9766602831547635,True,0.8175,0.05,1.9766602831547635,0.05,1.0,0.05,0.01,2000
22,0.332919959465445,-0.8606060942281926,0.9227559530196369,True,0.855,0.04999999999999999,0.9227559530196369,0.04999999999999999,1.0,0.05,0.01,2000
23,-1.7845943930355888,0.5429218918997465,1.8653528696624833,True,0.82,0.049999999999999996,1.8653528696624833,0.049999999999999996,1.0,0.05,0.01,2000
24,0.020021712149712503,-0.8125315675684853,0.8127782091399265,True,0.8615,0.04999999999999999,0.8127782091399265,0.05000000000000001,1.0,0.05,0.01,2000
25,-0.6057051691209088,-0.1831737618365582,0.63279647512067,True,0.874,0.05,0.63279647512067,0.05,1.0,0.05,0.01,2000
26,-0.1725215205095974,0.3862128125194973,0.4229941034969209,True,0.894,0.05,0.4229941034969209,0.05,1.0,0.05,0.01,2000
27,0.5131810291775885,-1.0972835821083078,1.2113571018788012,True,0.8415,0.05,1.2113571018788012,0.05,1.0,0.05,0.01,2000
28,-0.5527045011006064,1.8712341594515125,1.9511533883923833,True,0.818,0.05,1.9511533883923833,0.05,1.0,0.05,0.01,2000
29,0.2681785341321942,1.1108799000630192,1.142792141438379,True,0.8445,0.049999999999999996,1.142792141438379,0.05,1.0,0.05,0.01,2000
30,1.3831867394893562,1.1844357177632607,1.8210144221868663,True,0.8215,0.05,1.8210144221868663,0.05,1.0,0.05,0.01,2000
31,1.2023719442609964,-0.2626391705848474,1.230722400166449,True,0.841,0.049999999999999996,1.230722400166449,0.05,1.0,0.05,0.01,2000
32,0.11158776486850178,1.301136910388812,1.305913124539489,True,0.838,0.05,1.305913124539489,0.05000000000000001,1.0,0.05,0.01,2000
33,-1.268323138674144,-0.5840020342326009,1.3963172848905252,True,0.8345,0.049999999999999996,1.3963172848905252,0.049999999999999996,1.0,0.05,0.01,2000
34,-0.5108199935863984,0.222876329288574,0.557324792203574,True,0.8805,0.049999999999999996,0.557324792203574,0.05,1.0,0.05,0.01,2000
35,1.2354149406726151,-0.24496172317451848,1.259466681360706,True,0.8395,0.049999999999999996,1.259466681360706,0.049999999999999996,1.0,0.05,0.01,2000
36,-1.8413714511809265,-0.6241366425879946,1.9442724525758126,True,0.818,0.05,1.9442724525758126,0.05,1.0,0.05,0.01,2000
37,-0.4084571033208384,0.11968748083385689,0.42563164628773187,True,0.8935,0.04999999999999999,0.42563164628773187,0.05,1.0,0.05,0.01,2000
38,-1.0365142414621038,-0.7634685111383457,1.2873406465475883,True,0.8385,0.049999999999999996,1.2873406465475883,0.05,1.0,0.05,0.01,2000
39,0.1512398147901483,-0.8136836834435198,0.8276198513085415,True,0.8605,0.049999999999999996,0.8276198513085415,0.05,1.0,0.05,0.01,2000
40,0.08187516278556775,0.2295244646919412,0.24369042281814315,True,0.9215,0.05,0.24369042281814315,0.05,1.0,0.05,0.01,2000
41,-1.3844156170598942,-0.8664256866783598,1.6331870901079872,True,0.827,0.049999999999999996,1.6331870901079872,0.05,1.0,0.05,0.01,2000
42,0.8260941935366647,-0.13416736593393352,0.836918454018456,True,0.86,0.049999999999999996,0.836918454018456,0.049999999999999996,1.0,0.05,0.01,2000
43,-0.3806305223593877,-1.2694602778427655,1.325295812855459,True,0.837,0.04999999999999999,1.325295812855459,0.05,1.0,0.05,0.01,2000
44,-0.2670530207180213,-0.3924826454844605,0.4747209105159584,True,0.8885,0.05,0.4747209105159584,0.05,1.0,0.05,0.01,2000
45,-0.7218841949594176,0.40013854832460016,0.8253651608757937,True,0.861,0.049999999999999996,0.8253651608757937,0.05,1.0,0.05,0.01,2000
46,0.6207549340028167,-0.8956405208203636,1.0897286958799486,True,0.847,0.05,1.0897286958799486,0.05,1.0,0.05,0.01,2000
47,-0.20328745401846046,-0.07536323378993727,0.21680730146511307,True,0.9275,0.04999999999999999,0.21680730146511307,0.05,1.0,0.05,0.01,2000
48,-0.5510118019135546,0.33141902516836774,0.6430027807805916,True,0.873,0.04999999999999999,0.6430027807805916,0.05,1.0,0.05,0.01,2000
49,0.12237277658314925,-0.16149130859110278,0.20261919750886428,True,0.9305,0.05,0.20261919750886428,0.05,1.0,0.05,0.01,2000
50,0.5587062500757564,0.6424783313704797,0.8514288462075439,True,0.859,0.04999999999999999,0.8514288462075439,0.05,1.0,0.05,0.01,2000
51,0.43801390304122967,0.5635347098112671,0.7137419340486313,True,0.868,0.04999999999999999,0.7137419340486313,0.049999999999999996,1.0,0.05,0.01,2000
52,0.058017837124371786,0.5375084977401161,0.5406306082413633,True,0.882,0.049999999999999996,0.5406306082413633,0.049999999999999996,1.0,0.05,0.01,2000
53,1.6168229508747407,-0.17821063797941122,1.6266147318785518,True,0.827,0.049999999999999996,1.6266147318785518,0.05,1.0,0.05,0.01,2000
54,-0.26140958476724346,1.6943608278802567,1.7144076487414688,True,0.8245,0.05,1.7144076487414688,0.05,1.0,0.05,0.01,2000
55,0.47622130200705215,1.381561422641234,1.4613345588932611,True,0.8325,0.05,1.4613345588932611,0.05,1.0,0.05,0.01,2000
56,-0.41389652794649723,-0.5239150217874412,0.6676805268245439,True,0.8715,0.05,0.6676805268245439,0.05,1.0,0.05,0.01,2000
57,-0.4597262081112838,-1.9136671963894254,1.9681133923027259,True,0.8175,0.05,1.9681133923027259,0.05,1.0,0.05,0.01,2000
58,0.6215952140344418,-1.0361795863711236,1.2083247681491744,True,0.842,0.04999999999999999,1.2083247681491744,0.04999999999999999,1.0,0.05,0.01,2000
59,1.0160580403213526,0.46746773028644517,1.1184364175762644,True,0.8455,0.05,1.1184364175762644,0.05,1.0,0.05,0.01,2000
60,0.44495492305202866,0.6541602000840645,0.7911450252148844,True,0.863,0.049999999999999996,0.7911450252148844,0.049999999999999996,1.0,0.05,0.01,2000
61,0.5186021707292429,0.67659342797605,0.8524827730021676,True,0.859,0.05,0.8524827730021676,0.05,1.0,0.05,0.01,2000
62,0.4905990284695629,-0.7459004017007063,0.8927792649880226,True,0.857,0.05,0.8927792649880226,0.05,1.0,0.05,0.01,2000
63,1.364850007068991,0.8343878542572836,1.5996932934560608,True,0.828,0.04999999999999999,1.5996932934560608,0.05,1.0,0.05,0.01,2000
64,1.7948199358177337,-0.3783068252807556,1.834255886200935,True,0.821,0.049999999999999996,1.834255886200935,0.049999999999999996,1.0,0.05,0.01,2000
65,-1.39821219844277,0.6733320570854774,1.5518934921485832,True,0.8295,0.049999999999999996,1.5518934921485832,0.05,1.0,0.05,0.01,2000
66,-0.8155608257869029,-0.5123297977198001,0.9631309787302174,True,0.853,0.049999999999999996,0.9631309787302174,0.05,1.0,0.05,0.01,2000
67,-0.988110760488865,0.11461665013364035,0.9947360712680227,True,0.8515,0.05,0.9947360712680227,0.05,1.0,0.05,0.01,2000
68,0.35347811781172445,0.32111812579264043,0.4775600804969961,True,0.888,0.05,0.4775600804969961,0.05000000000000001,1.0,0.05,0.01,2000
69,-0.5108558587634331,-0.040250858855005206,0.5124391086475448,True,0.8845,0.05,0.5124391086475448,0.05,1.0,0.05,0.01,2000
70,-0.17844256044053908,0.6992104865678423,0.7216211276722809,True,0.8675,0.05,0.7216211276722809,0.05,1.0,0.05,0.01,2000
71,-0.024979160692724236,0.6596368781282268,0.6601096647191784,True,0.872,0.049999999999999996,0.6601096647191784,0.05,1.0,0.05,0.01,2000
72,0.5447403257614097,1.4878515855801917,1.5844381853591314,True,0.8285,0.05,1.5844381853591314,0.05,1.0,0.05,0.01,2000
73,-0.3485900952980903,1.6912058890835373,1.7267577750833407,True,0.824,0.049999999999999996,1.7267577750833407,0.05,1.0,0.05,0.01,2000
74,-0.16496297551849953,-0.7201767511546996,0.7388283536760452,True,0.8665,0.049999999999999996,0.7388283536760452,0.05,1.0,0.05,0.01,2000
75,-1.236744744096616,0.19239513263486707,1.251620329457856,True,0.84,0.05,1.251620329457856,0.05000000000000001,1.0,0.05,0.01,2000
76,0.8953566976546881,-0.5312380551105811,1.0410943699937971,True,0.849,0.049999999999999996,1.0410943699937971,0.049999999999999996,1.0,0.05,0.01,2000
77,1.1448268044977152,-0.35170864777509797,1.19763407817924,True,0.842,0.049999999999999996,1.19763407817924,0.049999999999999996,1.0,0.05,0.01,2000
78,0.2807966463120392,-0.14623519861484013,0.3165935720983769,True,0.9085,0.04999999999999999,0.3165935720983769,0.05,1.0,0.05,0.01,2000
79,0.26155486441556275,-0.5293613050085525,0.5904526554600302,True,0.8775,0.05,0.5904526554600302,0.05,1.0,0.05,0.01,2000
80,0.5703285787134033,0.0037441103202133937,0.570340868305385,True,0.879,0.049999999999999996,0.570340868305385,0.049999999999999996,1.0,0.05,0.01,2000
81,-0.6491182145077333,-0.5923417050445284,0.8787622840909632,True,0.8575,0.05,0.8787622840909632,0.05,1.0,0.05,0.01,2000
82,1.35397367846042,-0.3702541763889064,1.4036854623087995,True,0.8345,0.05,1.4036854623087995,0.05,1.0,0.05,0.01,2000
83,1.7694480299758957,0.5730969983755325,1.859942606730816,True,0.8205,0.05,1.859942606730816,0.05,1.0,0.05,0.01,2000
84,-1.4539927844435303,0.31514510323386513,1.4877538281940779,True,0.8315,0.049999999999999996,1.4877538281940779,0.05,1.0,0.05,0.01,2000
85,0.5322347051447633,-1.6748002602116852,1.7573359647391449,True,0.823,0.05,1.7573359647391449,0.05,1.0,0.05,0.01,2000
86,0.6473348190015593,0.36124739578626813,0.7413110338138386,True,0.866,0.05,0.7413110338138386,0.05,1.0,0.05,0.01,2000
87,0.2785437904565593,1.5680733205770054,1.5926206647872254,True,0.828,0.04999999999999999,1.5926206647872254,0.04999999999999999,1.0,0.05,0.01,2000
88,0.48893409290490947,0.5521990131899159,0.7375501999000906,True,0.8665,0.05,0.7375501999000906,0.05,1.0,0.05,0.01,2000
89,-0.35168209560828384,0.47717303124521177,0.5927684186249955,True,0.877,0.05,0.5927684186249955,0.05,1.0,0.05,0.01,2000
90,-0.47122399257887165,0.2509916752451437,0.5338996836713206,True,0.8825,0.049999999999999996,0.5338996836713206,0.05,1.0,0.05,0.01,2000
91,-0.08316565975432495,0.8769230481980914,0.8808578542667393,True,0.8575,0.049999999999999996,0.8808578542667393,0.05000000000000001,1.0,0.05,0.01,2000
92,0.4031103743139852,-1.4738833426510207,1.5280150789909461,True,0.83,0.05,1.5280150789909461,0.05,1.0,0.05,0.01,2000
93,-0.17576178190429395,-1.8676286078571176,1.8758808120092512,True,0.82,0.049999999999999996,1.8758808120092512,0.05,1.0,0.05,0.01,2000
94,-1.0340207124387086,-1.0131473738444094,1.447641680416835,True,0.833,0.049999999999999996,1.447641680416835,0.049999999999999996,1.0,0.05,0.01,2000
95,0.34284602135967696,1.5149692609886938,1.5532788726119948,True,0.8295,0.049999999999999996,1.5532788726119948,0.05,1.0,0.05,0.01,2000
96,0.9784891296301513,-0.2509109823025408,1.0101471664289303,True,0.8505,0.049999999999999996,1.0101471664289303,0.049999999999999996,1.0,0.05,0.01,2000
97,1.516244373354753,0.9441867479002972,1.7861930507760038,True,0.8225,0.04999999999999999,1.7861930507760038,0.04999999999999999,1.0,0.05,0.01,2000
98,-0.19998688850919377,-0.09206949855252514,0.220162549356838,True,0.9265,0.05,0.220162549356838,0.05,1.0,0.05,0.01,2000
99,0.2894199383338947,0.6548895300094997,0.7159917577886346,True,0.868,0.04999999999999999,0.7159917577886346,0.04999999999999999,1.0,0.05,0.01,2000
100,1.2243252529727098,0.07087600128567531,1.2263750375088922,True,0.841,0.05,1.2263750375088922,0.05,1.0,0.05,0.01,2000
101,0.1553870320365447,-0.3147101054695265,0.3509808829690966,True,0.9035,0.049999999999999996,0.3509808829690966,0.05,1.0,0.05,0.01,2000
102,1.0000786292359853,0.25725003287196746,1.0326349035681275,True,0.8495,0.05,1.0326349035681275,0.05,1.0,0.05,0.01,2000
103,0.7152224462759913,-0.4168286860617396,0.827822022647966,True,0.8605,0.049999999999999996,0.827822022647966,0.05000000000000001,1.0,0.05,0.01,2000
104,-1.2315611688945112,0.9391693246394485,1.5488001591788827,True,0.8295,0.04999999999999999,1.5488001591788827,0.049999999999999996,1.0,0.05,0.01,2000
105,-0.10629114071392404,-0.8794313895143563,0.8858314599614413,True,0.857,0.04999999999999999,0.8858314599614413,0.04999999999999999,1.0,0.05,0.01,2000
106,-0.0005622559324254935,0.8675411612290628,0.8675413434288906,True,0.8585,0.05,0.8675413434288906,0.05,1.0,0.05,0.01,2000
107,-1.1013623665783991,-0.21198728884677667,1.1215782064340314,True,0.8455,0.049999999999999996,1.1215782064340314,0.05,1.0,0.05,0.01,2000
108,-0.8760317845625407,-0.06786092893813149,0.878656242930178,True,0.8575,0.05,0.878656242930178,0.05,1.0,0.05,0.01,2000
109,0.43510920164260286,1.1225891581795455,1.203962804830915,True,0.842,0.05,1.203962804830915,0.05,1.0,0.05,0.01,2000
110,1.556497884993657,0.23377961432746988,1.5739563443961297,True,0.8285,0.05,1.5739563443961297,0.05,1.0,0.05,0.01,2000
111,1.3113430584309034,0.24962763240734723,1.3348912209450676,True,0.837,0.05,1.3348912209450676,0.05,1.0,0.05,0.01,2000
112,-0.4095030000008138,-1.0760551668823828,1.1513415779793323,True,0.844,0.049999999999999996,1.1513415779793323,0.049999999999999996,1.0,0.05,0.01,2000
113,0.8671523382859534,-0.014869087209909598,0.8672798092595333,True,0.8585,0.04999999999999999,0.8672798092595333,0.04999999999999999,1.0,0.05,0.01,2000
114,-0.6894168737659948,0.10052931778024816,0.6967078078840797,True,0.869,0.05,0.6967078078840797,0.05,1.0,0.05,0.01,2000
115,-0.2548683187253074,-1.5589029036426305,1.5795999882486988,True,0.8285,0.05,1.5795999882486988,0.05,1.0,0.05,0.01,2000
116,-1.2553991924062793,1.4411779372442406,1.9112877802921,True,0.819,0.05,1.9112877802921,0.05,1.0,0.05,0.01,2000
117,-0.36341698625182256,-0.6138162870256192,0.7133318583340259,True,0.868,0.049999999999999996,0.7133318583340259,0.05,1.0,0.05,0.01,2000
118,-0.9799695864929191,-0.5648739773862915,1.1311158211161718,True,0.845,0.04999999999999999,1.1311158211161718,0.05,1.0,0.05,0.01,2000
119,0.5386468884609553,0.2710590493653388,0.6030037136631167,True,0.8765,0.05,0.6030037136631167,0.05000000000000001,1.0,0.05,0.01,2000
120,-0.48161933459959455,0.28914311953243266,0.561748099269684,True,0.88,0.049999999999999996,0.561748099269684,0.049999999999999996,1.0,0.05,0.01,2000
121,-0.6610499739773396,-1.1638809223901332,1.3385088231308557,True,0.8365,0.05,1.3385088231308557,0.05,1.0,0.05,0.01,2000
122,0.7194127634395929,-1.7459734897858934,1.8883797688057673,True,0.8195,0.04999999999999999,1.8883797688057673,0.04999999999999999,1.0,0.05,0.01,2000
123,0.8929175755288493,0.8539537404491879,1.2355317832882637,True,0.8405,0.05,1.2355317832882637,0.05,1.0,0.05,0.01,2000
124,-1.7864212858720914,-0.1717984272506548,1.794663118867353,True,0.822,0.05,1.794663118867353,0.05,1.0,0.05,0.01,2000
125,-1.9181437897404474,0.14202852623335452,1.9233948373601986,True,0.8185,0.049999999999999996,1.9233948373601986,0.05000000000000002,1.0,0.05,0.01,2000
126,0.22652568961821562,-0.12560169105976765,0.2590167424204109,True,0.9185,0.04999999999999999,0.2590167424204109,0.05,1.0,0.05,0.01,2000
127,0.2286039526867672,1.4754798398961548,1.493084232427627,True,0.8315,0.05,1.493084232427627,0.05,1.0,0.05,0.01,2000
128,0.8804317512348266,1.3941598211081256,1.6488910441186417,True,0.8265,0.049999999999999996,1.6488910441186417,0.049999999999999996,1.0,0.05,0.01,2000
129,0.6040573626431422,-1.2889764413948472,1.4234976515029143,True,0.8335,0.049999999999999996,1.4234976515029143,0.049999999999999996,1.0,0.05,0.01,2000
130,0.8466932104462135,-0.17366407334628717,0.8643197342343518,True,0.8585,0.04999999999999999,0.8643197342343518,0.05,1.0,0.05,0.01,2000
131,1.229233099461895,0.74962744456405,1.439776134840526,True,0.833,0.049999999999999996,1.439776134840526,0.05000000000000001,1.0,0.05,0.01,2000
132,-0.07996941881333719,-0.9656722464814708,0.9689778096375136,True,0.853,0.049999999999999996,0.9689778096375136,0.049999999999999996,1.0,0.05,0.01,2000
133,-1.9644459534978056,-0.35501537179976544,1.9962674716650644,True,0.817,0.049999999999999996,1.9962674716650644,0.049999999999999996,1.0,0.05,0.01,2000
134,-0.7985815971694318,0.7952751453038999,1.127029335942867,True,0.8455,0.05,1.127029335942867,0.05,1.0,0.05,0.01,2000
135,-1.0118071454942503,1.4030219279958556,1.7298046797573507,True,0.824,0.05,1.7298046797573507,0.05,1.0,0.05,0.01,2000
136,-0.8301780195722099,1.0959986863279718,1.3749213303362038,True,0.8355,0.049999999999999996,1.3749213303362038,0.049999999999999996,1.0,0.05,0.01,2000
137,0.16254319233351927,-1.5447748475399354,1.55330280981076,True,0.8295,0.04999999999999999,1.55330280981076,0.05,1.0,0.05,0.01,2000
138,0.05678174543882195,-0.7967829794791061,0.798803657354347,True,0.8625,0.04999999999999999,0.798803657354347,0.05000000000000001,1.0,0.05,0.01,2000
139,-0.3312447963848681,1.9415036834646355,1.9695582418498825,True,0.8175,0.049999999999999996,1.9695582418498825,0.049999999999999996,1.0,0.05,0.01,2000
140,-0.3500759682943235,-0.18483802329953283,0.3958765949566694,True,0.8975,0.05,0.3958765949566694,0.05,1.0,0.05,0.01,2000
141,-1.4266719184333103,-1.2371847948316232,1.888390579146366,True,0.8195,0.049999999999999996,1.888390579146366,0.049999999999999996,1.0,0.05,0.01,2000
142,0.8879793777520999,-0.6144289594529292,1.0798288389959845,True,0.8475,0.05,1.0798288389959845,0.05,1.0,0.05,0.01,2000
143,-0.7879377531255066,-0.15587440554279944,0.8032077770438935,True,0.862,0.05,0.8032077770438935,0.05,1.0,0.05,0.01,2000
144,0.48845439571346566,-0.12232563092644523,0.5035387340347909,True,0.8855,0.049999999999999996,0.5035387340347909,0.049999999999999996,1.0,0.05,0.01,2000
145,-0.15198399900046833,0.6029405886848389,0.6218010046918503,True,0.875,0.05,0.6218010046918503,0.05,1.0,0.05,0.01,2000
146,0.27528931754248986,0.21569551689662042,0.34972669952737395,True,0.9035,0.049999999999999996,0.34972669952737395,0.05,1.0,0.05,0.01,2000
147,-0.388518764608844,0.22076467026103253,0.44686001173594037,True,0.8915,0.05,0.44686001173594037,0.05,1.0,0.05,0.01,2000
148,-0.023996835756557425,0.44286992543769627,0.4435195812853338,True,0.8915,0.05,0.4435195812853338,0.05,1.0,0.05,0.01,2000
149,0.10520606712296135,1.1398861936778923,1.1447309077232757,True,0.8445,0.049999999999999996,1.1447309077232757,0.049999999999999996,1.0,0.05,0.01,2000
150,-0.18977445480109145,-1.7192691994996496,1.7297112256221319,True,0.824,0.049999999999999996,1.7297112256221319,0.049999999999999996,1.0,0.05,0.01,2000
151,-0.9131250201586981,0.43276207548052753,1.0104851886168529,True,0.8505,0.05,1.0104851886168529,0.05,1.0,0.05,0.01,2000
152,1.821492209656208,0.44197077037371824,1.8743457609798129,True,0.82,0.05,1.8743457609798129,0.05,1.0,0.05,0.01,2000
153,-0.974444554785252,-0.6144866449873585,1.1520139006185854,True,0.844,0.04999999999999999,1.1520139006185854,0.05,1.0,0.05,0.01,2000
154,-1.5103660146796045,1.1731997523332423,1.9124861194722258,True,0.819,0.05,1.9124861194722258,0.05000000000000001,1.0,0.05,0.01,2000
155,0.4914355024199504,0.5874673871729262,0.765915650728286,True,0.8645,0.05,0.765915650728286,0.05,1.0,0.05,0.01,2000
156,-1.5487984198656284,0.7111438504885774,1.7042599923327388,True,0.8245,0.05,1.7042599923327388,0.05,1.0,0.05,0.01,2000
157,-0.32876528258497606,0.8973850559185154,0.9557125873499083,True,0.8535,0.04999999999999999,0.9557125873499083,0.05000000000000001,1.0,0.05,0.01,2000
158,-0.2940754853977526,-0.4885792023665347,0.5702543538606637,True,0.879,0.049999999999999996,0.5702543538606637,0.049999999999999996,1.0,0.05,0.01,2000
159,-1.1265009289714454,1.563070621127936,1.9267055067152326,True,0.8185,0.049999999999999996,1.9267055067152326,0.05,1.0,0.05,0.01,2000
160,1.4770796106258297,-1.336053156534911,1.991683261267577,True,0.817,0.05,1.991683261267577,0.05,1.0,0.05,0.01,2000
161,-0.42784653480664003,-1.775853317577863,1.8266657228125653,True,0.821,0.04999999999999999,1.8266657228125653,0.049999999999999996,1.0,0.05,0.01,2000
162,0.10063587426840943,0.2747184283448105,0.29257100687185306,True,0.9125,0.04999999999999999,0.29257100687185306,0.049999999999999996,1.0,0.05,0.01,2000
163,0.03829480482252159,-0.7950529333036215,0.7959746596664292,True,0.8625,0.05,0.7959746596664292,0.05,1.0,0.05,0.01,2000
164,-0.9167924081673741,0.9041181342958117,1.2876093819306662,True,0.8385,0.049999999999999996,1.2876093819306662,0.049999999999999996,1.0,0.05,0.01,2000
165,0.04875488366954755,0.44307900220658114,0.44575334084896173,True,0.8915,0.049999999999999996,0.44575334084896173,0.049999999999999996,1.0,0.05,0.01,2000
166,-0.1433105398107145,1.6515614430320742,1.6577675081057133,True,0.826,0.049999999999999996,1.6577675081057133,0.049999999999999996,1.0,0.05,0.01,2000
167,0.15762273932870227,-0.24236916730118882,0.2891154461659835,True,0.913,0.05,0.2891154461659835,0.05,1.0,0.05,0.01,2000
168,-0.9404271484236684,0.28115404307148584,0.9815553053331816,True,0.852,0.049999999999999996,0.9815553053331816,0.05,1.0,0.05,0.01,2000
169,-0.04148970890064308,-0.5593520295075165,0.5608886599485121,True,0.88,0.04999999999999999,0.5608886599485121,0.04999999999999999,1.0,0.05,0.01,2000
170,-1.102622597727586,1.5048754952735737,1.8655902147294872,True,0.82,0.049999999999999996,1.8655902147294872,0.05,1.0,0.05,0.01,2000
171,0.2502730555705997,0.22876475399621787,0.3390721383652667,True,0.905,0.04999999999999999,0.3390721383652667,0.04999999999999999,1.0,0.05,0.01,2000
172,0.9713162017104482,0.49498623979281714,1.090168125240068,True,0.847,0.04999999999999999,1.090168125240068,0.05,1.0,0.05,0.01,2000
173,0.28625891760886474,0.3091829271113895,0.4213528810009083,True,0.894,0.05,0.4213528810009083,0.05,1.0,0.05,0.01,2000
174,0.8609917436632909,-1.0305818134763352,1.3429094001177166,True,0.8365,0.049999999999999996,1.3429094001177166,0.049999999999999996,1.0,0.05,0.01,2000
175,-0.12107323017480665,-1.8866263696319039,1.8905072826242746,True,0.8195,0.05,1.8905072826242746,0.05,1.0,0.05,0.01,2000
176,-0.3539462133831936,-0.9376553070320487,1.0022352003265833,True,0.851,0.05,1.0022352003265833,0.05,1.0,0.05,0.01,2000
177,-1.3757363378660215,-0.021022572915271376,1.3758969510457495,True,0.8355,0.05,1.3758969510457495,0.05,1.0,0.05,0.01,2000
178,-1.8884947733428523,-0.3147698743290694,1.9145476182974426,True,0.819,0.049999999999999996,1.9145476182974426,0.049999999999999996,1.0,0.05,0.01,2000
179,-1.5043276856257226,1.1626802090212671,1.9012698530692007,True,0.819,0.049999999999999996,1.9012698530692007,0.05,1.0,0.05,0.01,2000
180,0.5197203950561817,-1.0922021886782542,1.2095515325900432,True,0.8415,0.049999999999999996,1.2095515325900432,0.05000000000000001,1.0,0.05,0.01,2000
181,-0.672783707888284,1.6946654104978682,1.8233290353465597,True,0.8215,0.05,1.8233290353465597,0.05,1.0,0.05,0.01,2000
182,-1.8474056434893713,0.4705148160290174,1.9063818619833746,True,0.819,0.049999999999999996,1.9063818619833746,0.049999999999999996,1.0,0.05,0.01,2000
183,0.0927754401516009,0.8106286284953195,0.8159203733401477,True,0.8615,0.049999999999999996,0.8159203733401477,0.049999999999999996,1.0,0.05,0.01,2000
184,-0.714690372548048,0.281064359671027,0.7679710299810483,True,0.8645,0.049999999999999996,0.7679710299810483,0.05,1.0,0.05,0.01,2000
185,0.09061954791011133,0.21468769822819317,0.2330294192456238,True,0.9235,0.04999999999999999,0.2330294192456238,0.05,1.0,0.05,0.01,2000
186,-0.6708532017639892,-0.15507567269137212,0.688543740497056,True,0.87,0.05,0.688543740497056,0.05000000000000001,1.0,0.05,0.01,2000
187,-0.7096501510413962,1.0608948655436772,1.2763625083063248,True,0.839,0.049999999999999996,1.2763625083063248,0.05000000000000001,1.0,0.05,0.01,2000
188,-1.1482038388070264,-1.1296212023743704,1.6107191301728896,True,0.8275,0.049999999999999996,1.6107191301728896,0.05000000000000001,1.0,0.05,0.01,2000
189,-0.3669947262847032,-0.7389746657884804,0.8250870777063355,True,0.861,0.049999999999999996,0.8250870777063355,0.049999999999999996,1.0,0.05,0.01,2000
190,-0.4560785918941327,1.1197692825470198,1.2090868157911583,True,0.842,0.05,1.2090868157911583,0.05,1.0,0.05,0.01,2000
191,-0.6889196387752821,-1.523443928652637,1.6719723898554204,True,0.8255,0.05,1.6719723898554204,0.05,1.0,0.05,0.01,2000
192,-0.5998387563199997,-0.022481798583190875,0.6002599144129642,True,0.8765,0.049999999999999996,0.6002599144129642,0.05,1.0,0.05,0.01,2000
193,0.5660877487685202,0.5319983471039098,0.7768381946242753,True,0.864,0.05,0.7768381946242753,0.05,1.0,0.05,0.01,2000
194,0.37285966581469887,0.4788164841946747,0.6068686480021835,True,0.876,0.04999999999999999,0.6068686480021835,0.04999999999999999,1.0,0.05,0.01,2000
195,-0.17497350519768576,-1.6331438020906957,1.6424903061596492,True,0.8265,0.049999999999999996,1.6424903061596492,0.05000000000000001,1.0,0.05,0.01,2000
196,-1.978698076284689,-0.03707011422765617,1.9790452926756328,True,0.8175,0.05,1.9790452926756328,0.05,1.0,0.05,0.01,2000
197,-0.17841313295110178,1.243559540753865,1.2562927912749446,True,0.84,0.049999999999999996,1.2562927912749446,0.049999999999999996,1.0,0.05,0.01,2000
198,0.40001298035674787,-1.4981428948237585,1.5506264920234012,True,0.8295,0.049999999999999996,1.5506264920234012,0.049999999999999996,1.0,0.05,0.01,2000
199,0.3605560729798895,1.1288935908395026,1.185074436987477,True,0.843,0.049999999999999996,1.185074436987477,0.049999999999999996,1.0,0.05,0.01,2000
200,-0.016619762681866542,0.5310676776675841,0.5313276717571207,True,0.8825,0.049999999999999996,0.5313276717571207,0.05,1.0,0.05,0.01,2000
201,0.12380063165161435,1.000997520307105,1.008624128235247,True,0.851,0.049999999999999996,1.008624128235247,0.05000000000000001,1.0,0.05,0.01,2000
202,-0.8259338377571954,-0.00378026689612998,0.8259424887788103,True,0.8605,0.049999999999999996,0.8259424887788103,0.05000000000000001,1.0,0.05,0.01,2000
203,1.5008466770658102,-0.33953304997735745,1.5387733556591143,True,0.83,0.05,1.5387733556591143,0.05,1.0,0.05,0.01,2000
204,-1.3783109837264194,-0.5277039678016888,1.4758769072976703,True,0.832,0.04999999999999999,1.4758769072976703,0.05,1.0,0.05,0.01,2000
205,-0.019161942263173817,-0.22390707984901742,0.22472552244418406,True,0.9255,0.049999999999999996,0.22472552244418406,0.049999999999999996,1.0,0.05,0.01,2000
206,-1.2617948475557959,0.3192567524516049,1.3015571871048537,True,0.838,0.049999999999999996,1.3015571871048537,0.05000000000000001,1.0,0.05,0.01,2000
207,0.7575263388233916,-0.5354611355206516,0.927666309436878,True,0.855,0.04999999999999999,0.927666309436878,0.05,1.0,0.05,0.01,2000
208,0.8892731067156342,0.6899450181707821,1.1255357774972579,True,0.8455,0.04999999999999999,1.1255357774972579,0.05,1.0,0.05,0.01,2000
209,0.5210924220626856,-1.4481039700594966,1.539006959189344,True,0.83,0.05,1.539006959189344,0.05,1.0,0.05,0.01,2000
210,1.1871017606379095,1.0531959374572522,1.5869569221582813,True,0.828,0.04999999999999999,1.5869569221582813,0.05,1.0,0.05,0.01,2000
211,0.6643195446944774,0.37701610107004313,0.7638465800991288,True,0.8645,0.04999999999999999,0.7638465800991288,0.05,1.0,0.05,0.01,2000
212,0.9065932369164941,-0.7581638379190517,1.1818306572224604,True,0.843,0.049999999999999996,1.1818306572224604,0.049999999999999996,1.0,0.05,0.01,2000
213,0.5132711860182217,-0.3179958482776018,0.6037952218412659,True,0.8765,0.049999999999999996,0.6037952218412659,0.05000000000000001,1.0,0.05,0.01,2000
214,1.0688349885762263,0.6443530776517256,1.2480381089870582,True,0.84,0.049999999999999996,1.2480381089870582,0.049999999999999996,1.0,0.05,0.01,2000
215,0.21656008882076302,-0.40573116253814306,0.45990873912615515,True,0.89,0.049999999999999996,0.45990873912615515,0.049999999999999996,1.0,0.05,0.01,2000
216,0.20714269556080367,-1.2126934807986414,1.2302575237305888,True,0.841,0.05,1.2302575237305888,0.05,1.0,0.05,0.01,2000
217,-0.27387518027107854,0.15604125451923123,0.3152086411893736,True,0.9085,0.05,0.3152086411893736,0.05,1.0,0.05,0.01,2000
218,0.1305033555297354,-0.5588128749788364,0.5738492441805889,True,0.879,0.049999999999999996,0.5738492441805889,0.049999999999999996,1.0,0.05,0.01,2000
219,0.5701067339865957,0.34004387345314746,0.6638158811070154,True,0.8715,0.04999999999999999,0.6638158811070154,0.049999999999999996,1.0,0.05,0.01,2000
220,-0.9347425157354762,-0.6954018369024408,1.1650438985251912,True,0.8435,0.049999999999999996,1.1650438985251912,0.049999999999999996,1.0,0.05,0.01,2000
221,-0.07103116503442289,0.5026807954265734,0.5076745103871574,True,0.885,0.04999999999999999,0.5076745103871574,0.05,1.0,0.05,0.01,2000
222,-0.31803992717761487,-0.5634646611513312,0.6470253624437972,True,0.873,0.049999999999999996,0.6470253624437972,0.049999999999999996,1.0,0.05,0.01,2000
223,-0.7313301938004199,-1.108007624306474,1.3276011252953337,True,0.837,0.05,1.3276011252953337,0.05,1.0,0.05,0.01,2000
224,-0.6464693732573815,-0.08674295995603608,0.6522629773808462,True,0.8725,0.049999999999999996,0.6522629773808462,0.049999999999999996,1.0,0.05,0.01,2000
225,0.19989851389546578,-1.4071117783073575,1.421239941920051,True,0.8335,0.05,1.421239941920051,0.05,1.0,0.05,0.01,2000
226,0.8883080189407337,1.3184487055846623,1.5897792695126838,True,0.828,0.05,1.5897792695126838,0.05,1.0,0.05,0.01,2000
227,0.14786698862243622,1.7251041795290052,1.7314297781177006,True,0.824,0.049999999999999996,1.7314297781177006,0.05000000000000001,1.0,0.05,0.01,2000
228,-1.2647839607309712,-0.7017544971798334,1.4464224284884564,True,0.833,0.04999999999999999,1.4464224284884564,0.05,1.0,0.05,0.01,2000
229,-1.1963499728289009,-0.19284876027865572,1.2117936713107254,True,0.8415,0.04999999999999999,1.2117936713107254,0.05,1.0,0.05,0.01,2000
230,0.23586216983107797,-1.7482685628080024,1.764107120007224,True,0.823,0.05,1.764107120007224,0.05,1.0,0.05,0.01,2000
231,1.4716135841809148,0.37392915402851906,1.518377276363909,True,0.8305,0.049999999999999996,1.518377276363909,0.05,1.0,0.05,0.01,2000
232,-0.9174166406866858,-0.257619775995352,0.9529014857752814,True,0.8535,0.05,0.9529014857752814,0.05,1.0,0.05,0.01,2000
233,1.3091435108616554,-0.19704743235596223,1.323889883120669,True,0.8375,0.049999999999999996,1.323889883120669,0.05000000000000002,1.0,0.05,0.01,2000
234,-1.7714196411594558,-0.17139462581466755,1.779692013479761,True,0.8225,0.05,1.779692013479761,0.05,1.0,0.05,0.01,2000
235,-1.3145662424914841,1.4493537299225743,1.9567091353439983,True,0.818,0.049999999999999996,1.9567091353439983,0.049999999999999996,1.0,0.05,0.01,2000
236,-0.40267227325435057,0.6358050985451806,0.7525909134342995,True,0.8655,0.05,0.7525909134342995,0.05,1.0,0.05,0.01,2000
237,0.6484519777495903,-0.27987916474886,0.7062735407105909,True,0.8685,0.05,0.7062735407105909,0.05,1.0,0.05,0.01,2000
238,-1.3911530853884964,0.9031095354147697,1.6585878752550358,True,0.826,0.04999999999999999,1.6585878752550358,0.049999999999999996,1.0,0.05,0.01,2000
239,-0.24839525839885682,-0.1812484897653393,0.307491820114375,True,0.91,0.04999999999999999,0.307491820114375,0.05,1.0,0.05,0.01,2000
240,-0.9222856994460281,1.0814882774350993,1.421347179837561,True,0.8335,0.049999999999999996,1.421347179837561,0.049999999999999996,1.0,0.05,0.01,2000
241,0.39159311908106037,-0.3032358184150204,0.49527480501380317,True,0.886,0.05,0.49527480501380317,0.05,1.0,0.05,0.01,2000
242,-0.14655368085235182,-1.6848862689640807,1.691247977298147,True,0.825,0.04999999999999999,1.691247977298147,0.04999999999999999,1.0,0.05,0.01,2000
243,-0.5544721970098635,-0.2556143764779367,0.6105555885577899,True,0.876,0.049999999999999996,0.6105555885577899,0.049999999999999996,1.0,0.05,0.01,2000
244,0.14789340660796574,-0.9230577138885554,0.93483046745775,True,0.8545,0.05,0.93483046745775,0.05,1.0,0.05,0.01,2000
245,0.1704011238319429,1.1880420532200318,1.2002001763132923,True,0.842,0.049999999999999996,1.2002001763132923,0.05,1.0,0.05,0.01,2000
246,-0.14809774791266284,-0.744847378924222,0.7594277851297555,True,0.865,0.049999999999999996,0.7594277851297555,0.049999999999999996,1.0,0.05,0.01,2000
247,-0.4130142602348643,-1.3287528396594002,1.3914614216931318,True,0.835,0.05,1.3914614216931318,0.05,1.0,0.05,0.01,2000
248,-0.5674365725709105,-1.5804669122196697,1.6792438549871784,True,0.8255,0.05,1.6792438549871784,0.05,1.0,0.05,0.01,2000
249,-1.0634773478568176,-0.7457899353186789,1.2989175097084533,True,0.838,0.049999999999999996,1.2989175097084533,0.05,1.0,0.05,0.01,2000
250,1.1910834305078064,-0.6856688777194442,1.37434404291767,True,0.8355,0.049999999999999996,1.37434404291767,0.049999999999999996,1.0,0.05,0.01,2000
251,0.6089821325363789,-0.3831231794012036,0.7194738413195038,True,0.8675,0.049999999999999996,0.7194738413195038,0.049999999999999996,1.0,0.05,0.01,2000
252,1.675591831166886,-0.6916102732668886,1.81271419555359,True,0.8215,0.049999999999999996,1.81271419555359,0.05,1.0,0.05,0.01,2000
253,-0.25699089888140775,-0.18089190146025103,0.31427090562407956,True,0.909,0.049999999999999996,0.31427090562407956,0.049999999999999996,1.0,0.05,0.01,2000
254,0.4067964354368094,-1.4628003314601783,1.5183109528697019,True,0.8305,0.04999999999999999,1.5183109528697019,0.05,1.0,0.05,0.01,2000
255,-0.18785244394189582,0.9639729210992489,0.9821060702936124,True,0.852,0.049999999999999996,0.9821060702936124,0.05,1.0,0.05,0.01,2000
